,グラフ,順位,チーム,勝点,試合,勝,分,敗,得点,失点,得失点差,直近試合の勝敗,Unnamed: 12,Unnamed: 13,year,カテゴリ,節,stage,年間勝点順位,総勝点,Unnamed: 14,Unnamed: 15
0,グラフ,1,浦和レッズ,3,1,1,0,0,3,1,2,,,111.0,2015,J1,1,１ｓｔ,,,,
1,グラフ,1,川崎フロンターレ,3,1,1,0,0,3,1,2,,,142.0,2015,J1,1,１ｓｔ,,,,
2,グラフ,1,清水エスパルス,3,1,1,0,0,3,1,2,,,221.0,2015,J1,1,１ｓｔ,,,,
3,グラフ,4,ベガルタ仙台,3,1,1,0,0,2,0,2,,,41.0,2015,J1,1,１ｓｔ,,,,
4,グラフ,4,サンフレッチェ広島,3,1,1,0,0,2,0,2,,,341.0,2015,J1,1,１ｓｔ,,,,
5,グラフ,6,サガン鳥栖,3,1,1,0,0,2,1,1,,,412.0,2015,J1,1,１ｓｔ,,,,
6,グラフ,7,柏レイソル,3,1,1,0,0,1,0,1,,,122.0,2015,J1,1,１ｓｔ,,,,
7,グラフ,8,松本山雅ＦＣ,1,1,0,1,0,3,3,0,,,160.0,2015,J1,1,１ｓｔ,,,,
8,グラフ,8,名古屋グランパス,1,1,0,1,0,3,3,0,,,231.0,2015,J1,1,１ｓｔ,,,,
9,グラフ,10,ＦＣ東京,1,1,0,1,0,2,2,0,,,130.0,2015,J1,1,１ｓｔ,,,,
10,グラフ,10,ガンバ大阪,1,1,0,1,0,2,2,0,,,271.0,2015,J1,1,１ｓｔ,,,,
11,グラフ,12,アルビレックス新潟,0,1,0,0,1,1,2,-1,,,191.0,2015,J1,1,１ｓｔ,,,,
12,グラフ,13,ヴィッセル神戸,0,1,0,0,1,0,1,-1,,,281.0,2015,J1,1,１ｓｔ,,,,
13,グラフ,14,鹿島アントラーズ,0,1,0,0,1,1,3,-2,,,80.0,2015,J1,1,１ｓｔ,,,,
14,グラフ,14,横浜Ｆ・マリノス,0,1,0,0,1,1,3,-2,,,143.0,2015,J1,1,１ｓｔ,,,,
15,グラフ,14,湘南ベルマーレ,0,1,0,0,1,1,3,-2,,,147.0,2015,J1,1,１ｓｔ,,,,
16,グラフ,17,モンテディオ山形,0,1,0,0,1,0,2,-2,,,60.0,2015,J1,1,１ｓｔ,,,,
17,グラフ,17,ヴァンフォーレ甲府,0,1,0,0,1,0,2,-2,,,151.0,2015,J1,1,１ｓｔ,,,,
0,グラフ,1,ヴィッセル神戸,3,1,1,0,0,5,0,5,,,,2015,J1,1,2ｓｔ,11.0,22.0,,281.0
1,グラフ,2,川崎フロンターレ,3,1,1,0,0,2,0,2,,,,2015,J1,1,2ｓｔ,5.0,33.0,,142.0
2,グラフ,3,サンフレッチェ広島,3,1,1,0,0,4,3,1,,,,2015,J1,1,2ｓｔ,2.0,37.0,,341.0
3,グラフ,4,鹿島アントラーズ,3,1,1,0,0,3,2,1,,,,2015,J1,1,2ｓｔ,7.0,25.0,,80.0
4,グラフ,4,サガン鳥栖,3,1,1,0,0,3,2,1,,,,2015,J1,1,2ｓｔ,10.0,23.0,,412.0
5,グラフ,6,浦和レッズ,3,1,1,0,0,2,1,1,,,,2015,J1,1,2ｓｔ,1.0,44.0,,111.0
6,グラフ,6,湘南ベルマーレ,3,1,1,0,0,2,1,1,,,,2015,J1,1,2ｓｔ,8.0,25.0,,147.0
7,グラフ,6,ガンバ大阪,3,1,1,0,0,2,1,1,,,,2015,J1,1,2ｓｔ,3.0,35.0,,271.0
8,グラフ,9,モンテディオ山形,1,1,0,1,0,1,1,0,,,,2015,J1,1,2ｓｔ,16.0,15.0,,60.0
9,グラフ,9,横浜Ｆ・マリノス,1,1,0,1,0,1,1,0,,,,2015,J1,1,2ｓｔ,6.0,27.0,,143.0
10,グラフ,11,ベガルタ仙台,0,1,0,0,1,3,4,-1,,,,2015,J1,1,2ｓｔ,9.0,23.0,,41.0
11,グラフ,12,柏レイソル,0,1,0,0,1,2,3,-1,,,,2015,J1,1,2ｓｔ,14.0,18.0,,122.0
12,グラフ,12,アルビレックス新潟,0,1,0,0,1,2,3,-1,,,,2015,J1,1,2ｓｔ,17.0,14.0,,191.0
13,グラフ,14,ヴァンフォーレ甲府,0,1,0,0,1,1,2,-1,,,,2015,J1,1,2ｓｔ,13.0,20.0,,151.0
14,グラフ,14,松本山雅ＦＣ,0,1,0,0,1,1,2,-1,,,,2015,J1,1,2ｓｔ,15.0,15.0,,160.0
15,グラフ,14,名古屋グランパス,0,1,0,0,1,1,2,-1,,,,2015,J1,1,2ｓｔ,12.0,22.0,,231.0
16,グラフ,17,ＦＣ東京,0,1,0,0,1,0,2,-2,,,,2015,J1,1,2ｓｔ,4.0,35.0,,130.0
17,グラフ,18,清水エスパルス,0,1,0,0,1,0,5,-5,,,,2015,J1,1,2ｓｔ,18.0,13.0,,221.0
0,グラフ,1,浦和レッズ,6,2,2,0,0,4,1,3,,,111.0,2015,J1,2,１ｓｔ,,,,
1,グラフ,1,サンフレッチェ広島,6,2,2,0,0,4,1,3,,,341.0,2015,J1,2,１ｓｔ,,,,
2,グラフ,3,サガン鳥栖,6,2,2,0,0,3,1,2,,,412.0,2015,J1,2,１ｓｔ,,,,
3,グラフ,4,川崎フロンターレ,4,2,1,1,0,5,3,2,,,142.0,2015,J1,2,１ｓｔ,,,,
4,グラフ,5,ベガルタ仙台,4,2,1,1,0,3,1,2,,,41.0,2015,J1,2,１ｓｔ,,,,
5,グラフ,5,清水エスパルス,4,2,1,1,0,3,1,2,,,221.0,2015,J1,2,１ｓｔ,,,,
6,グラフ,7,柏レイソル,4,2,1,1,0,2,1,1,,,122.0,2015,J1,2,１ｓｔ,,,,
7,グラフ,8,湘南ベルマーレ,3,2,1,0,1,3,4,-1,,,147.0,2015,J1,2,１ｓｔ,,,,
8,グラフ,9,ヴァンフォーレ甲府,3,2,1,0,1,1,2,-1,,,151.0,2015,J1,2,１ｓｔ,,,,
9,グラフ,10,ＦＣ東京,2,2,0,2,0,2,2,0,,,130.0,2015,J1,2,１ｓｔ,,,,
10,グラフ,11,松本山雅ＦＣ,1,2,0,1,1,4,5,-1,,,160.0,2015,J1,2,１ｓｔ,,,,
11,グラフ,12,名古屋グランパス,1,2,0,1,1,3,4,-1,,,231.0,2015,J1,2,１ｓｔ,,,,
12,グラフ,13,ガンバ大阪,1,2,0,1,1,2,3,-1,,,271.0,2015,J1,2,１ｓｔ,,,,
13,グラフ,13,ヴィッセル神戸,1,2,0,1,1,2,3,-1,,,281.0,2015,J1,2,１ｓｔ,,,,
14,グラフ,15,アルビレックス新潟,1,2,0,1,1,1,2,-1,,,191.0,2015,J1,2,１ｓｔ,,,,
15,グラフ,16,横浜Ｆ・マリノス,1,2,0,1,1,1,3,-2,,,143.0,2015,J1,2,１ｓｔ,,,,
16,グラフ,17,鹿島アントラーズ,0,2,0,0,2,2,5,-3,,,80.0,2015,J1,2,１ｓｔ,,,,
17,グラフ,18,モンテディオ山形,0,2,0,0,2,0,3,-3,,,60.0,2015,J1,2,１ｓｔ,,,,
0,グラフ,1,サンフレッチェ広島,6,2,2,0,0,10,3,7,,,,2015,J1,2,2ｓｔ,2.0,40.0,,341.0
1,グラフ,2,ヴィッセル神戸,4,2,1,1,0,6,1,5,,,,2015,J1,2,2ｓｔ,12.0,23.0,,281.0
2,グラフ,3,川崎フロンターレ,4,2,1,1,0,3,1,2,,,,2015,J1,2,2ｓｔ,5.0,34.0,,142.0
3,グラフ,4,サガン鳥栖,4,2,1,1,0,4,3,1,,,,2015,J1,2,2ｓｔ,11.0,24.0,,412.0
4,グラフ,5,鹿島アントラーズ,4,2,1,1,0,3,2,1,,,,2015,J1,2,2ｓｔ,7.0,26.0,,80.0
5,グラフ,5,湘南ベルマーレ,4,2,1,1,0,3,2,1,,,,2015,J1,2,2ｓｔ,8.0,26.0,,147.0
6,グラフ,7,浦和レッズ,4,2,1,1,0,2,1,1,,,,2015,J1,2,2ｓｔ,1.0,45.0,,111.0
7,グラフ,8,名古屋グランパス,3,2,1,0,1,4,4,0,,,,2015,J1,2,2ｓｔ,9.0,25.0,,231.0
8,グラフ,8,ガンバ大阪,3,2,1,0,1,4,4,0,,,,2015,J1,2,2ｓｔ,4.0,35.0,,271.0
9,グラフ,10,柏レイソル,3,2,1,0,1,3,3,0,,,,2015,J1,2,2ｓｔ,13.0,21.0,,122.0
10,グラフ,10,ＦＣ東京,3,2,1,0,1,3,3,0,,,,2015,J1,2,2ｓｔ,3.0,38.0,,130.0
11,グラフ,12,モンテディオ山形,2,2,0,2,0,1,1,0,,,,2015,J1,2,2ｓｔ,15.0,16.0,,60.0
12,グラフ,13,ベガルタ仙台,1,2,0,1,1,3,4,-1,,,,2015,J1,2,2ｓｔ,10.0,24.0,,41.0
13,グラフ,14,横浜Ｆ・マリノス,1,2,0,1,1,1,2,-1,,,,2015,J1,2,2ｓｔ,6.0,27.0,,143.0
14,グラフ,14,ヴァンフォーレ甲府,1,2,0,1,1,1,2,-1,,,,2015,J1,2,2ｓｔ,14.0,21.0,,151.0
15,グラフ,16,清水エスパルス,1,2,0,1,1,0,5,-5,,,,2015,J1,2,2ｓｔ,17.0,14.0,,221.0
16,グラフ,17,アルビレックス新潟,0,2,0,0,2,3,6,-3,,,,2015,J1,2,2ｓｔ,18.0,14.0,,191.0
17,グラフ,18,松本山雅ＦＣ,0,2,0,0,2,1,8,-7,,,,2015,J1,2,2ｓｔ,16.0,15.0,,160.0
0,グラフ,1,浦和レッズ,7,3,2,1,0,4,1,3,,,111.0,2015,J1,3,１ｓｔ,,,,
1,グラフ,1,サンフレッチェ広島,7,3,2,1,0,4,1,3,,,341.0,2015,J1,3,１ｓｔ,,,,
2,グラフ,3,サガン鳥栖,6,3,2,0,1,3,2,1,,,412.0,2015,J1,3,１ｓｔ,,,,
3,グラフ,4,ＦＣ東京,5,3,1,2,0,4,2,2,,,130.0,2015,J1,3,１ｓｔ,,,,
4,グラフ,5,ベガルタ仙台,5,3,1,2,0,3,1,2,,,41.0,2015,J1,3,１ｓｔ,,,,
5,グラフ,6,川崎フロンターレ,4,3,1,1,1,5,4,1,,,142.0,2015,J1,3,１ｓｔ,,,,
6,グラフ,7,ガンバ大阪,4,3,1,1,1,4,3,1,,,271.0,2015,J1,3,１ｓｔ,,,,
7,グラフ,8,清水エスパルス,4,3,1,1,1,3,2,1,,,221.0,2015,J1,3,１ｓｔ,,,,
8,グラフ,9,松本山雅ＦＣ,4,3,1,1,1,5,5,0,,,160.0,2015,J1,3,１ｓｔ,,,,
9,グラフ,10,柏レイソル,4,3,1,1,1,4,4,0,,,122.0,2015,J1,3,１ｓｔ,,,,
10,グラフ,10,アルビレックス新潟,4,3,1,1,1,4,4,0,,,191.0,2015,J1,3,１ｓｔ,,,,
11,グラフ,12,湘南ベルマーレ,4,3,1,1,1,3,4,-1,,,147.0,2015,J1,3,１ｓｔ,,,,
12,グラフ,13,横浜Ｆ・マリノス,4,3,1,1,1,2,3,-1,,,143.0,2015,J1,3,１ｓｔ,,,,
13,グラフ,14,モンテディオ山形,3,3,1,0,2,1,3,-2,,,60.0,2015,J1,3,１ｓｔ,,,,
14,グラフ,15,ヴァンフォーレ甲府,3,3,1,0,2,1,4,-3,,,151.0,2015,J1,3,１ｓｔ,,,,
15,グラフ,16,名古屋グランパス,2,3,0,2,1,4,5,-1,,,231.0,2015,J1,3,１ｓｔ,,,,
16,グラフ,17,鹿島アントラーズ,1,3,0,1,2,3,6,-3,,,80.0,2015,J1,3,１ｓｔ,,,,
17,グラフ,18,ヴィッセル神戸,1,3,0,1,2,2,5,-3,,,281.0,2015,J1,3,１ｓｔ,,,,
0,グラフ,1,サンフレッチェ広島,9,3,3,0,0,12,4,8,,,,2015,J1,3,2ｓｔ,2.0,43.0,,341.0
1,グラフ,2,ヴィッセル神戸,7,3,2,1,0,8,2,6,,,,2015,J1,3,2ｓｔ,7.0,26.0,,281.0
2,グラフ,3,柏レイソル,6,3,2,0,1,4,3,1,,,,2015,J1,3,2ｓｔ,12.0,24.0,,122.0
3,グラフ,4,川崎フロンターレ,4,3,1,1,1,3,2,1,,,,2015,J1,3,2ｓｔ,5.0,34.0,,142.0
4,グラフ,4,ヴァンフォーレ甲府,4,3,1,1,1,3,2,1,,,,2015,J1,3,2ｓｔ,13.0,24.0,,151.0
5,グラフ,6,名古屋グランパス,4,3,1,1,1,6,6,0,,,,2015,J1,3,2ｓｔ,9.0,26.0,,231.0
6,グラフ,6,ガンバ大阪,4,3,1,1,1,6,6,0,,,,2015,J1,3,2ｓｔ,4.0,36.0,,271.0
7,グラフ,8,サガン鳥栖,4,3,1,1,1,4,4,0,,,,2015,J1,3,2ｓｔ,14.0,24.0,,412.0
8,グラフ,9,浦和レッズ,4,3,1,1,1,3,3,0,,,,2015,J1,3,2ｓｔ,1.0,45.0,,111.0
9,グラフ,9,ＦＣ東京,4,3,1,1,1,3,3,0,,,,2015,J1,3,2ｓｔ,3.0,39.0,,130.0
10,グラフ,11,鹿島アントラーズ,4,3,1,1,1,3,4,-1,,,,2015,J1,3,2ｓｔ,8.0,26.0,,80.0
11,グラフ,11,湘南ベルマーレ,4,3,1,1,1,3,4,-1,,,,2015,J1,3,2ｓｔ,10.0,26.0,,147.0
12,グラフ,13,モンテディオ山形,3,3,0,3,0,1,1,0,,,,2015,J1,3,2ｓｔ,16.0,17.0,,60.0
13,グラフ,14,アルビレックス新潟,3,3,1,0,2,4,6,-2,,,,2015,J1,3,2ｓｔ,17.0,17.0,,191.0
14,グラフ,15,松本山雅ＦＣ,3,3,1,0,2,3,8,-5,,,,2015,J1,3,2ｓｔ,15.0,18.0,,160.0
15,グラフ,16,横浜Ｆ・マリノス,2,3,0,2,1,3,4,-1,,,,2015,J1,3,2ｓｔ,6.0,28.0,,143.0
16,グラフ,17,清水エスパルス,2,3,0,2,1,2,7,-5,,,,2015,J1,3,2ｓｔ,18.0,15.0,,221.0
17,グラフ,18,ベガルタ仙台,1,3,0,1,2,4,6,-2,,,,2015,J1,3,2ｓｔ,11.0,24.0,,41.0
0,グラフ,1,浦和レッズ,10,4,3,1,0,5,1,4,,,111.0,2015,J1,4,１ｓｔ,,,,
1,グラフ,2,ベガルタ仙台,8,4,2,2,0,5,2,3,,,41.0,2015,J1,4,１ｓｔ,,,,
2,グラフ,2,ＦＣ東京,8,4,2,2,0,5,2,3,,,130.0,2015,J1,4,１ｓｔ,,,,
3,グラフ,4,川崎フロンターレ,7,4,2,1,1,9,5,4,,,142.0,2015,J1,4,１ｓｔ,,,,
4,グラフ,5,ガンバ大阪,7,4,2,1,1,7,4,3,,,271.0,2015,J1,4,１ｓｔ,,,,
5,グラフ,6,サンフレッチェ広島,7,4,2,1,1,4,2,2,,,341.0,2015,J1,4,１ｓｔ,,,,
6,グラフ,7,湘南ベルマーレ,7,4,2,1,1,5,5,0,,,147.0,2015,J1,4,１ｓｔ,,,,
7,グラフ,8,横浜Ｆ・マリノス,7,4,2,1,1,4,4,0,,,143.0,2015,J1,4,１ｓｔ,,,,
8,グラフ,9,サガン鳥栖,6,4,2,0,2,4,5,-1,,,412.0,2015,J1,4,１ｓｔ,,,,
9,グラフ,10,清水エスパルス,4,4,1,1,2,4,4,0,,,221.0,2015,J1,4,１ｓｔ,,,,
10,グラフ,11,鹿島アントラーズ,4,4,1,1,2,6,7,-1,,,80.0,2015,J1,4,１ｓｔ,,,,
11,グラフ,12,柏レイソル,4,4,1,1,2,5,6,-1,,,122.0,2015,J1,4,１ｓｔ,,,,
12,グラフ,12,松本山雅ＦＣ,4,4,1,1,2,5,6,-1,,,160.0,2015,J1,4,１ｓｔ,,,,
13,グラフ,14,ヴィッセル神戸,4,4,1,1,2,3,5,-2,,,281.0,2015,J1,4,１ｓｔ,,,,
14,グラフ,15,アルビレックス新潟,4,4,1,1,2,5,8,-3,,,191.0,2015,J1,4,１ｓｔ,,,,
15,グラフ,16,モンテディオ山形,3,4,1,0,3,2,5,-3,,,60.0,2015,J1,4,１ｓｔ,,,,
16,グラフ,17,ヴァンフォーレ甲府,3,4,1,0,3,1,5,-4,,,151.0,2015,J1,4,１ｓｔ,,,,
17,グラフ,18,名古屋グランパス,2,4,0,2,2,5,8,-3,,,231.0,2015,J1,4,１ｓｔ,,,,
0,グラフ,1,サンフレッチェ広島,12,4,4,0,0,14,4,10,,,,2015,J1,4,2ｓｔ,1.0,46.0,,341.0
1,グラフ,2,柏レイソル,9,4,3,0,1,5,3,2,,,,2015,J1,4,2ｓｔ,9.0,27.0,,122.0
2,グラフ,3,ガンバ大阪,8,5,2,2,1,9,8,1,,,,2015,J1,4,2ｓｔ,3.0,40.0,,271.0
3,グラフ,4,ヴィッセル神戸,7,4,2,1,1,9,4,5,,,,2015,J1,4,2ｓｔ,11.0,26.0,,281.0
4,グラフ,5,川崎フロンターレ,7,4,2,1,1,6,4,2,,,,2015,J1,4,2ｓｔ,5.0,37.0,,142.0
5,グラフ,6,名古屋グランパス,7,4,2,1,1,8,7,1,,,,2015,J1,4,2ｓｔ,7.0,29.0,,231.0
6,グラフ,7,鹿島アントラーズ,7,4,2,1,1,5,5,0,,,,2015,J1,4,2ｓｔ,6.0,29.0,,80.0
7,グラフ,8,アルビレックス新潟,6,4,2,0,2,7,7,0,,,,2015,J1,4,2ｓｔ,16.0,20.0,,191.0
8,グラフ,9,サガン鳥栖,6,5,1,3,1,6,6,0,,,,2015,J1,4,2ｓｔ,12.0,26.0,,412.0
9,グラフ,10,松本山雅ＦＣ,6,4,2,0,2,4,8,-4,,,,2015,J1,4,2ｓｔ,15.0,21.0,,160.0
10,グラフ,11,湘南ベルマーレ,5,4,1,2,1,4,5,-1,,,,2015,J1,4,2ｓｔ,10.0,27.0,,147.0
11,グラフ,12,ヴァンフォーレ甲府,4,4,1,1,2,3,3,0,,,,2015,J1,4,2ｓｔ,14.0,24.0,,151.0
12,グラフ,13,浦和レッズ,4,4,1,1,2,4,5,-1,,,,2015,J1,4,2ｓｔ,2.0,45.0,,111.0
13,グラフ,13,ＦＣ東京,4,4,1,1,2,4,5,-1,,,,2015,J1,4,2ｓｔ,4.0,39.0,,130.0
14,グラフ,15,モンテディオ山形,3,4,0,3,1,2,4,-2,,,,2015,J1,4,2ｓｔ,17.0,17.0,,60.0
15,グラフ,16,横浜Ｆ・マリノス,2,4,0,2,2,3,6,-3,,,,2015,J1,4,2ｓｔ,8.0,28.0,,143.0
16,グラフ,17,清水エスパルス,2,4,0,2,2,4,10,-6,,,,2015,J1,4,2ｓｔ,18.0,15.0,,221.0
17,グラフ,18,ベガルタ仙台,1,4,0,1,3,4,7,-3,,,,2015,J1,4,2ｓｔ,13.0,24.0,,41.0
0,グラフ,1,浦和レッズ,11,5,3,2,0,6,2,4,,,111.0,2015,J1,5,１ｓｔ,,,,
1,グラフ,1,ＦＣ東京,11,5,3,2,0,6,2,4,,,130.0,2015,J1,5,１ｓｔ,,,,
2,グラフ,3,ガンバ大阪,10,5,3,1,1,10,6,4,,,271.0,2015,J1,5,１ｓｔ,,,,
3,グラフ,4,ベガルタ仙台,9,5,2,3,0,6,3,3,,,41.0,2015,J1,5,１ｓｔ,,,,
4,グラフ,5,サガン鳥栖,9,5,3,0,2,5,5,0,,,412.0,2015,J1,5,１ｓｔ,,,,
5,グラフ,6,川崎フロンターレ,8,5,2,2,1,10,6,4,,,142.0,2015,J1,5,１ｓｔ,,,,
6,グラフ,7,横浜Ｆ・マリノス,8,5,2,2,1,5,5,0,,,143.0,2015,J1,5,１ｓｔ,,,,
7,グラフ,8,柏レイソル,7,5,2,1,2,8,7,1,,,122.0,2015,J1,5,１ｓｔ,,,,
8,グラフ,9,ヴィッセル神戸,7,5,2,1,2,7,6,1,,,281.0,2015,J1,5,１ｓｔ,,,,
9,グラフ,10,サンフレッチェ広島,7,5,2,1,2,4,4,0,,,341.0,2015,J1,5,１ｓｔ,,,,
10,グラフ,11,湘南ベルマーレ,7,5,2,1,2,5,6,-1,,,147.0,2015,J1,5,１ｓｔ,,,,
11,グラフ,12,鹿島アントラーズ,5,5,1,2,2,7,8,-1,,,80.0,2015,J1,5,１ｓｔ,,,,
12,グラフ,12,名古屋グランパス,5,5,1,2,2,7,8,-1,,,231.0,2015,J1,5,１ｓｔ,,,,
13,グラフ,14,アルビレックス新潟,5,5,1,2,2,6,9,-3,,,191.0,2015,J1,5,１ｓｔ,,,,
14,グラフ,15,清水エスパルス,4,5,1,1,3,6,7,-1,,,221.0,2015,J1,5,１ｓｔ,,,,
15,グラフ,16,松本山雅ＦＣ,4,5,1,1,3,6,9,-3,,,160.0,2015,J1,5,１ｓｔ,,,,
16,グラフ,17,モンテディオ山形,3,5,1,0,4,2,6,-4,,,60.0,2015,J1,5,１ｓｔ,,,,
17,グラフ,18,ヴァンフォーレ甲府,3,5,1,0,4,2,9,-7,,,151.0,2015,J1,5,１ｓｔ,,,,
0,グラフ,1,サンフレッチェ広島,15,5,5,0,0,18,4,14,,,,2015,J1,5,2ｓｔ,1.0,49.0,,341.0
1,グラフ,2,名古屋グランパス,10,5,3,1,1,11,7,4,,,,2015,J1,5,2ｓｔ,7.0,32.0,,231.0
2,グラフ,3,川崎フロンターレ,10,5,3,1,1,9,5,4,,,,2015,J1,5,2ｓｔ,5.0,40.0,,142.0
3,グラフ,4,鹿島アントラーズ,10,5,3,1,1,8,5,3,,,,2015,J1,5,2ｓｔ,6.0,32.0,,80.0
4,グラフ,5,ガンバ大阪,9,6,2,3,1,11,10,1,,,,2015,J1,5,2ｓｔ,4.0,41.0,,271.0
5,グラフ,6,柏レイソル,9,5,3,0,2,5,6,-1,,,,2015,J1,5,2ｓｔ,10.0,27.0,,122.0
6,グラフ,7,湘南ベルマーレ,8,5,2,2,1,7,5,2,,,,2015,J1,5,2ｓｔ,8.0,30.0,,147.0
7,グラフ,8,ヴィッセル神戸,7,5,2,1,2,9,8,1,,,,2015,J1,5,2ｓｔ,11.0,26.0,,281.0
8,グラフ,9,ＦＣ東京,7,5,2,1,2,7,6,1,,,,2015,J1,5,2ｓｔ,3.0,42.0,,130.0
9,グラフ,10,アルビレックス新潟,7,5,2,1,2,9,9,0,,,,2015,J1,5,2ｓｔ,15.0,21.0,,191.0
10,グラフ,11,サガン鳥栖,6,6,1,3,2,6,9,-3,,,,2015,J1,5,2ｓｔ,12.0,26.0,,412.0
11,グラフ,12,松本山雅ＦＣ,6,5,2,0,3,5,11,-6,,,,2015,J1,5,2ｓｔ,16.0,21.0,,160.0
12,グラフ,13,ヴァンフォーレ甲府,5,5,1,2,2,4,4,0,,,,2015,J1,5,2ｓｔ,13.0,25.0,,151.0
13,グラフ,14,浦和レッズ,5,5,1,2,2,5,6,-1,,,,2015,J1,5,2ｓｔ,2.0,46.0,,111.0
14,グラフ,15,清水エスパルス,5,5,1,2,2,6,11,-5,,,,2015,J1,5,2ｓｔ,17.0,18.0,,221.0
15,グラフ,16,モンテディオ山形,3,5,0,3,2,2,7,-5,,,,2015,J1,5,2ｓｔ,18.0,17.0,,60.0
16,グラフ,17,横浜Ｆ・マリノス,2,5,0,2,3,4,8,-4,,,,2015,J1,5,2ｓｔ,9.0,28.0,,143.0
17,グラフ,18,ベガルタ仙台,1,5,0,1,4,5,10,-5,,,,2015,J1,5,2ｓｔ,14.0,24.0,,41.0
0,グラフ,1,浦和レッズ,14,6,4,2,0,8,3,5,,,111.0,2015,J1,6,１ｓｔ,,,,
1,グラフ,2,ガンバ大阪,13,6,4,1,1,12,6,6,,,271.0,2015,J1,6,１ｓｔ,,,,
2,グラフ,3,サガン鳥栖,12,6,4,0,2,8,5,3,,,412.0,2015,J1,6,１ｓｔ,,,,
3,グラフ,4,川崎フロンターレ,11,6,3,2,1,13,8,5,,,142.0,2015,J1,6,１ｓｔ,,,,
4,グラフ,5,ＦＣ東京,11,6,3,2,1,7,4,3,,,130.0,2015,J1,6,１ｓｔ,,,,
5,グラフ,6,サンフレッチェ広島,10,6,3,1,2,6,5,1,,,341.0,2015,J1,6,１ｓｔ,,,,
6,グラフ,7,ベガルタ仙台,9,6,2,3,1,8,6,2,,,41.0,2015,J1,6,１ｓｔ,,,,
7,グラフ,8,鹿島アントラーズ,8,6,2,2,2,10,9,1,,,80.0,2015,J1,6,１ｓｔ,,,,
8,グラフ,8,名古屋グランパス,8,6,2,2,2,10,9,1,,,231.0,2015,J1,6,１ｓｔ,,,,
9,グラフ,10,ヴィッセル神戸,8,6,2,2,2,9,8,1,,,281.0,2015,J1,6,１ｓｔ,,,,
10,グラフ,11,横浜Ｆ・マリノス,8,6,2,2,2,6,7,-1,,,143.0,2015,J1,6,１ｓｔ,,,,
11,グラフ,12,柏レイソル,7,6,2,1,3,9,10,-1,,,122.0,2015,J1,6,１ｓｔ,,,,
12,グラフ,13,湘南ベルマーレ,7,6,2,1,3,5,8,-3,,,147.0,2015,J1,6,１ｓｔ,,,,
13,グラフ,14,アルビレックス新潟,6,6,1,3,2,8,11,-3,,,191.0,2015,J1,6,１ｓｔ,,,,
14,グラフ,15,松本山雅ＦＣ,5,6,1,2,3,6,9,-3,,,160.0,2015,J1,6,１ｓｔ,,,,
15,グラフ,16,清水エスパルス,4,6,1,1,4,7,10,-3,,,221.0,2015,J1,6,１ｓｔ,,,,
16,グラフ,17,モンテディオ山形,4,6,1,1,4,2,6,-4,,,60.0,2015,J1,6,１ｓｔ,,,,
17,グラフ,18,ヴァンフォーレ甲府,3,6,1,0,5,2,12,-10,,,151.0,2015,J1,6,１ｓｔ,,,,
0,グラフ,1,サンフレッチェ広島,15,6,5,0,1,18,5,13,,,,2015,J1,6,2ｓｔ,1.0,49.0,,341.0
1,グラフ,2,鹿島アントラーズ,13,6,4,1,1,9,5,4,,,,2015,J1,6,2ｓｔ,6.0,35.0,,80.0
2,グラフ,3,柏レイソル,12,6,4,0,2,7,6,1,,,,2015,J1,6,2ｓｔ,10.0,30.0,,122.0
3,グラフ,4,川崎フロンターレ,11,6,3,2,1,9,5,4,,,,2015,J1,6,2ｓｔ,5.0,41.0,,142.0
4,グラフ,5,湘南ベルマーレ,11,6,3,2,1,9,6,3,,,,2015,J1,6,2ｓｔ,7.0,33.0,,147.0
5,グラフ,6,ＦＣ東京,10,6,3,1,2,8,6,2,,,,2015,J1,6,2ｓｔ,3.0,45.0,,130.0
6,グラフ,7,名古屋グランパス,10,6,3,1,2,11,10,1,,,,2015,J1,6,2ｓｔ,8.0,32.0,,231.0
7,グラフ,8,ガンバ大阪,9,6,2,3,1,11,10,1,,,,2015,J1,6,2ｓｔ,4.0,41.0,,271.0
8,グラフ,9,浦和レッズ,8,6,2,2,2,7,7,0,,,,2015,J1,6,2ｓｔ,2.0,49.0,,111.0
9,グラフ,10,アルビレックス新潟,7,6,2,1,3,10,11,-1,,,,2015,J1,6,2ｓｔ,15.0,21.0,,191.0
10,グラフ,11,ヴィッセル神戸,7,6,2,1,3,9,10,-1,,,,2015,J1,6,2ｓｔ,12.0,26.0,,281.0
11,グラフ,12,サガン鳥栖,6,6,1,3,2,6,9,-3,,,,2015,J1,6,2ｓｔ,13.0,26.0,,412.0
12,グラフ,13,松本山雅ＦＣ,6,6,2,0,4,6,14,-8,,,,2015,J1,6,2ｓｔ,16.0,21.0,,160.0
13,グラフ,14,横浜Ｆ・マリノス,5,6,1,2,3,7,8,-1,,,,2015,J1,6,2ｓｔ,9.0,31.0,,143.0
14,グラフ,15,ヴァンフォーレ甲府,5,6,1,2,3,4,5,-1,,,,2015,J1,6,2ｓｔ,14.0,25.0,,151.0
15,グラフ,16,清水エスパルス,5,6,1,2,3,7,13,-6,,,,2015,J1,6,2ｓｔ,18.0,18.0,,221.0
16,グラフ,17,ベガルタ仙台,4,6,1,1,4,8,11,-3,,,,2015,J1,6,2ｓｔ,11.0,27.0,,41.0
17,グラフ,18,モンテディオ山形,4,6,0,4,2,2,7,-5,,,,2015,J1,6,2ｓｔ,17.0,18.0,,60.0
0,グラフ,1,浦和レッズ,17,7,5,2,0,10,4,6,,,111.0,2015,J1,7,１ｓｔ,,,,
1,グラフ,2,ガンバ大阪,16,7,5,1,1,14,7,7,,,271.0,2015,J1,7,１ｓｔ,,,,
2,グラフ,3,川崎フロンターレ,14,7,4,2,1,16,8,8,,,142.0,2015,J1,7,１ｓｔ,,,,
3,グラフ,4,ＦＣ東京,14,7,4,2,1,8,4,4,,,130.0,2015,J1,7,１ｓｔ,,,,
4,グラフ,5,サガン鳥栖,13,7,4,1,2,9,6,3,,,412.0,2015,J1,7,１ｓｔ,,,,
5,グラフ,6,サンフレッチェ広島,13,7,4,1,2,8,5,3,,,341.0,2015,J1,7,１ｓｔ,,,,
6,グラフ,7,ヴィッセル神戸,11,7,3,2,2,11,9,2,,,281.0,2015,J1,7,１ｓｔ,,,,
7,グラフ,8,横浜Ｆ・マリノス,11,7,3,2,2,9,7,2,,,143.0,2015,J1,7,１ｓｔ,,,,
8,グラフ,9,ベガルタ仙台,9,7,2,3,2,8,7,1,,,41.0,2015,J1,7,１ｓｔ,,,,
9,グラフ,10,鹿島アントラーズ,8,7,2,2,3,11,11,0,,,80.0,2015,J1,7,１ｓｔ,,,,
10,グラフ,10,名古屋グランパス,8,7,2,2,3,11,11,0,,,231.0,2015,J1,7,１ｓｔ,,,,
11,グラフ,12,柏レイソル,8,7,2,2,3,10,11,-1,,,122.0,2015,J1,7,１ｓｔ,,,,
12,グラフ,13,松本山雅ＦＣ,8,7,2,2,3,7,9,-2,,,160.0,2015,J1,7,１ｓｔ,,,,
13,グラフ,14,湘南ベルマーレ,7,7,2,1,4,5,11,-6,,,147.0,2015,J1,7,１ｓｔ,,,,
14,グラフ,15,アルビレックス新潟,6,7,1,3,3,9,13,-4,,,191.0,2015,J1,7,１ｓｔ,,,,
15,グラフ,16,清水エスパルス,4,7,1,1,5,7,12,-5,,,221.0,2015,J1,7,１ｓｔ,,,,
16,グラフ,17,モンテディオ山形,4,7,1,1,5,2,7,-5,,,60.0,2015,J1,7,１ｓｔ,,,,
17,グラフ,18,ヴァンフォーレ甲府,3,7,1,0,6,2,15,-13,,,151.0,2015,J1,7,１ｓｔ,,,,
0,グラフ,1,鹿島アントラーズ,16,7,5,1,1,12,7,5,,,,2015,J1,7,2ｓｔ,6.0,38.0,,80.0
1,グラフ,2,サンフレッチェ広島,15,7,5,0,2,18,8,10,,,,2015,J1,7,2ｓｔ,2.0,49.0,,341.0
2,グラフ,3,柏レイソル,15,7,5,0,2,10,6,4,,,,2015,J1,7,2ｓｔ,9.0,33.0,,122.0
3,グラフ,4,ＦＣ東京,13,7,4,1,2,10,7,3,,,,2015,J1,7,2ｓｔ,3.0,48.0,,130.0
4,グラフ,5,名古屋グランパス,13,7,4,1,2,12,10,2,,,,2015,J1,7,2ｓｔ,7.0,35.0,,231.0
5,グラフ,6,川崎フロンターレ,11,7,3,2,2,9,7,2,,,,2015,J1,7,2ｓｔ,5.0,41.0,,142.0
6,グラフ,6,湘南ベルマーレ,11,7,3,2,2,9,7,2,,,,2015,J1,7,2ｓｔ,10.0,33.0,,147.0
7,グラフ,8,浦和レッズ,11,7,3,2,2,8,7,1,,,,2015,J1,7,2ｓｔ,1.0,52.0,,111.0
8,グラフ,9,ヴィッセル神戸,10,7,3,1,3,11,10,1,,,,2015,J1,7,2ｓｔ,11.0,29.0,,281.0
9,グラフ,10,ガンバ大阪,9,7,2,3,2,12,12,0,,,,2015,J1,7,2ｓｔ,4.0,41.0,,271.0
10,グラフ,11,サガン鳥栖,9,7,2,3,2,9,10,-1,,,,2015,J1,7,2ｓｔ,12.0,29.0,,412.0
11,グラフ,12,横浜Ｆ・マリノス,8,7,2,2,3,9,8,1,,,,2015,J1,7,2ｓｔ,8.0,34.0,,143.0
12,グラフ,13,アルビレックス新潟,8,7,2,2,3,11,12,-1,,,,2015,J1,7,2ｓｔ,15.0,22.0,,191.0
13,グラフ,14,清水エスパルス,6,7,1,3,3,8,14,-6,,,,2015,J1,7,2ｓｔ,17.0,19.0,,221.0
14,グラフ,15,松本山雅ＦＣ,6,7,2,0,5,6,15,-9,,,,2015,J1,7,2ｓｔ,16.0,21.0,,160.0
15,グラフ,16,ヴァンフォーレ甲府,5,7,1,2,4,4,7,-3,,,,2015,J1,7,2ｓｔ,14.0,25.0,,151.0
16,グラフ,17,ベガルタ仙台,4,7,1,1,5,10,14,-4,,,,2015,J1,7,2ｓｔ,13.0,27.0,,41.0
17,グラフ,18,モンテディオ山形,4,7,0,4,3,3,10,-7,,,,2015,J1,7,2ｓｔ,18.0,18.0,,60.0
0,グラフ,1,浦和レッズ,20,8,6,2,0,12,4,8,,,111.0,2015,J1,8,１ｓｔ,,,,
1,グラフ,2,ガンバ大阪,19,8,6,1,1,15,7,8,,,271.0,2015,J1,8,１ｓｔ,,,,
2,グラフ,3,ＦＣ東京,17,8,5,2,1,9,4,5,,,130.0,2015,J1,8,１ｓｔ,,,,
3,グラフ,4,サンフレッチェ広島,16,8,5,1,2,10,6,4,,,341.0,2015,J1,8,１ｓｔ,,,,
4,グラフ,5,川崎フロンターレ,14,8,4,2,2,17,12,5,,,142.0,2015,J1,8,１ｓｔ,,,,
5,グラフ,6,サガン鳥栖,13,8,4,1,3,11,10,1,,,412.0,2015,J1,8,１ｓｔ,,,,
6,グラフ,7,柏レイソル,11,8,3,2,3,14,12,2,,,122.0,2015,J1,8,１ｓｔ,,,,
7,グラフ,8,鹿島アントラーズ,11,8,3,2,3,13,12,1,,,80.0,2015,J1,8,１ｓｔ,,,,
8,グラフ,9,名古屋グランパス,11,8,3,2,3,12,11,1,,,231.0,2015,J1,8,１ｓｔ,,,,
9,グラフ,10,ヴィッセル神戸,11,8,3,2,3,11,10,1,,,281.0,2015,J1,8,１ｓｔ,,,,
10,グラフ,11,横浜Ｆ・マリノス,11,8,3,2,3,10,9,1,,,143.0,2015,J1,8,１ｓｔ,,,,
11,グラフ,12,湘南ベルマーレ,10,8,3,1,4,9,13,-4,,,147.0,2015,J1,8,１ｓｔ,,,,
12,グラフ,13,ベガルタ仙台,9,8,2,3,3,9,9,0,,,41.0,2015,J1,8,１ｓｔ,,,,
13,グラフ,14,松本山雅ＦＣ,8,8,2,2,4,7,10,-3,,,160.0,2015,J1,8,１ｓｔ,,,,
14,グラフ,15,アルビレックス新潟,6,8,1,3,4,9,14,-5,,,191.0,2015,J1,8,１ｓｔ,,,,
15,グラフ,16,清水エスパルス,5,8,1,2,5,10,15,-5,,,221.0,2015,J1,8,１ｓｔ,,,,
16,グラフ,17,モンテディオ山形,5,8,1,2,5,5,10,-5,,,60.0,2015,J1,8,１ｓｔ,,,,
17,グラフ,18,ヴァンフォーレ甲府,3,8,1,0,7,2,17,-15,,,151.0,2015,J1,8,１ｓｔ,,,,
0,グラフ,1,鹿島アントラーズ,19,8,6,1,1,15,7,8,,,,2015,J1,8,2ｓｔ,5.0,41.0,,80.0
1,グラフ,2,サンフレッチェ広島,18,8,6,0,2,20,8,12,,,,2015,J1,8,2ｓｔ,2.0,52.0,,341.0
2,グラフ,3,柏レイソル,18,8,6,0,2,12,6,6,,,,2015,J1,8,2ｓｔ,8.0,36.0,,122.0
3,グラフ,4,浦和レッズ,14,8,4,2,2,11,8,3,,,,2015,J1,8,2ｓｔ,1.0,55.0,,111.0
4,グラフ,4,湘南ベルマーレ,14,8,4,2,2,11,8,3,,,,2015,J1,8,2ｓｔ,10.0,36.0,,147.0
5,グラフ,6,ＦＣ東京,14,8,4,2,2,10,7,3,,,,2015,J1,8,2ｓｔ,3.0,49.0,,130.0
6,グラフ,7,名古屋グランパス,14,8,4,2,2,12,10,2,,,,2015,J1,8,2ｓｔ,9.0,36.0,,231.0
7,グラフ,8,ガンバ大阪,12,8,3,3,2,13,12,1,,,,2015,J1,8,2ｓｔ,4.0,44.0,,271.0
8,グラフ,9,横浜Ｆ・マリノス,11,8,3,2,3,11,9,2,,,,2015,J1,8,2ｓｔ,7.0,37.0,,143.0
9,グラフ,10,川崎フロンターレ,11,8,3,2,3,10,9,1,,,,2015,J1,8,2ｓｔ,6.0,41.0,,142.0
10,グラフ,11,ヴィッセル神戸,10,8,3,1,4,11,11,0,,,,2015,J1,8,2ｓｔ,11.0,29.0,,281.0
11,グラフ,12,サガン鳥栖,9,8,2,3,3,10,12,-2,,,,2015,J1,8,2ｓｔ,12.0,29.0,,412.0
12,グラフ,13,ヴァンフォーレ甲府,8,8,2,2,4,5,7,-2,,,,2015,J1,8,2ｓｔ,13.0,28.0,,151.0
13,グラフ,14,アルビレックス新潟,8,8,2,2,4,11,14,-3,,,,2015,J1,8,2ｓｔ,15.0,22.0,,191.0
14,グラフ,15,清水エスパルス,6,8,1,3,4,8,15,-7,,,,2015,J1,8,2ｓｔ,17.0,19.0,,221.0
15,グラフ,16,松本山雅ＦＣ,6,8,2,0,6,6,17,-11,,,,2015,J1,8,2ｓｔ,16.0,21.0,,160.0
16,グラフ,17,ベガルタ仙台,4,8,1,1,6,11,17,-6,,,,2015,J1,8,2ｓｔ,14.0,27.0,,41.0
17,グラフ,18,モンテディオ山形,4,8,0,4,4,3,13,-10,,,,2015,J1,8,2ｓｔ,18.0,18.0,,60.0
0,グラフ,1,浦和レッズ,23,9,7,2,0,13,4,9,,,111.0,2015,J1,9,１ｓｔ,,,,
1,グラフ,2,ＦＣ東京,20,9,6,2,1,11,5,6,,,130.0,2015,J1,9,１ｓｔ,,,,
2,グラフ,3,ガンバ大阪,19,9,6,1,2,15,8,7,,,271.0,2015,J1,9,１ｓｔ,,,,
3,グラフ,4,サンフレッチェ広島,19,9,6,1,2,12,6,6,,,341.0,2015,J1,9,１ｓｔ,,,,
4,グラフ,5,川崎フロンターレ,14,9,4,2,3,18,14,4,,,142.0,2015,J1,9,１ｓｔ,,,,
5,グラフ,6,名古屋グランパス,14,9,4,2,3,15,11,4,,,231.0,2015,J1,9,１ｓｔ,,,,
6,グラフ,7,サガン鳥栖,14,9,4,2,3,12,11,1,,,412.0,2015,J1,9,１ｓｔ,,,,
7,グラフ,8,柏レイソル,12,9,3,3,3,14,12,2,,,122.0,2015,J1,9,１ｓｔ,,,,
8,グラフ,9,ヴィッセル神戸,12,9,3,3,3,12,11,1,,,281.0,2015,J1,9,１ｓｔ,,,,
9,グラフ,10,鹿島アントラーズ,11,9,3,2,4,13,13,0,,,80.0,2015,J1,9,１ｓｔ,,,,
10,グラフ,11,横浜Ｆ・マリノス,11,9,3,2,4,10,10,0,,,143.0,2015,J1,9,１ｓｔ,,,,
11,グラフ,12,湘南ベルマーレ,10,9,3,1,5,9,16,-7,,,147.0,2015,J1,9,１ｓｔ,,,,
12,グラフ,13,ベガルタ仙台,9,9,2,3,4,9,11,-2,,,41.0,2015,J1,9,１ｓｔ,,,,
13,グラフ,14,アルビレックス新潟,9,9,2,3,4,11,15,-4,,,191.0,2015,J1,9,１ｓｔ,,,,
14,グラフ,15,松本山雅ＦＣ,8,9,2,2,5,8,12,-4,,,160.0,2015,J1,9,１ｓｔ,,,,
15,グラフ,16,モンテディオ山形,8,9,2,2,5,6,10,-4,,,60.0,2015,J1,9,１ｓｔ,,,,
16,グラフ,17,清水エスパルス,6,9,1,3,5,10,15,-5,,,221.0,2015,J1,9,１ｓｔ,,,,
17,グラフ,18,ヴァンフォーレ甲府,6,9,2,0,7,3,17,-14,,,151.0,2015,J1,9,１ｓｔ,,,,
0,グラフ,1,鹿島アントラーズ,22,9,7,1,1,18,8,10,,,,2015,J1,9,2ｓｔ,5.0,44.0,,80.0
1,グラフ,2,サンフレッチェ広島,21,9,7,0,2,25,10,15,,,,2015,J1,9,2ｓｔ,1.0,55.0,,341.0
2,グラフ,3,柏レイソル,19,9,6,1,2,14,8,6,,,,2015,J1,9,2ｓｔ,8.0,37.0,,122.0
3,グラフ,4,ＦＣ東京,15,9,4,3,2,11,8,3,,,,2015,J1,9,2ｓｔ,3.0,50.0,,130.0
4,グラフ,5,ガンバ大阪,15,9,4,3,2,14,12,2,,,,2015,J1,9,2ｓｔ,4.0,47.0,,271.0
5,グラフ,6,横浜Ｆ・マリノス,14,9,4,2,3,15,9,6,,,,2015,J1,9,2ｓｔ,7.0,40.0,,143.0
6,グラフ,7,湘南ベルマーレ,14,9,4,2,3,11,9,2,,,,2015,J1,9,2ｓｔ,10.0,36.0,,147.0
7,グラフ,8,名古屋グランパス,14,9,4,2,3,14,15,-1,,,,2015,J1,9,2ｓｔ,9.0,36.0,,231.0
8,グラフ,9,浦和レッズ,14,9,4,2,3,11,12,-1,,,,2015,J1,9,2ｓｔ,2.0,55.0,,111.0
9,グラフ,10,ヴィッセル神戸,13,9,4,1,4,18,12,6,,,,2015,J1,9,2ｓｔ,11.0,32.0,,281.0
10,グラフ,11,川崎フロンターレ,11,9,3,2,4,11,12,-1,,,,2015,J1,9,2ｓｔ,6.0,41.0,,142.0
11,グラフ,12,アルビレックス新潟,11,9,3,2,4,12,14,-2,,,,2015,J1,9,2ｓｔ,15.0,25.0,,191.0
12,グラフ,13,ヴァンフォーレ甲府,9,9,2,3,4,7,9,-2,,,,2015,J1,9,2ｓｔ,12.0,29.0,,151.0
13,グラフ,14,サガン鳥栖,9,9,2,3,4,11,19,-8,,,,2015,J1,9,2ｓｔ,13.0,29.0,,412.0
14,グラフ,15,清水エスパルス,7,9,1,4,4,9,16,-7,,,,2015,J1,9,2ｓｔ,17.0,20.0,,221.0
15,グラフ,16,松本山雅ＦＣ,6,8,2,0,6,6,17,-11,,,,2015,J1,9,2ｓｔ,16.0,21.0,,160.0
16,グラフ,17,ベガルタ仙台,4,9,1,1,7,11,18,-7,,,,2015,J1,9,2ｓｔ,14.0,27.0,,41.0
17,グラフ,18,モンテディオ山形,4,8,0,4,4,3,13,-10,,,,2015,J1,9,2ｓｔ,18.0,18.0,,60.0
0,グラフ,1,浦和レッズ,23,9,7,2,0,13,4,9,,,111.0,2015,J1,10,１ｓｔ,,,,
1,グラフ,2,ＦＣ東京,23,10,7,2,1,14,7,7,,,130.0,2015,J1,10,１ｓｔ,,,,
2,グラフ,3,サンフレッチェ広島,22,10,7,1,2,13,6,7,,,341.0,2015,J1,10,１ｓｔ,,,,
3,グラフ,4,ガンバ大阪,19,9,6,1,2,15,8,7,,,271.0,2015,J1,10,１ｓｔ,,,,
4,グラフ,5,サガン鳥栖,15,10,4,3,3,14,13,1,,,412.0,2015,J1,10,１ｓｔ,,,,
5,グラフ,6,川崎フロンターレ,14,10,4,2,4,18,15,3,,,142.0,2015,J1,10,１ｓｔ,,,,
6,グラフ,7,名古屋グランパス,14,10,4,2,4,15,13,2,,,231.0,2015,J1,10,１ｓｔ,,,,
7,グラフ,8,横浜Ｆ・マリノス,14,10,4,2,4,12,10,2,,,143.0,2015,J1,10,１ｓｔ,,,,
8,グラフ,9,ヴィッセル神戸,13,10,3,4,3,13,12,1,,,281.0,2015,J1,10,１ｓｔ,,,,
9,グラフ,10,柏レイソル,12,9,3,3,3,14,12,2,,,122.0,2015,J1,10,１ｓｔ,,,,
10,グラフ,11,鹿島アントラーズ,11,9,3,2,4,13,13,0,,,80.0,2015,J1,10,１ｓｔ,,,,
11,グラフ,12,松本山雅ＦＣ,11,10,3,2,5,10,12,-2,,,160.0,2015,J1,10,１ｓｔ,,,,
12,グラフ,13,湘南ベルマーレ,11,10,3,2,5,10,17,-7,,,147.0,2015,J1,10,１ｓｔ,,,,
13,グラフ,14,アルビレックス新潟,10,10,2,4,4,12,16,-4,,,191.0,2015,J1,10,１ｓｔ,,,,
14,グラフ,15,ベガルタ仙台,9,10,2,3,5,11,14,-3,,,41.0,2015,J1,10,１ｓｔ,,,,
15,グラフ,16,モンテディオ山形,9,10,2,3,5,7,11,-4,,,60.0,2015,J1,10,１ｓｔ,,,,
16,グラフ,17,清水エスパルス,7,10,1,4,5,12,17,-5,,,221.0,2015,J1,10,１ｓｔ,,,,
17,グラフ,18,ヴァンフォーレ甲府,6,10,2,0,8,3,19,-16,,,151.0,2015,J1,10,１ｓｔ,,,,
0,グラフ,1,サンフレッチェ広島,24,10,8,0,2,28,11,17,,,,2015,J1,10,2ｓｔ,1.0,58.0,,341.0
1,グラフ,2,鹿島アントラーズ,22,10,7,1,2,19,10,9,,,,2015,J1,10,2ｓｔ,5.0,44.0,,80.0
2,グラフ,3,柏レイソル,19,10,6,1,3,14,9,5,,,,2015,J1,10,2ｓｔ,8.0,37.0,,122.0
3,グラフ,4,ＦＣ東京,18,10,5,3,2,14,8,6,,,,2015,J1,10,2ｓｔ,3.0,53.0,,130.0
4,グラフ,5,ガンバ大阪,18,10,5,3,2,16,13,3,,,,2015,J1,10,2ｓｔ,4.0,50.0,,271.0
5,グラフ,6,浦和レッズ,17,10,5,2,3,12,12,0,,,,2015,J1,10,2ｓｔ,2.0,58.0,,111.0
6,グラフ,7,横浜Ｆ・マリノス,15,10,4,3,3,16,10,6,,,,2015,J1,10,2ｓｔ,7.0,41.0,,143.0
7,グラフ,8,湘南ベルマーレ,15,10,4,3,3,12,10,2,,,,2015,J1,10,2ｓｔ,9.0,37.0,,147.0
8,グラフ,9,川崎フロンターレ,14,10,4,2,4,14,13,1,,,,2015,J1,10,2ｓｔ,6.0,44.0,,142.0
9,グラフ,10,名古屋グランパス,14,10,4,2,4,14,16,-2,,,,2015,J1,10,2ｓｔ,10.0,36.0,,231.0
10,グラフ,11,ヴィッセル神戸,13,10,4,1,5,18,15,3,,,,2015,J1,10,2ｓｔ,11.0,32.0,,281.0
11,グラフ,12,アルビレックス新潟,12,10,3,3,4,13,15,-2,,,,2015,J1,10,2ｓｔ,15.0,26.0,,191.0
12,グラフ,13,サガン鳥栖,10,10,2,4,4,11,19,-8,,,,2015,J1,10,2ｓｔ,13.0,30.0,,412.0
13,グラフ,14,ヴァンフォーレ甲府,9,10,2,3,5,8,12,-4,,,,2015,J1,10,2ｓｔ,14.0,29.0,,151.0
14,グラフ,15,清水エスパルス,8,10,1,5,4,9,16,-7,,,,2015,J1,10,2ｓｔ,17.0,21.0,,221.0
15,グラフ,16,ベガルタ仙台,7,10,2,1,7,12,18,-6,,,,2015,J1,10,2ｓｔ,12.0,30.0,,41.0
16,グラフ,17,松本山雅ＦＣ,7,9,2,1,6,7,18,-11,,,,2015,J1,10,2ｓｔ,16.0,22.0,,160.0
17,グラフ,18,モンテディオ山形,4,9,0,4,5,4,16,-12,,,,2015,J1,10,2ｓｔ,18.0,18.0,,60.0
0,グラフ,1,浦和レッズ,24,10,7,3,0,17,8,9,,,111.0,2015,J1,11,１ｓｔ,,,,
1,グラフ,2,ＦＣ東京,23,11,7,2,2,14,8,6,,,130.0,2015,J1,11,１ｓｔ,,,,
2,グラフ,3,ガンバ大阪,22,10,7,1,2,16,8,8,,,271.0,2015,J1,11,１ｓｔ,,,,
3,グラフ,4,サンフレッチェ広島,22,11,7,1,3,13,7,6,,,341.0,2015,J1,11,１ｓｔ,,,,
4,グラフ,5,川崎フロンターレ,17,11,5,2,4,19,15,4,,,142.0,2015,J1,11,１ｓｔ,,,,
5,グラフ,6,横浜Ｆ・マリノス,17,11,5,2,4,13,10,3,,,143.0,2015,J1,11,１ｓｔ,,,,
6,グラフ,7,サガン鳥栖,16,11,4,4,3,15,14,1,,,412.0,2015,J1,11,１ｓｔ,,,,
7,グラフ,8,名古屋グランパス,14,11,4,2,5,15,14,1,,,231.0,2015,J1,11,１ｓｔ,,,,
8,グラフ,9,鹿島アントラーズ,14,10,4,2,4,14,13,1,,,80.0,2015,J1,11,１ｓｔ,,,,
9,グラフ,10,湘南ベルマーレ,14,11,4,2,5,11,17,-6,,,147.0,2015,J1,11,１ｓｔ,,,,
10,グラフ,11,ヴィッセル神戸,13,11,3,4,4,14,14,0,,,281.0,2015,J1,11,１ｓｔ,,,,
11,グラフ,12,柏レイソル,12,10,3,3,4,14,15,-1,,,122.0,2015,J1,11,１ｓｔ,,,,
12,グラフ,13,モンテディオ山形,12,11,3,3,5,10,11,-1,,,60.0,2015,J1,11,１ｓｔ,,,,
13,グラフ,14,松本山雅ＦＣ,12,11,3,3,5,11,13,-2,,,160.0,2015,J1,11,１ｓｔ,,,,
14,グラフ,15,ベガルタ仙台,10,11,2,4,5,15,18,-3,,,41.0,2015,J1,11,１ｓｔ,,,,
15,グラフ,16,清水エスパルス,10,11,2,4,5,14,18,-4,,,221.0,2015,J1,11,１ｓｔ,,,,
16,グラフ,17,アルビレックス新潟,10,11,2,4,5,12,17,-5,,,191.0,2015,J1,11,１ｓｔ,,,,
17,グラフ,18,ヴァンフォーレ甲府,6,11,2,0,9,3,20,-17,,,151.0,2015,J1,11,１ｓｔ,,,,
0,グラフ,1,サンフレッチェ広島,25,11,8,1,2,28,11,17,,,,2015,J1,11,2ｓｔ,2.0,59.0,,341.0
1,グラフ,2,鹿島アントラーズ,25,11,8,1,2,20,10,10,,,,2015,J1,11,2ｓｔ,6.0,47.0,,80.0
2,グラフ,3,柏レイソル,20,11,6,2,3,14,9,5,,,,2015,J1,11,2ｓｔ,8.0,38.0,,122.0
3,グラフ,4,浦和レッズ,20,11,6,2,3,16,13,3,,,,2015,J1,11,2ｓｔ,1.0,61.0,,111.0
4,グラフ,5,ガンバ大阪,19,11,5,4,2,17,14,3,,,,2015,J1,11,2ｓｔ,4.0,51.0,,271.0
5,グラフ,6,横浜Ｆ・マリノス,18,11,5,3,3,17,10,7,,,,2015,J1,11,2ｓｔ,7.0,44.0,,143.0
6,グラフ,7,ＦＣ東京,18,11,5,3,3,14,9,5,,,,2015,J1,11,2ｓｔ,3.0,53.0,,130.0
7,グラフ,8,川崎フロンターレ,17,11,5,2,4,20,14,6,,,,2015,J1,11,2ｓｔ,5.0,47.0,,142.0
8,グラフ,9,湘南ベルマーレ,16,11,4,4,3,13,11,2,,,,2015,J1,11,2ｓｔ,9.0,38.0,,147.0
9,グラフ,10,アルビレックス新潟,15,11,4,3,4,15,16,-1,,,,2015,J1,11,2ｓｔ,14.0,29.0,,191.0
10,グラフ,11,名古屋グランパス,14,11,4,2,5,15,22,-7,,,,2015,J1,11,2ｓｔ,10.0,36.0,,231.0
11,グラフ,12,ヴィッセル神戸,13,11,4,1,6,19,17,2,,,,2015,J1,11,2ｓｔ,11.0,32.0,,281.0
12,グラフ,13,サガン鳥栖,11,11,2,5,4,11,19,-8,,,,2015,J1,11,2ｓｔ,13.0,31.0,,412.0
13,グラフ,14,ヴァンフォーレ甲府,9,11,2,3,6,8,13,-5,,,,2015,J1,11,2ｓｔ,15.0,29.0,,151.0
14,グラフ,15,ベガルタ仙台,8,11,2,2,7,13,19,-6,,,,2015,J1,11,2ｓｔ,12.0,31.0,,41.0
15,グラフ,16,清水エスパルス,8,11,1,5,5,10,20,-10,,,,2015,J1,11,2ｓｔ,17.0,21.0,,221.0
16,グラフ,17,松本山雅ＦＣ,8,10,2,2,6,8,19,-11,,,,2015,J1,11,2ｓｔ,16.0,23.0,,160.0
17,グラフ,18,モンテディオ山形,5,10,0,5,5,4,16,-12,,,,2015,J1,11,2ｓｔ,18.0,19.0,,60.0
0,グラフ,1,浦和レッズ,27,11,8,3,0,21,9,12,,,111.0,2015,J1,12,１ｓｔ,,,,
1,グラフ,2,ガンバ大阪,23,11,7,2,2,17,9,8,,,271.0,2015,J1,12,１ｓｔ,,,,
2,グラフ,3,サンフレッチェ広島,23,12,7,2,3,15,9,6,,,341.0,2015,J1,12,１ｓｔ,,,,
3,グラフ,4,ＦＣ東京,23,12,7,2,3,15,12,3,,,130.0,2015,J1,12,１ｓｔ,,,,
4,グラフ,5,横浜Ｆ・マリノス,20,12,6,2,4,15,11,4,,,143.0,2015,J1,12,１ｓｔ,,,,
5,グラフ,6,サガン鳥栖,19,12,5,4,3,16,14,2,,,412.0,2015,J1,12,１ｓｔ,,,,
6,グラフ,7,川崎フロンターレ,18,12,5,3,4,20,16,4,,,142.0,2015,J1,12,１ｓｔ,,,,
7,グラフ,8,鹿島アントラーズ,15,11,4,3,4,16,15,1,,,80.0,2015,J1,12,１ｓｔ,,,,
8,グラフ,9,松本山雅ＦＣ,15,12,4,3,5,13,13,0,,,160.0,2015,J1,12,１ｓｔ,,,,
9,グラフ,10,湘南ベルマーレ,15,12,4,3,5,11,17,-6,,,147.0,2015,J1,12,１ｓｔ,,,,
10,グラフ,11,名古屋グランパス,14,12,4,2,6,15,15,0,,,231.0,2015,J1,12,１ｓｔ,,,,
11,グラフ,12,ベガルタ仙台,13,12,3,4,5,18,18,0,,,41.0,2015,J1,12,１ｓｔ,,,,
12,グラフ,13,柏レイソル,13,11,3,4,4,14,15,-1,,,122.0,2015,J1,12,１ｓｔ,,,,
13,グラフ,14,ヴィッセル神戸,13,12,3,4,5,14,16,-2,,,281.0,2015,J1,12,１ｓｔ,,,,
14,グラフ,15,モンテディオ山形,12,12,3,3,6,10,13,-3,,,60.0,2015,J1,12,１ｓｔ,,,,
15,グラフ,16,清水エスパルス,10,12,2,4,6,15,20,-5,,,221.0,2015,J1,12,１ｓｔ,,,,
16,グラフ,17,アルビレックス新潟,10,12,2,4,6,12,20,-8,,,191.0,2015,J1,12,１ｓｔ,,,,
17,グラフ,18,ヴァンフォーレ甲府,9,12,3,0,9,5,20,-15,,,151.0,2015,J1,12,１ｓｔ,,,,
0,グラフ,1,サンフレッチェ広島,28,12,9,1,2,33,12,21,,,,2015,J1,12,2ｓｔ,2.0,62.0,,341.0
1,グラフ,2,鹿島アントラーズ,25,12,8,1,3,21,12,9,,,,2015,J1,12,2ｓｔ,6.0,47.0,,80.0
2,グラフ,3,浦和レッズ,23,12,7,2,3,18,14,4,,,,2015,J1,12,2ｓｔ,1.0,64.0,,111.0
3,グラフ,4,ガンバ大阪,22,12,6,4,2,20,15,5,,,,2015,J1,12,2ｓｔ,4.0,54.0,,271.0
4,グラフ,5,ＦＣ東京,21,12,6,3,3,15,9,6,,,,2015,J1,12,2ｓｔ,3.0,56.0,,130.0
5,グラフ,6,川崎フロンターレ,20,12,6,2,4,22,15,7,,,,2015,J1,12,2ｓｔ,5.0,50.0,,142.0
6,グラフ,7,柏レイソル,20,12,6,2,4,15,12,3,,,,2015,J1,12,2ｓｔ,10.0,38.0,,122.0
7,グラフ,8,横浜Ｆ・マリノス,19,12,5,4,3,18,11,7,,,,2015,J1,12,2ｓｔ,7.0,45.0,,143.0
8,グラフ,9,湘南ベルマーレ,17,12,4,5,3,14,12,2,,,,2015,J1,12,2ｓｔ,8.0,39.0,,147.0
9,グラフ,10,名古屋グランパス,17,12,5,2,5,17,22,-5,,,,2015,J1,12,2ｓｔ,9.0,39.0,,231.0
10,グラフ,11,アルビレックス新潟,15,12,4,3,5,16,18,-2,,,,2015,J1,12,2ｓｔ,15.0,29.0,,191.0
11,グラフ,12,ヴィッセル神戸,13,12,4,1,7,19,19,0,,,,2015,J1,12,2ｓｔ,12.0,32.0,,281.0
12,グラフ,13,ヴァンフォーレ甲府,12,12,3,3,6,9,13,-4,,,,2015,J1,12,2ｓｔ,13.0,32.0,,151.0
13,グラフ,14,サガン鳥栖,11,12,2,5,5,11,20,-9,,,,2015,J1,12,2ｓｔ,14.0,31.0,,412.0
14,グラフ,15,ベガルタ仙台,9,12,2,3,7,14,20,-6,,,,2015,J1,12,2ｓｔ,11.0,32.0,,41.0
15,グラフ,16,松本山雅ＦＣ,9,12,2,3,7,10,22,-12,,,,2015,J1,12,2ｓｔ,16.0,24.0,,160.0
16,グラフ,17,清水エスパルス,8,12,1,5,6,11,25,-14,,,,2015,J1,12,2ｓｔ,18.0,21.0,,221.0
17,グラフ,18,モンテディオ山形,7,12,0,7,5,7,19,-12,,,,2015,J1,12,2ｓｔ,17.0,21.0,,60.0
0,グラフ,1,浦和レッズ,30,12,9,3,0,23,10,13,,,111.0,2015,J1,13,１ｓｔ,,,,
1,グラフ,2,サンフレッチェ広島,26,13,8,2,3,19,11,8,,,341.0,2015,J1,13,１ｓｔ,,,,
2,グラフ,3,ガンバ大阪,23,11,7,2,2,17,9,8,,,271.0,2015,J1,13,１ｓｔ,,,,
3,グラフ,4,横浜Ｆ・マリノス,23,13,7,2,4,18,11,7,,,143.0,2015,J1,13,１ｓｔ,,,,
4,グラフ,5,ＦＣ東京,23,13,7,2,4,15,13,2,,,130.0,2015,J1,13,１ｓｔ,,,,
5,グラフ,6,川崎フロンターレ,21,13,6,3,4,23,18,5,,,142.0,2015,J1,13,１ｓｔ,,,,
6,グラフ,7,サガン鳥栖,19,13,5,4,4,18,17,1,,,412.0,2015,J1,13,１ｓｔ,,,,
7,グラフ,8,湘南ベルマーレ,18,13,5,3,5,15,17,-2,,,147.0,2015,J1,13,１ｓｔ,,,,
8,グラフ,9,名古屋グランパス,17,13,5,2,6,16,15,1,,,231.0,2015,J1,13,１ｓｔ,,,,
9,グラフ,10,ヴィッセル神戸,16,13,4,4,5,15,16,-1,,,281.0,2015,J1,13,１ｓｔ,,,,
10,グラフ,11,鹿島アントラーズ,15,12,4,3,5,17,17,0,,,80.0,2015,J1,13,１ｓｔ,,,,
11,グラフ,12,松本山雅ＦＣ,15,13,4,3,6,13,16,-3,,,160.0,2015,J1,13,１ｓｔ,,,,
12,グラフ,13,ベガルタ仙台,13,13,3,4,6,18,19,-1,,,41.0,2015,J1,13,１ｓｔ,,,,
13,グラフ,14,柏レイソル,13,11,3,4,4,14,15,-1,,,122.0,2015,J1,13,１ｓｔ,,,,
14,グラフ,15,モンテディオ山形,12,13,3,3,7,10,14,-4,,,60.0,2015,J1,13,１ｓｔ,,,,
15,グラフ,16,ヴァンフォーレ甲府,12,13,4,0,9,6,20,-14,,,151.0,2015,J1,13,１ｓｔ,,,,
16,グラフ,17,清水エスパルス,10,13,2,4,7,15,24,-9,,,221.0,2015,J1,13,１ｓｔ,,,,
17,グラフ,18,アルビレックス新潟,10,13,2,4,7,14,24,-10,,,191.0,2015,J1,13,１ｓｔ,,,,
0,グラフ,1,サンフレッチェ広島,28,13,9,1,3,33,13,20,,,,2015,J1,13,2ｓｔ,2.0,62.0,,341.0
1,グラフ,2,鹿島アントラーズ,28,13,9,1,3,23,12,11,,,,2015,J1,13,2ｓｔ,6.0,50.0,,80.0
2,グラフ,3,ＦＣ東京,24,13,7,3,3,16,9,7,,,,2015,J1,13,2ｓｔ,3.0,59.0,,130.0
3,グラフ,4,浦和レッズ,24,13,7,3,3,19,15,4,,,,2015,J1,13,2ｓｔ,1.0,65.0,,111.0
4,グラフ,5,川崎フロンターレ,23,13,7,2,4,27,18,9,,,,2015,J1,13,2ｓｔ,5.0,53.0,,142.0
5,グラフ,6,柏レイソル,23,13,7,2,4,18,13,5,,,,2015,J1,13,2ｓｔ,8.0,41.0,,122.0
6,グラフ,7,横浜Ｆ・マリノス,22,13,6,4,3,21,12,9,,,,2015,J1,13,2ｓｔ,7.0,48.0,,143.0
7,グラフ,8,ガンバ大阪,22,13,6,4,3,23,20,3,,,,2015,J1,13,2ｓｔ,4.0,54.0,,271.0
8,グラフ,9,湘南ベルマーレ,17,13,4,5,4,14,13,1,,,,2015,J1,13,2ｓｔ,9.0,39.0,,147.0
9,グラフ,10,名古屋グランパス,17,13,5,2,6,18,25,-7,,,,2015,J1,13,2ｓｔ,10.0,39.0,,231.0
10,グラフ,11,アルビレックス新潟,16,13,4,4,5,16,18,-2,,,,2015,J1,13,2ｓｔ,15.0,30.0,,191.0
11,グラフ,12,ヴィッセル神戸,13,13,4,1,8,19,21,-2,,,,2015,J1,13,2ｓｔ,13.0,32.0,,281.0
12,グラフ,13,ヴァンフォーレ甲府,13,13,3,4,6,9,13,-4,,,,2015,J1,13,2ｓｔ,11.0,33.0,,151.0
13,グラフ,14,サガン鳥栖,12,13,2,6,5,12,21,-9,,,,2015,J1,13,2ｓｔ,14.0,32.0,,412.0
14,グラフ,15,松本山雅ＦＣ,12,13,3,3,7,11,22,-11,,,,2015,J1,13,2ｓｔ,16.0,27.0,,160.0
15,グラフ,16,モンテディオ山形,10,13,1,7,5,8,19,-11,,,,2015,J1,13,2ｓｔ,17.0,24.0,,60.0
16,グラフ,17,ベガルタ仙台,9,13,2,3,8,15,23,-8,,,,2015,J1,13,2ｓｔ,12.0,32.0,,41.0
17,グラフ,18,清水エスパルス,8,13,1,5,7,11,26,-15,,,,2015,J1,13,2ｓｔ,18.0,21.0,,221.0
0,グラフ,1,浦和レッズ,33,13,10,3,0,29,11,18,,,111.0,2015,J1,14,１ｓｔ,,,,
1,グラフ,2,サンフレッチェ広島,27,14,8,3,3,19,11,8,,,341.0,2015,J1,14,１ｓｔ,,,,
2,グラフ,3,ＦＣ東京,26,14,8,2,4,17,14,3,,,130.0,2015,J1,14,１ｓｔ,,,,
3,グラフ,4,ガンバ大阪,24,12,7,3,2,18,10,8,,,271.0,2015,J1,14,１ｓｔ,,,,
4,グラフ,5,横浜Ｆ・マリノス,24,14,7,3,4,19,12,7,,,143.0,2015,J1,14,１ｓｔ,,,,
5,グラフ,6,川崎フロンターレ,21,14,6,3,5,25,23,2,,,142.0,2015,J1,14,１ｓｔ,,,,
6,グラフ,7,湘南ベルマーレ,19,14,5,4,5,15,17,-2,,,147.0,2015,J1,14,１ｓｔ,,,,
7,グラフ,8,サガン鳥栖,19,14,5,4,5,19,23,-4,,,412.0,2015,J1,14,１ｓｔ,,,,
8,グラフ,9,鹿島アントラーズ,18,13,5,3,5,20,18,2,,,80.0,2015,J1,14,１ｓｔ,,,,
9,グラフ,10,名古屋グランパス,18,14,5,3,6,16,15,1,,,231.0,2015,J1,14,１ｓｔ,,,,
10,グラフ,11,ベガルタ仙台,16,14,4,4,6,19,19,0,,,41.0,2015,J1,14,１ｓｔ,,,,
11,グラフ,12,ヴィッセル神戸,16,14,4,4,6,15,17,-2,,,281.0,2015,J1,14,１ｓｔ,,,,
12,グラフ,13,松本山雅ＦＣ,15,14,4,3,7,14,19,-5,,,160.0,2015,J1,14,１ｓｔ,,,,
13,グラフ,14,ヴァンフォーレ甲府,15,14,5,0,9,8,20,-12,,,151.0,2015,J1,14,１ｓｔ,,,,
14,グラフ,15,柏レイソル,13,12,3,4,5,15,17,-2,,,122.0,2015,J1,14,１ｓｔ,,,,
15,グラフ,16,モンテディオ山形,13,14,3,4,7,10,14,-4,,,60.0,2015,J1,14,１ｓｔ,,,,
16,グラフ,17,清水エスパルス,13,14,3,4,7,20,26,-6,,,221.0,2015,J1,14,１ｓｔ,,,,
17,グラフ,18,アルビレックス新潟,10,14,2,4,8,14,26,-12,,,191.0,2015,J1,14,１ｓｔ,,,,
0,グラフ,1,サンフレッチェ広島,31,14,10,1,3,35,14,21,,,,2015,J1,14,2ｓｔ,1.0,65.0,,341.0
1,グラフ,2,鹿島アントラーズ,31,14,10,1,3,26,14,12,,,,2015,J1,14,2ｓｔ,6.0,53.0,,80.0
2,グラフ,3,横浜Ｆ・マリノス,25,14,7,4,3,23,13,10,,,,2015,J1,14,2ｓｔ,7.0,51.0,,143.0
3,グラフ,4,ガンバ大阪,25,14,7,4,3,25,21,4,,,,2015,J1,14,2ｓｔ,4.0,57.0,,271.0
4,グラフ,5,ＦＣ東京,24,14,7,3,4,17,11,6,,,,2015,J1,14,2ｓｔ,3.0,59.0,,130.0
5,グラフ,6,浦和レッズ,24,14,7,3,4,20,17,3,,,,2015,J1,14,2ｓｔ,2.0,65.0,,111.0
6,グラフ,7,川崎フロンターレ,23,14,7,2,5,28,20,8,,,,2015,J1,14,2ｓｔ,5.0,53.0,,142.0
7,グラフ,8,柏レイソル,23,14,7,2,5,20,16,4,,,,2015,J1,14,2ｓｔ,9.0,41.0,,122.0
8,グラフ,9,湘南ベルマーレ,20,14,5,5,4,16,14,2,,,,2015,J1,14,2ｓｔ,8.0,42.0,,147.0
9,グラフ,10,アルビレックス新潟,19,14,5,4,5,18,18,0,,,,2015,J1,14,2ｓｔ,13.0,33.0,,191.0
10,グラフ,11,名古屋グランパス,18,14,5,3,6,18,25,-7,,,,2015,J1,14,2ｓｔ,10.0,40.0,,231.0
11,グラフ,12,ヴァンフォーレ甲府,16,14,4,4,6,10,13,-3,,,,2015,J1,14,2ｓｔ,11.0,36.0,,151.0
12,グラフ,13,ヴィッセル神戸,13,14,4,1,9,20,23,-3,,,,2015,J1,14,2ｓｔ,15.0,32.0,,281.0
13,グラフ,14,サガン鳥栖,13,14,2,7,5,12,21,-9,,,,2015,J1,14,2ｓｔ,14.0,33.0,,412.0
14,グラフ,15,ベガルタ仙台,12,14,3,3,8,16,23,-7,,,,2015,J1,14,2ｓｔ,12.0,35.0,,41.0
15,グラフ,16,松本山雅ＦＣ,12,14,3,3,8,11,24,-13,,,,2015,J1,14,2ｓｔ,16.0,27.0,,160.0
16,グラフ,17,モンテディオ山形,10,14,1,7,6,8,20,-12,,,,2015,J1,14,2ｓｔ,17.0,24.0,,60.0
17,グラフ,18,清水エスパルス,8,14,1,5,8,11,27,-16,,,,2015,J1,14,2ｓｔ,18.0,21.0,,221.0
0,グラフ,1,浦和レッズ,37,15,11,4,0,33,14,19,,,111.0,2015,J1,15,１ｓｔ,,,,
1,グラフ,2,サンフレッチェ広島,30,15,9,3,3,22,13,9,,,341.0,2015,J1,15,１ｓｔ,,,,
2,グラフ,3,ＦＣ東京,29,15,9,2,4,19,15,4,,,130.0,2015,J1,15,１ｓｔ,,,,
3,グラフ,4,ガンバ大阪,28,14,8,4,2,20,10,10,,,271.0,2015,J1,15,１ｓｔ,,,,
4,グラフ,5,横浜Ｆ・マリノス,25,15,7,4,4,20,13,7,,,143.0,2015,J1,15,１ｓｔ,,,,
5,グラフ,6,川崎フロンターレ,24,15,7,3,5,27,24,3,,,142.0,2015,J1,15,１ｓｔ,,,,
6,グラフ,7,ベガルタ仙台,19,15,5,4,6,24,19,5,,,41.0,2015,J1,15,１ｓｔ,,,,
7,グラフ,8,名古屋グランパス,19,15,5,4,6,17,16,1,,,231.0,2015,J1,15,１ｓｔ,,,,
8,グラフ,9,鹿島アントラーズ,19,15,5,4,6,22,22,0,,,80.0,2015,J1,15,１ｓｔ,,,,
9,グラフ,10,湘南ベルマーレ,19,15,5,4,6,16,19,-3,,,147.0,2015,J1,15,１ｓｔ,,,,
10,グラフ,11,サガン鳥栖,19,15,5,4,6,19,28,-9,,,412.0,2015,J1,15,１ｓｔ,,,,
11,グラフ,12,ヴィッセル神戸,17,15,4,5,6,15,17,-2,,,281.0,2015,J1,15,１ｓｔ,,,,
12,グラフ,13,ヴァンフォーレ甲府,16,15,5,1,9,9,21,-12,,,151.0,2015,J1,15,１ｓｔ,,,,
13,グラフ,14,松本山雅ＦＣ,15,15,4,3,8,15,21,-6,,,160.0,2015,J1,15,１ｓｔ,,,,
14,グラフ,15,柏レイソル,14,14,3,5,6,20,23,-3,,,122.0,2015,J1,15,１ｓｔ,,,,
15,グラフ,16,モンテディオ山形,14,15,3,5,7,12,16,-4,,,60.0,2015,J1,15,１ｓｔ,,,,
16,グラフ,17,清水エスパルス,13,15,3,4,8,20,27,-7,,,221.0,2015,J1,15,１ｓｔ,,,,
17,グラフ,18,アルビレックス新潟,11,15,2,5,8,15,27,-12,,,191.0,2015,J1,15,１ｓｔ,,,,
0,グラフ,1,サンフレッチェ広島,34,15,11,1,3,37,14,23,,,,2015,J1,15,2ｓｔ,1.0,68.0,,341.0
1,グラフ,2,鹿島アントラーズ,31,15,10,1,4,27,16,11,,,,2015,J1,15,2ｓｔ,7.0,53.0,,80.0
2,グラフ,3,横浜Ｆ・マリノス,28,15,8,4,3,24,13,11,,,,2015,J1,15,2ｓｔ,5.0,54.0,,143.0
3,グラフ,4,ガンバ大阪,28,15,8,4,3,28,22,6,,,,2015,J1,15,2ｓｔ,3.0,60.0,,271.0
4,グラフ,5,浦和レッズ,27,15,8,3,4,24,20,4,,,,2015,J1,15,2ｓｔ,2.0,68.0,,111.0
5,グラフ,6,柏レイソル,26,15,8,2,5,23,16,7,,,,2015,J1,15,2ｓｔ,9.0,44.0,,122.0
6,グラフ,7,ＦＣ東京,24,15,7,3,5,20,15,5,,,,2015,J1,15,2ｓｔ,4.0,59.0,,130.0
7,グラフ,8,川崎フロンターレ,23,15,7,2,6,28,21,7,,,,2015,J1,15,2ｓｔ,6.0,53.0,,142.0
8,グラフ,9,湘南ベルマーレ,23,15,6,5,4,18,15,3,,,,2015,J1,15,2ｓｔ,8.0,45.0,,147.0
9,グラフ,10,名古屋グランパス,21,15,6,3,6,22,27,-5,,,,2015,J1,15,2ｓｔ,10.0,43.0,,231.0
10,グラフ,11,アルビレックス新潟,19,15,5,4,6,20,22,-2,,,,2015,J1,15,2ｓｔ,15.0,33.0,,191.0
11,グラフ,12,ヴィッセル神戸,16,15,5,1,9,23,24,-1,,,,2015,J1,15,2ｓｔ,14.0,35.0,,281.0
12,グラフ,13,ヴァンフォーレ甲府,16,15,4,4,7,10,15,-5,,,,2015,J1,15,2ｓｔ,11.0,36.0,,151.0
13,グラフ,14,サガン鳥栖,16,15,3,7,5,14,22,-8,,,,2015,J1,15,2ｓｔ,12.0,36.0,,412.0
14,グラフ,15,ベガルタ仙台,12,15,3,3,9,17,26,-9,,,,2015,J1,15,2ｓｔ,13.0,35.0,,41.0
15,グラフ,16,松本山雅ＦＣ,12,15,3,3,9,12,26,-14,,,,2015,J1,15,2ｓｔ,16.0,27.0,,160.0
16,グラフ,17,モンテディオ山形,10,15,1,7,7,9,23,-14,,,,2015,J1,15,2ｓｔ,17.0,24.0,,60.0
17,グラフ,18,清水エスパルス,8,15,1,5,9,11,30,-19,,,,2015,J1,15,2ｓｔ,18.0,21.0,,221.0
0,グラフ,1,浦和レッズ,38,16,11,5,0,34,15,19,,,111.0,2015,J1,16,１ｓｔ,,,,
1,グラフ,2,サンフレッチェ広島,33,16,10,3,3,27,14,13,,,341.0,2015,J1,16,１ｓｔ,,,,
2,グラフ,3,ＦＣ東京,32,16,10,2,4,21,16,5,,,130.0,2015,J1,16,１ｓｔ,,,,
3,グラフ,4,ガンバ大阪,29,15,8,5,2,21,11,10,,,271.0,2015,J1,16,１ｓｔ,,,,
4,グラフ,5,川崎フロンターレ,27,16,8,3,5,29,24,5,,,142.0,2015,J1,16,１ｓｔ,,,,
5,グラフ,6,横浜Ｆ・マリノス,25,16,7,4,5,20,16,4,,,143.0,2015,J1,16,１ｓｔ,,,,
6,グラフ,7,鹿島アントラーズ,22,16,6,4,6,25,22,3,,,80.0,2015,J1,16,１ｓｔ,,,,
7,グラフ,8,名古屋グランパス,22,16,6,4,6,18,16,2,,,231.0,2015,J1,16,１ｓｔ,,,,
8,グラフ,9,ベガルタ仙台,20,16,5,5,6,25,20,5,,,41.0,2015,J1,16,１ｓｔ,,,,
9,グラフ,10,湘南ベルマーレ,19,16,5,4,7,17,22,-5,,,147.0,2015,J1,16,１ｓｔ,,,,
10,グラフ,11,サガン鳥栖,19,16,5,4,7,20,30,-10,,,412.0,2015,J1,16,１ｓｔ,,,,
11,グラフ,12,ヴァンフォーレ甲府,19,16,6,1,9,11,21,-10,,,151.0,2015,J1,16,１ｓｔ,,,,
12,グラフ,13,ヴィッセル神戸,18,16,4,6,6,16,18,-2,,,281.0,2015,J1,16,１ｓｔ,,,,
13,グラフ,14,松本山雅ＦＣ,15,16,4,3,9,15,23,-8,,,160.0,2015,J1,16,１ｓｔ,,,,
14,グラフ,15,柏レイソル,14,15,3,5,7,20,24,-4,,,122.0,2015,J1,16,１ｓｔ,,,,
15,グラフ,16,モンテディオ山形,14,16,3,5,8,13,21,-8,,,60.0,2015,J1,16,１ｓｔ,,,,
16,グラフ,17,アルビレックス新潟,14,16,3,5,8,18,28,-10,,,191.0,2015,J1,16,１ｓｔ,,,,
17,グラフ,18,清水エスパルス,13,16,3,4,9,20,29,-9,,,221.0,2015,J1,16,１ｓｔ,,,,
0,グラフ,1,サンフレッチェ広島,37,16,12,1,3,39,14,25,,,,2015,J1,16,2ｓｔ,1.0,71.0,,341.0
1,グラフ,2,鹿島アントラーズ,34,16,11,1,4,29,16,13,,,,2015,J1,16,2ｓｔ,5.0,56.0,,80.0
2,グラフ,3,横浜Ｆ・マリノス,28,16,8,4,4,24,15,9,,,,2015,J1,16,2ｓｔ,7.0,54.0,,143.0
3,グラフ,4,ガンバ大阪,28,16,8,4,4,28,24,4,,,,2015,J1,16,2ｓｔ,4.0,60.0,,271.0
4,グラフ,5,浦和レッズ,28,16,8,4,4,25,21,4,,,,2015,J1,16,2ｓｔ,2.0,69.0,,111.0
5,グラフ,6,ＦＣ東京,27,16,8,3,5,21,15,6,,,,2015,J1,16,2ｓｔ,3.0,62.0,,130.0
6,グラフ,7,柏レイソル,26,16,8,2,6,23,17,6,,,,2015,J1,16,2ｓｔ,10.0,44.0,,122.0
7,グラフ,8,湘南ベルマーレ,26,16,7,5,4,20,15,5,,,,2015,J1,16,2ｓｔ,8.0,48.0,,147.0
8,グラフ,9,川崎フロンターレ,24,16,7,3,6,29,22,7,,,,2015,J1,16,2ｓｔ,6.0,54.0,,142.0
9,グラフ,10,名古屋グランパス,24,16,7,3,6,26,29,-3,,,,2015,J1,16,2ｓｔ,9.0,46.0,,231.0
10,グラフ,11,ヴィッセル神戸,19,16,6,1,9,25,25,0,,,,2015,J1,16,2ｓｔ,12.0,38.0,,281.0
11,グラフ,12,アルビレックス新潟,19,16,5,4,7,20,24,-4,,,,2015,J1,16,2ｓｔ,15.0,33.0,,191.0
12,グラフ,13,サガン鳥栖,19,16,4,7,5,15,22,-7,,,,2015,J1,16,2ｓｔ,11.0,39.0,,412.0
13,グラフ,14,ヴァンフォーレ甲府,16,16,4,4,8,12,19,-7,,,,2015,J1,16,2ｓｔ,13.0,36.0,,151.0
14,グラフ,15,ベガルタ仙台,12,16,3,3,10,17,27,-10,,,,2015,J1,16,2ｓｔ,14.0,35.0,,41.0
15,グラフ,16,松本山雅ＦＣ,12,16,3,3,10,13,28,-15,,,,2015,J1,16,2ｓｔ,16.0,27.0,,160.0
16,グラフ,17,清水エスパルス,11,16,2,5,9,13,31,-18,,,,2015,J1,16,2ｓｔ,18.0,24.0,,221.0
17,グラフ,18,モンテディオ山形,10,16,1,7,8,10,25,-15,,,,2015,J1,16,2ｓｔ,17.0,24.0,,60.0
0,グラフ,1,浦和レッズ,41,17,12,5,0,39,17,22,,,111.0,2015,J1,17,１ｓｔ,,,,
1,グラフ,2,ＦＣ東京,35,17,11,2,4,24,18,6,,,130.0,2015,J1,17,１ｓｔ,,,,
2,グラフ,3,サンフレッチェ広島,34,17,10,4,3,29,16,13,,,341.0,2015,J1,17,１ｓｔ,,,,
3,グラフ,4,ガンバ大阪,32,17,9,5,3,24,13,11,,,271.0,2015,J1,17,１ｓｔ,,,,
4,グラフ,5,川崎フロンターレ,30,17,9,3,5,32,26,6,,,142.0,2015,J1,17,１ｓｔ,,,,
5,グラフ,6,横浜Ｆ・マリノス,26,17,7,5,5,21,17,4,,,143.0,2015,J1,17,１ｓｔ,,,,
6,グラフ,7,ベガルタ仙台,23,17,6,5,6,27,20,7,,,41.0,2015,J1,17,１ｓｔ,,,,
7,グラフ,8,鹿島アントラーズ,22,17,6,4,7,27,25,2,,,80.0,2015,J1,17,１ｓｔ,,,,
8,グラフ,9,名古屋グランパス,22,17,6,4,7,18,18,0,,,231.0,2015,J1,17,１ｓｔ,,,,
9,グラフ,10,湘南ベルマーレ,22,17,6,4,7,20,24,-4,,,147.0,2015,J1,17,１ｓｔ,,,,
10,グラフ,11,サガン鳥栖,20,17,5,5,7,22,32,-10,,,412.0,2015,J1,17,１ｓｔ,,,,
11,グラフ,12,ヴァンフォーレ甲府,20,17,6,2,9,12,22,-10,,,151.0,2015,J1,17,１ｓｔ,,,,
12,グラフ,13,ヴィッセル神戸,19,17,4,7,6,17,19,-2,,,281.0,2015,J1,17,１ｓｔ,,,,
13,グラフ,14,柏レイソル,18,17,4,6,7,22,25,-3,,,122.0,2015,J1,17,１ｓｔ,,,,
14,グラフ,15,松本山雅ＦＣ,15,17,4,3,10,17,26,-9,,,160.0,2015,J1,17,１ｓｔ,,,,
15,グラフ,16,モンテディオ山形,14,17,3,5,9,14,24,-10,,,60.0,2015,J1,17,１ｓｔ,,,,
16,グラフ,17,アルビレックス新潟,14,17,3,5,9,20,33,-13,,,191.0,2015,J1,17,１ｓｔ,,,,
17,グラフ,18,清水エスパルス,13,17,3,4,10,22,32,-10,,,221.0,2015,J1,17,１ｓｔ,,,,
0,グラフ,1,サンフレッチェ広島,40,17,13,1,3,44,14,30,,,,2015,J1,17,2ｓｔ,1.0,74.0,,341.0
1,グラフ,2,鹿島アントラーズ,37,17,12,1,4,30,16,14,,,,2015,J1,17,2ｓｔ,5.0,59.0,,80.0
2,グラフ,3,ガンバ大阪,31,17,9,4,4,32,24,8,,,,2015,J1,17,2ｓｔ,3.0,63.0,,271.0
3,グラフ,4,浦和レッズ,31,17,9,4,4,30,23,7,,,,2015,J1,17,2ｓｔ,2.0,72.0,,111.0
4,グラフ,5,横浜Ｆ・マリノス,29,17,8,5,4,24,15,9,,,,2015,J1,17,2ｓｔ,7.0,55.0,,143.0
5,グラフ,6,ＦＣ東京,28,17,8,4,5,21,15,6,,,,2015,J1,17,2ｓｔ,4.0,63.0,,130.0
6,グラフ,7,川崎フロンターレ,27,17,8,3,6,30,22,8,,,,2015,J1,17,2ｓｔ,6.0,57.0,,142.0
7,グラフ,8,柏レイソル,27,17,8,3,6,24,18,6,,,,2015,J1,17,2ｓｔ,10.0,45.0,,122.0
8,グラフ,9,湘南ベルマーレ,26,17,7,5,5,20,20,0,,,,2015,J1,17,2ｓｔ,8.0,48.0,,147.0
9,グラフ,10,名古屋グランパス,24,17,7,3,7,26,30,-4,,,,2015,J1,17,2ｓｔ,9.0,46.0,,231.0
10,グラフ,11,アルビレックス新潟,20,17,5,5,7,21,25,-4,,,,2015,J1,17,2ｓｔ,15.0,34.0,,191.0
11,グラフ,12,サガン鳥栖,20,17,4,8,5,15,22,-7,,,,2015,J1,17,2ｓｔ,11.0,40.0,,412.0
12,グラフ,13,ヴィッセル神戸,19,17,6,1,10,27,30,-3,,,,2015,J1,17,2ｓｔ,12.0,38.0,,281.0
13,グラフ,14,ヴァンフォーレ甲府,17,17,4,5,8,14,21,-7,,,,2015,J1,17,2ｓｔ,13.0,37.0,,151.0
14,グラフ,15,松本山雅ＦＣ,13,17,3,4,10,13,28,-15,,,,2015,J1,17,2ｓｔ,16.0,28.0,,160.0
15,グラフ,16,ベガルタ仙台,12,17,3,3,11,17,28,-11,,,,2015,J1,17,2ｓｔ,14.0,35.0,,41.0
16,グラフ,17,清水エスパルス,12,17,2,6,9,15,33,-18,,,,2015,J1,17,2ｓｔ,17.0,25.0,,221.0
17,グラフ,18,モンテディオ山形,10,17,1,7,9,10,29,-19,,,,2015,J1,17,2ｓｔ,18.0,24.0,,60.0
0,グラフ,1,ヴァンフォーレ甲府,3,1,1,0,0,2,0,2,,,151.0,2016,J1,1,１ｓｔ,,,,
1,グラフ,2,浦和レッズ,3,1,1,0,0,2,1,1,,,111.0,2016,J1,1,１ｓｔ,,,,
2,グラフ,2,アルビレックス新潟,3,1,1,0,0,2,1,1,,,191.0,2016,J1,1,１ｓｔ,,,,
3,グラフ,2,サガン鳥栖,3,1,1,0,0,2,1,1,,,412.0,2016,J1,1,１ｓｔ,,,,
4,グラフ,5,ベガルタ仙台,3,1,1,0,0,1,0,1,,,41.0,2016,J1,1,１ｓｔ,,,,
5,グラフ,5,鹿島アントラーズ,3,1,1,0,0,1,0,1,,,80.0,2016,J1,1,１ｓｔ,,,,
6,グラフ,5,大宮アルディージャ,3,1,1,0,0,1,0,1,,,112.0,2016,J1,1,１ｓｔ,,,,
7,グラフ,5,川崎フロンターレ,3,1,1,0,0,1,0,1,,,142.0,2016,J1,1,１ｓｔ,,,,
8,グラフ,5,名古屋グランパス,3,1,1,0,0,1,0,1,,,231.0,2016,J1,1,１ｓｔ,,,,
9,グラフ,10,柏レイソル,0,1,0,0,1,1,2,-1,,,122.0,2016,J1,1,１ｓｔ,,,,
10,グラフ,10,湘南ベルマーレ,0,1,0,0,1,1,2,-1,,,147.0,2016,J1,1,１ｓｔ,,,,
11,グラフ,10,アビスパ福岡,0,1,0,0,1,1,2,-1,,,401.0,2016,J1,1,１ｓｔ,,,,
12,グラフ,13,ＦＣ東京,0,1,0,0,1,0,1,-1,,,130.0,2016,J1,1,１ｓｔ,,,,
13,グラフ,13,横浜Ｆ・マリノス,0,1,0,0,1,0,1,-1,,,143.0,2016,J1,1,１ｓｔ,,,,
14,グラフ,13,ジュビロ磐田,0,1,0,0,1,0,1,-1,,,222.0,2016,J1,1,１ｓｔ,,,,
15,グラフ,13,ガンバ大阪,0,1,0,0,1,0,1,-1,,,271.0,2016,J1,1,１ｓｔ,,,,
16,グラフ,13,サンフレッチェ広島,0,1,0,0,1,0,1,-1,,,341.0,2016,J1,1,１ｓｔ,,,,
17,グラフ,18,ヴィッセル神戸,0,1,0,0,1,0,2,-2,,,281.0,2016,J1,1,１ｓｔ,,,,
0,グラフ,1,川崎フロンターレ,3,1,1,0,0,3,0,3,,,,2016,J1,1,2ｓｔ,1.0,41.0,,142.0
1,グラフ,1,横浜Ｆ・マリノス,3,1,1,0,0,3,0,3,,,,2016,J1,1,2ｓｔ,8.0,25.0,,143.0
2,グラフ,1,ヴィッセル神戸,3,1,1,0,0,3,0,3,,,,2016,J1,1,2ｓｔ,9.0,23.0,,281.0
3,グラフ,1,サンフレッチェ広島,3,1,1,0,0,3,0,3,,,,2016,J1,1,2ｓｔ,4.0,32.0,,341.0
4,グラフ,5,ガンバ大阪,3,1,1,0,0,3,1,2,,,,2016,J1,1,2ｓｔ,6.0,27.0,,271.0
5,グラフ,6,サガン鳥栖,3,1,1,0,0,3,2,1,,,,2016,J1,1,2ｓｔ,13.0,20.0,,412.0
6,グラフ,7,浦和レッズ,3,1,1,0,0,2,1,1,,,,2016,J1,1,2ｓｔ,3.0,36.0,,111.0
7,グラフ,8,大宮アルディージャ,3,1,1,0,0,1,0,1,,,,2016,J1,1,2ｓｔ,5.0,29.0,,112.0
8,グラフ,8,柏レイソル,3,1,1,0,0,1,0,1,,,,2016,J1,1,2ｓｔ,7.0,27.0,,122.0
9,グラフ,10,ＦＣ東京,0,1,0,0,1,2,3,-1,,,,2016,J1,1,2ｓｔ,10.0,23.0,,130.0
10,グラフ,11,アビスパ福岡,0,1,0,0,1,1,2,-1,,,,2016,J1,1,2ｓｔ,18.0,11.0,,401.0
11,グラフ,12,アルビレックス新潟,0,1,0,0,1,0,1,-1,,,,2016,J1,1,2ｓｔ,14.0,18.0,,191.0
12,グラフ,12,名古屋グランパス,0,1,0,0,1,0,1,-1,,,,2016,J1,1,2ｓｔ,15.0,17.0,,231.0
13,グラフ,14,鹿島アントラーズ,0,1,0,0,1,1,3,-2,,,,2016,J1,1,2ｓｔ,2.0,39.0,,80.0
14,グラフ,15,ベガルタ仙台,0,1,0,0,1,0,3,-3,,,,2016,J1,1,2ｓｔ,12.0,23.0,,41.0
15,グラフ,15,湘南ベルマーレ,0,1,0,0,1,0,3,-3,,,,2016,J1,1,2ｓｔ,16.0,16.0,,147.0
16,グラフ,15,ヴァンフォーレ甲府,0,1,0,0,1,0,3,-3,,,,2016,J1,1,2ｓｔ,17.0,15.0,,151.0
17,グラフ,15,ジュビロ磐田,0,1,0,0,1,0,3,-3,,,,2016,J1,1,2ｓｔ,11.0,23.0,,222.0
0,グラフ,1,大宮アルディージャ,6,2,2,0,0,3,0,3,,,112.0,2016,J1,2,１ｓｔ,,,,
1,グラフ,2,鹿島アントラーズ,6,2,2,0,0,2,0,2,,,80.0,2016,J1,2,１ｓｔ,,,,
2,グラフ,3,川崎フロンターレ,4,2,1,1,0,5,4,1,,,142.0,2016,J1,2,１ｓｔ,,,,
3,グラフ,4,名古屋グランパス,4,2,1,1,0,2,1,1,,,231.0,2016,J1,2,１ｓｔ,,,,
4,グラフ,5,ヴィッセル神戸,3,2,1,0,1,6,5,1,,,281.0,2016,J1,2,１ｓｔ,,,,
5,グラフ,6,ヴァンフォーレ甲府,3,2,1,0,1,2,1,1,,,151.0,2016,J1,2,１ｓｔ,,,,
6,グラフ,7,浦和レッズ,3,2,1,0,1,3,3,0,,,111.0,2016,J1,2,１ｓｔ,,,,
7,グラフ,8,ベガルタ仙台,3,2,1,0,1,2,2,0,,,41.0,2016,J1,2,１ｓｔ,,,,
8,グラフ,8,ＦＣ東京,3,2,1,0,1,2,2,0,,,130.0,2016,J1,2,１ｓｔ,,,,
9,グラフ,8,ジュビロ磐田,3,2,1,0,1,2,2,0,,,222.0,2016,J1,2,１ｓｔ,,,,
10,グラフ,8,サガン鳥栖,3,2,1,0,1,2,2,0,,,412.0,2016,J1,2,１ｓｔ,,,,
11,グラフ,12,ガンバ大阪,3,2,1,0,1,1,1,0,,,271.0,2016,J1,2,１ｓｔ,,,,
12,グラフ,13,アルビレックス新潟,3,2,1,0,1,5,7,-2,,,191.0,2016,J1,2,１ｓｔ,,,,
13,グラフ,14,湘南ベルマーレ,1,2,0,1,1,5,6,-1,,,147.0,2016,J1,2,１ｓｔ,,,,
14,グラフ,15,アビスパ福岡,1,2,0,1,1,2,3,-1,,,401.0,2016,J1,2,１ｓｔ,,,,
15,グラフ,16,横浜Ｆ・マリノス,1,2,0,1,1,1,2,-1,,,143.0,2016,J1,2,１ｓｔ,,,,
16,グラフ,16,サンフレッチェ広島,1,2,0,1,1,1,2,-1,,,341.0,2016,J1,2,１ｓｔ,,,,
17,グラフ,18,柏レイソル,0,2,0,0,2,1,4,-3,,,122.0,2016,J1,2,１ｓｔ,,,,
0,グラフ,1,川崎フロンターレ,6,2,2,0,0,6,0,6,,,,2016,J1,2,2ｓｔ,1.0,44.0,,142.0
1,グラフ,1,横浜Ｆ・マリノス,6,2,2,0,0,6,0,6,,,,2016,J1,2,2ｓｔ,7.0,28.0,,143.0
2,グラフ,3,ガンバ大阪,6,2,2,0,0,6,2,4,,,,2016,J1,2,2ｓｔ,5.0,30.0,,271.0
3,グラフ,4,浦和レッズ,6,2,2,0,0,4,1,3,,,,2016,J1,2,2ｓｔ,3.0,39.0,,111.0
4,グラフ,5,ヴィッセル神戸,4,2,1,1,0,5,2,3,,,,2016,J1,2,2ｓｔ,10.0,24.0,,281.0
5,グラフ,6,サガン鳥栖,4,2,1,1,0,5,4,1,,,,2016,J1,2,2ｓｔ,13.0,21.0,,412.0
6,グラフ,7,大宮アルディージャ,4,2,1,1,0,2,1,1,,,,2016,J1,2,2ｓｔ,6.0,30.0,,112.0
7,グラフ,8,サンフレッチェ広島,3,2,1,0,1,5,4,1,,,,2016,J1,2,2ｓｔ,4.0,32.0,,341.0
8,グラフ,9,鹿島アントラーズ,3,2,1,0,1,5,5,0,,,,2016,J1,2,2ｓｔ,2.0,42.0,,80.0
9,グラフ,10,ＦＣ東京,3,2,1,0,1,3,3,0,,,,2016,J1,2,2ｓｔ,9.0,26.0,,130.0
10,グラフ,11,柏レイソル,3,2,1,0,1,1,2,-1,,,,2016,J1,2,2ｓｔ,8.0,27.0,,122.0
11,グラフ,12,湘南ベルマーレ,3,2,1,0,1,1,3,-2,,,,2016,J1,2,2ｓｔ,14.0,19.0,,147.0
12,グラフ,13,ジュビロ磐田,1,2,0,1,1,1,4,-3,,,,2016,J1,2,2ｓｔ,11.0,24.0,,222.0
13,グラフ,14,アルビレックス新潟,0,2,0,0,2,0,2,-2,,,,2016,J1,2,2ｓｔ,15.0,18.0,,191.0
14,グラフ,15,アビスパ福岡,0,2,0,0,2,1,5,-4,,,,2016,J1,2,2ｓｔ,18.0,11.0,,401.0
15,グラフ,16,ヴァンフォーレ甲府,0,2,0,0,2,0,4,-4,,,,2016,J1,2,2ｓｔ,17.0,15.0,,151.0
16,グラフ,16,名古屋グランパス,0,2,0,0,2,0,4,-4,,,,2016,J1,2,2ｓｔ,16.0,17.0,,231.0
17,グラフ,18,ベガルタ仙台,0,2,0,0,2,1,6,-5,,,,2016,J1,2,2ｓｔ,12.0,23.0,,41.0
0,グラフ,1,川崎フロンターレ,7,3,2,1,0,8,6,2,,,142.0,2016,J1,3,１ｓｔ,,,,
1,グラフ,2,浦和レッズ,6,3,2,0,1,5,3,2,,,111.0,2016,J1,3,１ｓｔ,,,,
2,グラフ,3,大宮アルディージャ,6,3,2,0,1,4,2,2,,,112.0,2016,J1,3,１ｓｔ,,,,
3,グラフ,4,ベガルタ仙台,6,3,2,0,1,3,2,1,,,41.0,2016,J1,3,１ｓｔ,,,,
4,グラフ,4,ＦＣ東京,6,3,2,0,1,3,2,1,,,130.0,2016,J1,3,１ｓｔ,,,,
5,グラフ,4,ガンバ大阪,6,3,2,0,1,3,2,1,,,271.0,2016,J1,3,１ｓｔ,,,,
6,グラフ,7,鹿島アントラーズ,6,3,2,0,1,2,1,1,,,80.0,2016,J1,3,１ｓｔ,,,,
7,グラフ,8,ヴァンフォーレ甲府,4,3,1,1,1,3,2,1,,,151.0,2016,J1,3,１ｓｔ,,,,
8,グラフ,9,ジュビロ磐田,4,3,1,1,1,4,4,0,,,222.0,2016,J1,3,１ｓｔ,,,,
9,グラフ,9,名古屋グランパス,4,3,1,1,1,4,4,0,,,231.0,2016,J1,3,１ｓｔ,,,,
10,グラフ,11,横浜Ｆ・マリノス,4,3,1,1,1,3,3,0,,,143.0,2016,J1,3,１ｓｔ,,,,
11,グラフ,11,サガン鳥栖,4,3,1,1,1,3,3,0,,,412.0,2016,J1,3,１ｓｔ,,,,
12,グラフ,13,ヴィッセル神戸,3,3,1,0,2,6,6,0,,,281.0,2016,J1,3,１ｓｔ,,,,
13,グラフ,14,アルビレックス新潟,3,3,1,0,2,6,9,-3,,,191.0,2016,J1,3,１ｓｔ,,,,
14,グラフ,15,湘南ベルマーレ,2,3,0,2,1,7,8,-1,,,147.0,2016,J1,3,１ｓｔ,,,,
15,グラフ,16,サンフレッチェ広島,2,3,0,2,1,3,4,-1,,,341.0,2016,J1,3,１ｓｔ,,,,
16,グラフ,17,柏レイソル,1,3,0,1,2,3,6,-3,,,122.0,2016,J1,3,１ｓｔ,,,,
17,グラフ,18,アビスパ福岡,1,3,0,1,2,2,5,-3,,,401.0,2016,J1,3,１ｓｔ,,,,
0,グラフ,1,川崎フロンターレ,9,3,3,0,0,9,2,7,,,,2016,J1,3,2ｓｔ,1.0,47.0,,142.0
1,グラフ,1,横浜Ｆ・マリノス,9,3,3,0,0,9,2,7,,,,2016,J1,3,2ｓｔ,5.0,31.0,,143.0
2,グラフ,3,浦和レッズ,9,3,3,0,0,5,1,4,,,,2016,J1,3,2ｓｔ,3.0,42.0,,111.0
3,グラフ,4,ガンバ大阪,7,3,2,1,0,6,2,4,,,,2016,J1,3,2ｓｔ,6.0,31.0,,271.0
4,グラフ,5,サガン鳥栖,7,3,2,1,0,7,4,3,,,,2016,J1,3,2ｓｔ,12.0,24.0,,412.0
5,グラフ,6,鹿島アントラーズ,6,3,2,0,1,8,5,3,,,,2016,J1,3,2ｓｔ,2.0,45.0,,80.0
6,グラフ,7,大宮アルディージャ,5,3,1,2,0,2,1,1,,,,2016,J1,3,2ｓｔ,7.0,31.0,,112.0
7,グラフ,8,ヴィッセル神戸,4,3,1,1,1,7,5,2,,,,2016,J1,3,2ｓｔ,11.0,24.0,,281.0
8,グラフ,9,サンフレッチェ広島,4,3,1,1,1,8,7,1,,,,2016,J1,3,2ｓｔ,4.0,33.0,,341.0
9,グラフ,10,柏レイソル,4,3,1,1,1,4,5,-1,,,,2016,J1,3,2ｓｔ,8.0,28.0,,122.0
10,グラフ,11,ＦＣ東京,3,3,1,0,2,4,5,-1,,,,2016,J1,3,2ｓｔ,9.0,26.0,,130.0
11,グラフ,12,アビスパ福岡,3,3,1,0,2,3,6,-3,,,,2016,J1,3,2ｓｔ,18.0,14.0,,401.0
12,グラフ,13,湘南ベルマーレ,3,3,1,0,2,1,5,-4,,,,2016,J1,3,2ｓｔ,14.0,19.0,,147.0
13,グラフ,14,ジュビロ磐田,2,3,0,2,1,1,4,-3,,,,2016,J1,3,2ｓｔ,10.0,25.0,,222.0
14,グラフ,15,ヴァンフォーレ甲府,1,3,0,1,2,0,4,-4,,,,2016,J1,3,2ｓｔ,17.0,16.0,,151.0
15,グラフ,16,アルビレックス新潟,0,3,0,0,3,2,5,-3,,,,2016,J1,3,2ｓｔ,15.0,18.0,,191.0
16,グラフ,17,ベガルタ仙台,0,3,0,0,3,1,7,-6,,,,2016,J1,3,2ｓｔ,13.0,23.0,,41.0
17,グラフ,18,名古屋グランパス,0,3,0,0,3,0,7,-7,,,,2016,J1,3,2ｓｔ,16.0,17.0,,231.0
0,グラフ,1,川崎フロンターレ,10,4,3,1,0,12,6,6,,,142.0,2016,J1,4,１ｓｔ,,,,
1,グラフ,2,浦和レッズ,9,4,3,0,1,7,3,4,,,111.0,2016,J1,4,１ｓｔ,,,,
2,グラフ,3,鹿島アントラーズ,9,4,3,0,1,4,1,3,,,80.0,2016,J1,4,１ｓｔ,,,,
3,グラフ,4,名古屋グランパス,7,4,2,1,1,6,5,1,,,231.0,2016,J1,4,１ｓｔ,,,,
4,グラフ,5,横浜Ｆ・マリノス,7,4,2,1,1,5,4,1,,,143.0,2016,J1,4,１ｓｔ,,,,
5,グラフ,6,ヴィッセル神戸,6,4,2,0,2,8,7,1,,,281.0,2016,J1,4,１ｓｔ,,,,
6,グラフ,7,ベガルタ仙台,6,4,2,0,2,4,4,0,,,41.0,2016,J1,4,１ｓｔ,,,,
7,グラフ,7,ガンバ大阪,6,4,2,0,2,4,4,0,,,271.0,2016,J1,4,１ｓｔ,,,,
8,グラフ,9,ＦＣ東京,6,4,2,0,2,3,4,-1,,,130.0,2016,J1,4,１ｓｔ,,,,
9,グラフ,10,大宮アルディージャ,6,4,2,0,2,5,7,-2,,,112.0,2016,J1,4,１ｓｔ,,,,
10,グラフ,11,サンフレッチェ広島,5,4,1,2,1,8,5,3,,,341.0,2016,J1,4,１ｓｔ,,,,
11,グラフ,12,ジュビロ磐田,5,4,1,2,1,6,6,0,,,222.0,2016,J1,4,１ｓｔ,,,,
12,グラフ,13,サガン鳥栖,4,4,1,1,2,4,5,-1,,,412.0,2016,J1,4,１ｓｔ,,,,
13,グラフ,14,アルビレックス新潟,4,4,1,1,2,8,11,-3,,,191.0,2016,J1,4,１ｓｔ,,,,
14,グラフ,15,ヴァンフォーレ甲府,4,4,1,1,2,3,6,-3,,,151.0,2016,J1,4,１ｓｔ,,,,
15,グラフ,16,湘南ベルマーレ,2,4,0,2,2,7,10,-3,,,147.0,2016,J1,4,１ｓｔ,,,,
16,グラフ,17,柏レイソル,2,4,0,2,2,5,8,-3,,,122.0,2016,J1,4,１ｓｔ,,,,
17,グラフ,18,アビスパ福岡,2,4,0,2,2,4,7,-3,,,401.0,2016,J1,4,１ｓｔ,,,,
0,グラフ,1,横浜Ｆ・マリノス,10,4,3,1,0,11,4,7,,,,2016,J1,4,2ｓｔ,5.0,32.0,,143.0
1,グラフ,2,川崎フロンターレ,10,4,3,1,0,10,3,7,,,,2016,J1,4,2ｓｔ,1.0,48.0,,142.0
2,グラフ,3,浦和レッズ,10,4,3,1,0,7,3,4,,,,2016,J1,4,2ｓｔ,3.0,43.0,,111.0
3,グラフ,4,ガンバ大阪,8,4,2,2,0,6,2,4,,,,2016,J1,4,2ｓｔ,6.0,32.0,,271.0
4,グラフ,5,サガン鳥栖,8,4,2,2,0,7,4,3,,,,2016,J1,4,2ｓｔ,13.0,25.0,,412.0
5,グラフ,6,ヴィッセル神戸,7,4,2,1,1,9,5,4,,,,2016,J1,4,2ｓｔ,9.0,27.0,,281.0
6,グラフ,7,鹿島アントラーズ,7,4,2,1,1,11,8,3,,,,2016,J1,4,2ｓｔ,2.0,46.0,,80.0
7,グラフ,8,柏レイソル,7,4,2,1,1,5,5,0,,,,2016,J1,4,2ｓｔ,8.0,31.0,,122.0
8,グラフ,9,大宮アルディージャ,6,4,1,3,0,4,3,1,,,,2016,J1,4,2ｓｔ,7.0,32.0,,112.0
9,グラフ,10,サンフレッチェ広島,5,4,1,2,1,10,9,1,,,,2016,J1,4,2ｓｔ,4.0,34.0,,341.0
10,グラフ,11,アビスパ福岡,4,4,1,1,2,3,6,-3,,,,2016,J1,4,2ｓｔ,18.0,15.0,,401.0
11,グラフ,12,ＦＣ東京,3,4,1,0,3,4,6,-2,,,,2016,J1,4,2ｓｔ,10.0,26.0,,130.0
12,グラフ,13,ジュビロ磐田,3,4,0,3,1,2,5,-3,,,,2016,J1,4,2ｓｔ,11.0,26.0,,222.0
13,グラフ,14,ベガルタ仙台,3,4,1,0,3,3,8,-5,,,,2016,J1,4,2ｓｔ,12.0,26.0,,41.0
14,グラフ,15,湘南ベルマーレ,3,4,1,0,3,1,7,-6,,,,2016,J1,4,2ｓｔ,14.0,19.0,,147.0
15,グラフ,16,ヴァンフォーレ甲府,2,4,0,2,2,3,7,-4,,,,2016,J1,4,2ｓｔ,17.0,17.0,,151.0
16,グラフ,17,名古屋グランパス,1,4,0,1,3,0,7,-7,,,,2016,J1,4,2ｓｔ,16.0,18.0,,231.0
17,グラフ,18,アルビレックス新潟,0,4,0,0,4,3,7,-4,,,,2016,J1,4,2ｓｔ,15.0,18.0,,191.0
0,グラフ,1,浦和レッズ,12,5,4,0,1,9,4,5,,,111.0,2016,J1,5,１ｓｔ,,,,
1,グラフ,2,川崎フロンターレ,11,5,3,2,0,13,7,6,,,142.0,2016,J1,5,１ｓｔ,,,,
2,グラフ,3,鹿島アントラーズ,10,5,3,1,1,5,2,3,,,80.0,2016,J1,5,１ｓｔ,,,,
3,グラフ,4,横浜Ｆ・マリノス,10,5,3,1,1,7,5,2,,,143.0,2016,J1,5,１ｓｔ,,,,
4,グラフ,5,ヴィッセル神戸,9,5,3,0,2,10,8,2,,,281.0,2016,J1,5,１ｓｔ,,,,
5,グラフ,6,ＦＣ東京,9,5,3,0,2,6,6,0,,,130.0,2016,J1,5,１ｓｔ,,,,
6,グラフ,7,サンフレッチェ広島,8,5,2,2,1,11,5,6,,,341.0,2016,J1,5,１ｓｔ,,,,
7,グラフ,8,名古屋グランパス,7,5,2,1,2,8,8,0,,,231.0,2016,J1,5,１ｓｔ,,,,
8,グラフ,9,アルビレックス新潟,7,5,2,1,2,9,11,-2,,,191.0,2016,J1,5,１ｓｔ,,,,
9,グラフ,10,大宮アルディージャ,7,5,2,1,2,6,8,-2,,,112.0,2016,J1,5,１ｓｔ,,,,
10,グラフ,11,ジュビロ磐田,6,5,1,3,1,7,7,0,,,222.0,2016,J1,5,１ｓｔ,,,,
11,グラフ,12,ガンバ大阪,6,5,2,0,3,5,6,-1,,,271.0,2016,J1,5,１ｓｔ,,,,
12,グラフ,13,ベガルタ仙台,6,5,2,0,3,4,7,-3,,,41.0,2016,J1,5,１ｓｔ,,,,
13,グラフ,14,サガン鳥栖,5,5,1,2,2,5,6,-1,,,412.0,2016,J1,5,１ｓｔ,,,,
14,グラフ,15,ヴァンフォーレ甲府,4,5,1,1,3,4,8,-4,,,151.0,2016,J1,5,１ｓｔ,,,,
15,グラフ,16,柏レイソル,3,5,0,3,2,6,9,-3,,,122.0,2016,J1,5,１ｓｔ,,,,
16,グラフ,17,湘南ベルマーレ,2,5,0,2,3,8,12,-4,,,147.0,2016,J1,5,１ｓｔ,,,,
17,グラフ,18,アビスパ福岡,2,5,0,2,3,4,8,-4,,,401.0,2016,J1,5,１ｓｔ,,,,
0,グラフ,1,川崎フロンターレ,13,5,4,1,0,11,3,8,,,,2016,J1,5,2ｓｔ,1.0,51.0,,142.0
1,グラフ,2,浦和レッズ,13,5,4,1,0,9,4,5,,,,2016,J1,5,2ｓｔ,3.0,46.0,,111.0
2,グラフ,3,横浜Ｆ・マリノス,11,5,3,2,0,12,5,7,,,,2016,J1,5,2ｓｔ,6.0,33.0,,143.0
3,グラフ,4,サガン鳥栖,11,5,3,2,0,10,6,4,,,,2016,J1,5,2ｓｔ,10.0,28.0,,412.0
4,グラフ,5,柏レイソル,10,5,3,1,1,8,7,1,,,,2016,J1,5,2ｓｔ,5.0,34.0,,122.0
5,グラフ,6,サンフレッチェ広島,8,5,2,2,1,12,9,3,,,,2016,J1,5,2ｓｔ,4.0,37.0,,341.0
6,グラフ,7,ガンバ大阪,8,5,2,2,1,8,5,3,,,,2016,J1,5,2ｓｔ,7.0,32.0,,271.0
7,グラフ,8,鹿島アントラーズ,7,5,2,1,2,12,10,2,,,,2016,J1,5,2ｓｔ,2.0,46.0,,80.0
8,グラフ,9,ヴィッセル神戸,7,5,2,1,2,9,7,2,,,,2016,J1,5,2ｓｔ,11.0,27.0,,281.0
9,グラフ,10,大宮アルディージャ,6,5,1,3,1,5,5,0,,,,2016,J1,5,2ｓｔ,8.0,32.0,,112.0
10,グラフ,11,ベガルタ仙台,6,5,2,0,3,4,8,-4,,,,2016,J1,5,2ｓｔ,9.0,29.0,,41.0
11,グラフ,12,ヴァンフォーレ甲府,5,5,1,2,2,6,8,-2,,,,2016,J1,5,2ｓｔ,15.0,20.0,,151.0
12,グラフ,13,ジュビロ磐田,4,5,0,4,1,3,6,-3,,,,2016,J1,5,2ｓｔ,12.0,27.0,,222.0
13,グラフ,14,アビスパ福岡,4,5,1,1,3,5,9,-4,,,,2016,J1,5,2ｓｔ,18.0,15.0,,401.0
14,グラフ,15,アルビレックス新潟,3,5,1,0,4,5,8,-3,,,,2016,J1,5,2ｓｔ,14.0,21.0,,191.0
15,グラフ,16,ＦＣ東京,3,5,1,0,4,4,7,-3,,,,2016,J1,5,2ｓｔ,13.0,26.0,,130.0
16,グラフ,17,湘南ベルマーレ,3,5,1,0,4,1,8,-7,,,,2016,J1,5,2ｓｔ,16.0,19.0,,147.0
17,グラフ,18,名古屋グランパス,1,5,0,1,4,1,10,-9,,,,2016,J1,5,2ｓｔ,17.0,18.0,,231.0
0,グラフ,1,川崎フロンターレ,14,6,4,2,0,14,7,7,,,142.0,2016,J1,6,１ｓｔ,,,,
1,グラフ,2,鹿島アントラーズ,13,6,4,1,1,9,3,6,,,80.0,2016,J1,6,１ｓｔ,,,,
2,グラフ,3,浦和レッズ,13,6,4,1,1,9,4,5,,,111.0,2016,J1,6,１ｓｔ,,,,
3,グラフ,4,横浜Ｆ・マリノス,11,6,3,2,1,7,5,2,,,143.0,2016,J1,6,１ｓｔ,,,,
4,グラフ,5,ヴィッセル神戸,10,6,3,1,2,10,8,2,,,281.0,2016,J1,6,１ｓｔ,,,,
5,グラフ,6,大宮アルディージャ,10,6,3,1,2,8,9,-1,,,112.0,2016,J1,6,１ｓｔ,,,,
6,グラフ,7,ジュビロ磐田,9,6,2,3,1,9,8,1,,,222.0,2016,J1,6,１ｓｔ,,,,
7,グラフ,8,ガンバ大阪,9,6,3,0,3,8,7,1,,,271.0,2016,J1,6,１ｓｔ,,,,
8,グラフ,9,ＦＣ東京,9,6,3,0,3,6,7,-1,,,130.0,2016,J1,6,１ｓｔ,,,,
9,グラフ,10,サンフレッチェ広島,8,6,2,2,2,12,9,3,,,341.0,2016,J1,6,１ｓｔ,,,,
10,グラフ,11,名古屋グランパス,7,6,2,1,3,9,10,-1,,,231.0,2016,J1,6,１ｓｔ,,,,
11,グラフ,12,ヴァンフォーレ甲府,7,6,2,1,3,7,9,-2,,,151.0,2016,J1,6,１ｓｔ,,,,
12,グラフ,13,アルビレックス新潟,7,6,2,1,3,10,13,-3,,,191.0,2016,J1,6,１ｓｔ,,,,
13,グラフ,14,柏レイソル,6,6,1,3,2,7,9,-2,,,122.0,2016,J1,6,１ｓｔ,,,,
14,グラフ,15,ベガルタ仙台,6,6,2,0,4,5,10,-5,,,41.0,2016,J1,6,１ｓｔ,,,,
15,グラフ,16,サガン鳥栖,5,6,1,2,3,5,7,-2,,,412.0,2016,J1,6,１ｓｔ,,,,
16,グラフ,17,アビスパ福岡,3,6,0,3,3,4,8,-4,,,401.0,2016,J1,6,１ｓｔ,,,,
17,グラフ,18,湘南ベルマーレ,2,6,0,2,4,9,15,-6,,,147.0,2016,J1,6,１ｓｔ,,,,
0,グラフ,1,川崎フロンターレ,16,6,5,1,0,14,5,9,,,,2016,J1,6,2ｓｔ,1.0,54.0,,142.0
1,グラフ,2,浦和レッズ,16,6,5,1,0,11,4,7,,,,2016,J1,6,2ｓｔ,2.0,49.0,,111.0
2,グラフ,3,サガン鳥栖,14,6,4,2,0,11,6,5,,,,2016,J1,6,2ｓｔ,9.0,31.0,,412.0
3,グラフ,4,柏レイソル,13,6,4,1,1,10,8,2,,,,2016,J1,6,2ｓｔ,5.0,37.0,,122.0
4,グラフ,5,横浜Ｆ・マリノス,12,6,3,3,0,12,5,7,,,,2016,J1,6,2ｓｔ,7.0,34.0,,143.0
5,グラフ,6,ガンバ大阪,11,6,3,2,1,9,5,4,,,,2016,J1,6,2ｓｔ,6.0,35.0,,271.0
6,グラフ,7,ヴィッセル神戸,10,6,3,1,2,10,7,3,,,,2016,J1,6,2ｓｔ,10.0,30.0,,281.0
7,グラフ,8,サンフレッチェ広島,8,6,2,2,2,12,10,2,,,,2016,J1,6,2ｓｔ,4.0,37.0,,341.0
8,グラフ,9,鹿島アントラーズ,7,6,2,1,3,12,11,1,,,,2016,J1,6,2ｓｔ,3.0,46.0,,80.0
9,グラフ,10,ベガルタ仙台,7,6,2,1,3,5,9,-4,,,,2016,J1,6,2ｓｔ,11.0,30.0,,41.0
10,グラフ,11,大宮アルディージャ,6,6,1,3,2,5,6,-1,,,,2016,J1,6,2ｓｔ,8.0,32.0,,112.0
11,グラフ,12,ＦＣ東京,6,6,2,0,4,5,7,-2,,,,2016,J1,6,2ｓｔ,12.0,29.0,,130.0
12,グラフ,13,ヴァンフォーレ甲府,5,6,1,2,3,6,10,-4,,,,2016,J1,6,2ｓｔ,15.0,20.0,,151.0
13,グラフ,13,アビスパ福岡,5,6,1,2,3,6,10,-4,,,,2016,J1,6,2ｓｔ,18.0,16.0,,401.0
14,グラフ,15,ジュビロ磐田,4,6,0,4,2,4,8,-4,,,,2016,J1,6,2ｓｔ,13.0,27.0,,222.0
15,グラフ,16,アルビレックス新潟,3,6,1,0,5,5,9,-4,,,,2016,J1,6,2ｓｔ,14.0,21.0,,191.0
16,グラフ,17,湘南ベルマーレ,3,6,1,0,5,3,11,-8,,,,2016,J1,6,2ｓｔ,17.0,19.0,,147.0
17,グラフ,18,名古屋グランパス,2,6,0,2,4,1,10,-9,,,,2016,J1,6,2ｓｔ,16.0,19.0,,231.0
0,グラフ,1,川崎フロンターレ,17,7,5,2,0,18,9,9,,,142.0,2016,J1,7,１ｓｔ,,,,
1,グラフ,2,鹿島アントラーズ,16,7,5,1,1,12,3,9,,,80.0,2016,J1,7,１ｓｔ,,,,
2,グラフ,3,浦和レッズ,16,7,5,1,1,12,5,7,,,111.0,2016,J1,7,１ｓｔ,,,,
3,グラフ,4,横浜Ｆ・マリノス,14,7,4,2,1,12,6,6,,,143.0,2016,J1,7,１ｓｔ,,,,
4,グラフ,5,サンフレッチェ広島,11,7,3,2,2,13,9,4,,,341.0,2016,J1,7,１ｓｔ,,,,
5,グラフ,6,大宮アルディージャ,11,7,3,2,2,9,10,-1,,,112.0,2016,J1,7,１ｓｔ,,,,
6,グラフ,7,ヴィッセル神戸,10,6,3,1,2,10,8,2,,,281.0,2016,J1,7,１ｓｔ,,,,
7,グラフ,8,ガンバ大阪,9,7,3,0,4,8,8,0,,,271.0,2016,J1,7,１ｓｔ,,,,
8,グラフ,9,柏レイソル,9,7,2,3,2,8,9,-1,,,122.0,2016,J1,7,１ｓｔ,,,,
9,グラフ,10,ジュビロ磐田,9,7,2,3,2,10,13,-3,,,222.0,2016,J1,7,１ｓｔ,,,,
10,グラフ,11,ＦＣ東京,9,7,3,0,4,8,11,-3,,,130.0,2016,J1,7,１ｓｔ,,,,
11,グラフ,12,ヴァンフォーレ甲府,8,7,2,2,3,8,10,-2,,,151.0,2016,J1,7,１ｓｔ,,,,
12,グラフ,13,名古屋グランパス,7,6,2,1,3,9,10,-1,,,231.0,2016,J1,7,１ｓｔ,,,,
13,グラフ,14,アルビレックス新潟,7,7,2,1,4,10,14,-4,,,191.0,2016,J1,7,１ｓｔ,,,,
14,グラフ,15,ベガルタ仙台,6,7,2,0,5,6,13,-7,,,41.0,2016,J1,7,１ｓｔ,,,,
15,グラフ,16,サガン鳥栖,5,6,1,2,3,5,7,-2,,,412.0,2016,J1,7,１ｓｔ,,,,
16,グラフ,17,アビスパ福岡,3,6,0,3,3,4,8,-4,,,401.0,2016,J1,7,１ｓｔ,,,,
17,グラフ,18,湘南ベルマーレ,2,7,0,2,5,9,18,-9,,,147.0,2016,J1,7,１ｓｔ,,,,
0,グラフ,1,川崎フロンターレ,19,7,6,1,0,18,5,13,,,,2016,J1,7,2ｓｔ,1.0,57.0,,142.0
1,グラフ,2,浦和レッズ,19,7,6,1,0,15,5,10,,,,2016,J1,7,2ｓｔ,2.0,52.0,,111.0
2,グラフ,3,横浜Ｆ・マリノス,15,7,4,3,0,14,6,8,,,,2016,J1,7,2ｓｔ,6.0,37.0,,143.0
3,グラフ,4,ガンバ大阪,14,7,4,2,1,11,6,5,,,,2016,J1,7,2ｓｔ,5.0,38.0,,271.0
4,グラフ,5,サガン鳥栖,14,7,4,2,1,12,8,4,,,,2016,J1,7,2ｓｔ,11.0,31.0,,412.0
5,グラフ,6,柏レイソル,13,7,4,1,2,11,10,1,,,,2016,J1,7,2ｓｔ,7.0,37.0,,122.0
6,グラフ,7,サンフレッチェ広島,11,7,3,2,2,14,10,4,,,,2016,J1,7,2ｓｔ,4.0,40.0,,341.0
7,グラフ,8,ヴィッセル神戸,10,7,3,1,3,10,8,2,,,,2016,J1,7,2ｓｔ,12.0,30.0,,281.0
8,グラフ,9,ベガルタ仙台,10,7,3,1,3,6,9,-3,,,,2016,J1,7,2ｓｔ,9.0,33.0,,41.0
9,グラフ,10,大宮アルディージャ,9,7,2,3,2,6,6,0,,,,2016,J1,7,2ｓｔ,8.0,35.0,,112.0
10,グラフ,11,ＦＣ東京,9,7,3,0,4,8,9,-1,,,,2016,J1,7,2ｓｔ,10.0,32.0,,130.0
11,グラフ,12,鹿島アントラーズ,7,7,2,1,4,12,12,0,,,,2016,J1,7,2ｓｔ,3.0,46.0,,80.0
12,グラフ,13,アルビレックス新潟,6,7,2,0,5,6,9,-3,,,,2016,J1,7,2ｓｔ,14.0,24.0,,191.0
13,グラフ,14,アビスパ福岡,5,7,1,2,4,6,11,-5,,,,2016,J1,7,2ｓｔ,18.0,16.0,,401.0
14,グラフ,15,ヴァンフォーレ甲府,5,7,1,2,4,6,14,-8,,,,2016,J1,7,2ｓｔ,15.0,20.0,,151.0
15,グラフ,16,ジュビロ磐田,4,7,0,4,3,6,11,-5,,,,2016,J1,7,2ｓｔ,13.0,27.0,,222.0
16,グラフ,17,湘南ベルマーレ,3,7,1,0,6,4,15,-11,,,,2016,J1,7,2ｓｔ,17.0,19.0,,147.0
17,グラフ,18,名古屋グランパス,2,7,0,2,5,1,12,-11,,,,2016,J1,7,2ｓｔ,16.0,19.0,,231.0
0,グラフ,1,浦和レッズ,19,8,6,1,1,13,5,8,,,111.0,2016,J1,8,１ｓｔ,,,,
1,グラフ,2,川崎フロンターレ,17,8,5,2,1,18,10,8,,,142.0,2016,J1,8,１ｓｔ,,,,
2,グラフ,3,鹿島アントラーズ,16,8,5,1,2,12,5,7,,,80.0,2016,J1,8,１ｓｔ,,,,
3,グラフ,4,サンフレッチェ広島,14,8,4,2,2,15,10,5,,,341.0,2016,J1,8,１ｓｔ,,,,
4,グラフ,5,横浜Ｆ・マリノス,14,8,4,2,2,13,8,5,,,143.0,2016,J1,8,１ｓｔ,,,,
5,グラフ,6,大宮アルディージャ,14,8,4,2,2,10,10,0,,,112.0,2016,J1,8,１ｓｔ,,,,
6,グラフ,7,柏レイソル,12,8,3,3,2,10,9,1,,,122.0,2016,J1,8,１ｓｔ,,,,
7,グラフ,8,ガンバ大阪,12,8,4,0,4,9,8,1,,,271.0,2016,J1,8,１ｓｔ,,,,
8,グラフ,9,ジュビロ磐田,12,8,3,3,2,11,13,-2,,,222.0,2016,J1,8,１ｓｔ,,,,
9,グラフ,10,ヴィッセル神戸,11,7,3,2,2,12,10,2,,,281.0,2016,J1,8,１ｓｔ,,,,
10,グラフ,11,名古屋グランパス,10,7,3,1,3,11,11,0,,,231.0,2016,J1,8,１ｓｔ,,,,
11,グラフ,12,ＦＣ東京,10,8,3,1,4,9,12,-3,,,130.0,2016,J1,8,１ｓｔ,,,,
12,グラフ,13,ヴァンフォーレ甲府,9,8,2,3,3,9,11,-2,,,151.0,2016,J1,8,１ｓｔ,,,,
13,グラフ,14,アルビレックス新潟,7,8,2,1,5,11,16,-5,,,191.0,2016,J1,8,１ｓｔ,,,,
14,グラフ,15,ベガルタ仙台,7,8,2,1,5,8,15,-7,,,41.0,2016,J1,8,１ｓｔ,,,,
15,グラフ,16,サガン鳥栖,5,7,1,2,4,5,8,-3,,,412.0,2016,J1,8,１ｓｔ,,,,
16,グラフ,17,アビスパ福岡,3,7,0,3,4,4,9,-5,,,401.0,2016,J1,8,１ｓｔ,,,,
17,グラフ,18,湘南ベルマーレ,2,8,0,2,6,9,19,-10,,,147.0,2016,J1,8,１ｓｔ,,,,
0,グラフ,1,浦和レッズ,22,8,7,1,0,17,5,12,,,,2016,J1,8,2ｓｔ,2.0,55.0,,111.0
1,グラフ,2,川崎フロンターレ,19,8,6,1,1,18,6,12,,,,2016,J1,8,2ｓｔ,1.0,57.0,,142.0
2,グラフ,3,ガンバ大阪,17,8,5,2,1,13,6,7,,,,2016,J1,8,2ｓｔ,5.0,41.0,,271.0
3,グラフ,4,サガン鳥栖,17,8,5,2,1,13,8,5,,,,2016,J1,8,2ｓｔ,10.0,34.0,,412.0
4,グラフ,5,横浜Ｆ・マリノス,16,8,4,4,0,15,7,8,,,,2016,J1,8,2ｓｔ,6.0,38.0,,143.0
5,グラフ,6,サンフレッチェ広島,14,8,4,2,2,16,11,5,,,,2016,J1,8,2ｓｔ,4.0,43.0,,341.0
6,グラフ,7,ヴィッセル神戸,13,8,4,1,3,14,9,5,,,,2016,J1,8,2ｓｔ,11.0,33.0,,281.0
7,グラフ,8,柏レイソル,13,8,4,1,3,13,14,-1,,,,2016,J1,8,2ｓｔ,7.0,37.0,,122.0
8,グラフ,9,ベガルタ仙台,13,8,4,1,3,10,11,-1,,,,2016,J1,8,2ｓｔ,9.0,36.0,,41.0
9,グラフ,10,鹿島アントラーズ,10,8,3,1,4,14,13,1,,,,2016,J1,8,2ｓｔ,3.0,49.0,,80.0
10,グラフ,11,大宮アルディージャ,10,8,2,4,2,7,7,0,,,,2016,J1,8,2ｓｔ,8.0,36.0,,112.0
11,グラフ,12,ＦＣ東京,9,8,3,0,5,9,13,-4,,,,2016,J1,8,2ｓｔ,12.0,32.0,,130.0
12,グラフ,13,ヴァンフォーレ甲府,8,8,2,2,4,7,14,-7,,,,2016,J1,8,2ｓｔ,15.0,23.0,,151.0
13,グラフ,14,アルビレックス新潟,6,8,2,0,6,6,10,-4,,,,2016,J1,8,2ｓｔ,14.0,24.0,,191.0
14,グラフ,15,アビスパ福岡,5,8,1,2,5,7,13,-6,,,,2016,J1,8,2ｓｔ,18.0,16.0,,401.0
15,グラフ,16,ジュビロ磐田,4,8,0,4,4,6,13,-7,,,,2016,J1,8,2ｓｔ,13.0,27.0,,222.0
16,グラフ,17,湘南ベルマーレ,3,8,1,0,7,5,17,-12,,,,2016,J1,8,2ｓｔ,17.0,19.0,,147.0
17,グラフ,18,名古屋グランパス,2,8,0,2,6,1,14,-13,,,,2016,J1,8,2ｓｔ,16.0,19.0,,231.0
0,グラフ,1,浦和レッズ,22,9,7,1,1,17,6,11,,,111.0,2016,J1,9,１ｓｔ,,,,
1,グラフ,2,川崎フロンターレ,20,9,6,2,1,19,10,9,,,142.0,2016,J1,9,１ｓｔ,,,,
2,グラフ,3,鹿島アントラーズ,17,9,5,2,2,12,5,7,,,80.0,2016,J1,9,１ｓｔ,,,,
3,グラフ,4,柏レイソル,15,9,4,3,2,12,9,3,,,122.0,2016,J1,9,１ｓｔ,,,,
4,グラフ,5,大宮アルディージャ,15,9,4,3,2,10,10,0,,,112.0,2016,J1,9,１ｓｔ,,,,
5,グラフ,6,ジュビロ磐田,15,9,4,3,2,12,13,-1,,,222.0,2016,J1,9,１ｓｔ,,,,
6,グラフ,7,サンフレッチェ広島,14,9,4,2,3,15,11,4,,,341.0,2016,J1,9,１ｓｔ,,,,
7,グラフ,8,横浜Ｆ・マリノス,14,9,4,2,3,13,9,4,,,143.0,2016,J1,9,１ｓｔ,,,,
8,グラフ,9,ガンバ大阪,12,9,4,0,5,9,9,0,,,271.0,2016,J1,9,１ｓｔ,,,,
9,グラフ,10,ヴィッセル神戸,11,8,3,2,3,12,12,0,,,281.0,2016,J1,9,１ｓｔ,,,,
10,グラフ,11,ヴァンフォーレ甲府,10,9,2,4,3,11,13,-2,,,151.0,2016,J1,9,１ｓｔ,,,,
11,グラフ,12,名古屋グランパス,10,8,3,1,4,12,15,-3,,,231.0,2016,J1,9,１ｓｔ,,,,
12,グラフ,13,ＦＣ東京,10,9,3,1,5,9,13,-4,,,130.0,2016,J1,9,１ｓｔ,,,,
13,グラフ,14,サガン鳥栖,8,8,2,2,4,7,8,-1,,,412.0,2016,J1,9,１ｓｔ,,,,
14,グラフ,15,アルビレックス新潟,8,9,2,2,5,13,18,-5,,,191.0,2016,J1,9,１ｓｔ,,,,
15,グラフ,16,ベガルタ仙台,7,9,2,1,6,8,17,-9,,,41.0,2016,J1,9,１ｓｔ,,,,
16,グラフ,17,アビスパ福岡,6,8,1,3,4,5,9,-4,,,401.0,2016,J1,9,１ｓｔ,,,,
17,グラフ,18,湘南ベルマーレ,5,9,1,2,6,10,19,-9,,,147.0,2016,J1,9,１ｓｔ,,,,
0,グラフ,1,川崎フロンターレ,22,9,7,1,1,20,7,13,,,,2016,J1,9,2ｓｔ,1.0,60.0,,142.0
1,グラフ,2,浦和レッズ,22,9,7,1,1,18,7,11,,,,2016,J1,9,2ｓｔ,2.0,55.0,,111.0
2,グラフ,3,サガン鳥栖,18,9,5,3,1,14,9,5,,,,2016,J1,9,2ｓｔ,11.0,35.0,,412.0
3,グラフ,4,ガンバ大阪,17,9,5,2,2,13,7,6,,,,2016,J1,9,2ｓｔ,5.0,41.0,,271.0
4,グラフ,5,横浜Ｆ・マリノス,16,9,4,4,1,15,8,7,,,,2016,J1,9,2ｓｔ,8.0,38.0,,143.0
5,グラフ,6,ヴィッセル神戸,16,9,5,1,3,15,9,6,,,,2016,J1,9,2ｓｔ,9.0,36.0,,281.0
6,グラフ,7,柏レイソル,16,9,5,1,3,16,15,1,,,,2016,J1,9,2ｓｔ,6.0,40.0,,122.0
7,グラフ,8,サンフレッチェ広島,14,9,4,2,3,16,12,4,,,,2016,J1,9,2ｓｔ,4.0,43.0,,341.0
8,グラフ,9,鹿島アントラーズ,13,9,4,1,4,15,13,2,,,,2016,J1,9,2ｓｔ,3.0,52.0,,80.0
9,グラフ,10,大宮アルディージャ,13,9,3,4,2,9,8,1,,,,2016,J1,9,2ｓｔ,7.0,39.0,,112.0
10,グラフ,11,ベガルタ仙台,13,9,4,1,4,11,13,-2,,,,2016,J1,9,2ｓｔ,10.0,36.0,,41.0
11,グラフ,12,ＦＣ東京,12,9,4,0,5,10,13,-3,,,,2016,J1,9,2ｓｔ,12.0,35.0,,130.0
12,グラフ,13,ヴァンフォーレ甲府,11,9,3,2,4,8,14,-6,,,,2016,J1,9,2ｓｔ,15.0,26.0,,151.0
13,グラフ,14,アルビレックス新潟,9,9,3,0,6,9,10,-1,,,,2016,J1,9,2ｓｔ,14.0,27.0,,191.0
14,グラフ,15,ジュビロ磐田,5,9,0,5,4,7,14,-7,,,,2016,J1,9,2ｓｔ,13.0,28.0,,222.0
15,グラフ,16,アビスパ福岡,5,9,1,2,6,7,16,-9,,,,2016,J1,9,2ｓｔ,18.0,16.0,,401.0
16,グラフ,17,湘南ベルマーレ,3,9,1,0,8,5,18,-13,,,,2016,J1,9,2ｓｔ,17.0,19.0,,147.0
17,グラフ,18,名古屋グランパス,2,9,0,2,7,2,17,-15,,,,2016,J1,9,2ｓｔ,16.0,19.0,,231.0
0,グラフ,1,浦和レッズ,22,9,7,1,1,17,6,11,,,111.0,2016,J1,10,１ｓｔ,,,,
1,グラフ,2,川崎フロンターレ,21,10,6,3,1,20,11,9,,,142.0,2016,J1,10,１ｓｔ,,,,
2,グラフ,3,鹿島アントラーズ,20,10,6,2,2,14,6,8,,,80.0,2016,J1,10,１ｓｔ,,,,
3,グラフ,4,柏レイソル,18,10,5,3,2,14,9,5,,,122.0,2016,J1,10,１ｓｔ,,,,
4,グラフ,5,大宮アルディージャ,18,10,5,3,2,12,11,1,,,112.0,2016,J1,10,１ｓｔ,,,,
5,グラフ,6,ジュビロ磐田,15,10,4,3,3,13,17,-4,,,222.0,2016,J1,10,１ｓｔ,,,,
6,グラフ,7,サンフレッチェ広島,14,9,4,2,3,15,11,4,,,341.0,2016,J1,10,１ｓｔ,,,,
7,グラフ,8,ヴィッセル神戸,14,9,4,2,3,16,13,3,,,281.0,2016,J1,10,１ｓｔ,,,,
8,グラフ,9,横浜Ｆ・マリノス,14,10,4,2,4,14,12,2,,,143.0,2016,J1,10,１ｓｔ,,,,
9,グラフ,10,名古屋グランパス,13,9,4,1,4,15,16,-1,,,231.0,2016,J1,10,１ｓｔ,,,,
10,グラフ,11,ガンバ大阪,12,9,4,0,5,9,9,0,,,271.0,2016,J1,10,１ｓｔ,,,,
11,グラフ,12,ヴァンフォーレ甲府,10,10,2,4,4,11,15,-4,,,151.0,2016,J1,10,１ｓｔ,,,,
12,グラフ,13,ＦＣ東京,10,9,3,1,5,9,13,-4,,,130.0,2016,J1,10,１ｓｔ,,,,
13,グラフ,14,サガン鳥栖,8,9,2,2,5,7,9,-2,,,412.0,2016,J1,10,１ｓｔ,,,,
14,グラフ,15,アルビレックス新潟,8,10,2,2,6,14,20,-6,,,191.0,2016,J1,10,１ｓｔ,,,,
15,グラフ,16,湘南ベルマーレ,8,10,2,2,6,11,19,-8,,,147.0,2016,J1,10,１ｓｔ,,,,
16,グラフ,17,ベガルタ仙台,8,10,2,2,6,9,18,-9,,,41.0,2016,J1,10,１ｓｔ,,,,
17,グラフ,18,アビスパ福岡,6,9,1,3,5,6,11,-5,,,401.0,2016,J1,10,１ｓｔ,,,,
0,グラフ,1,川崎フロンターレ,22,10,7,1,2,22,12,10,,,,2016,J1,10,2ｓｔ,1.0,60.0,,142.0
1,グラフ,2,浦和レッズ,22,10,7,1,2,19,9,10,,,,2016,J1,10,2ｓｔ,2.0,55.0,,111.0
2,グラフ,3,サガン鳥栖,21,10,6,3,1,15,9,6,,,,2016,J1,10,2ｓｔ,10.0,38.0,,412.0
3,グラフ,4,ガンバ大阪,20,10,6,2,2,15,8,7,,,,2016,J1,10,2ｓｔ,5.0,44.0,,271.0
4,グラフ,5,ヴィッセル神戸,19,10,6,1,3,17,10,7,,,,2016,J1,10,2ｓｔ,9.0,39.0,,281.0
5,グラフ,6,柏レイソル,19,10,6,1,3,21,17,4,,,,2016,J1,10,2ｓｔ,6.0,43.0,,122.0
6,グラフ,7,横浜Ｆ・マリノス,17,10,4,5,1,17,10,7,,,,2016,J1,10,2ｓｔ,8.0,39.0,,143.0
7,グラフ,8,サンフレッチェ広島,17,10,5,2,3,18,12,6,,,,2016,J1,10,2ｓｔ,4.0,46.0,,341.0
8,グラフ,9,鹿島アントラーズ,14,10,4,2,4,17,15,2,,,,2016,J1,10,2ｓｔ,3.0,53.0,,80.0
9,グラフ,10,大宮アルディージャ,14,10,3,5,2,11,10,1,,,,2016,J1,10,2ｓｔ,7.0,40.0,,112.0
10,グラフ,11,ＦＣ東京,13,10,4,1,5,11,14,-3,,,,2016,J1,10,2ｓｔ,11.0,36.0,,130.0
11,グラフ,12,ベガルタ仙台,13,10,4,1,5,11,15,-4,,,,2016,J1,10,2ｓｔ,12.0,36.0,,41.0
12,グラフ,13,ヴァンフォーレ甲府,12,10,3,3,4,10,16,-6,,,,2016,J1,10,2ｓｔ,15.0,27.0,,151.0
13,グラフ,14,アルビレックス新潟,9,10,3,0,7,9,11,-2,,,,2016,J1,10,2ｓｔ,14.0,27.0,,191.0
14,グラフ,15,ジュビロ磐田,8,10,1,5,4,10,16,-6,,,,2016,J1,10,2ｓｔ,13.0,31.0,,222.0
15,グラフ,16,アビスパ福岡,5,10,1,2,7,9,19,-10,,,,2016,J1,10,2ｓｔ,18.0,16.0,,401.0
16,グラフ,17,湘南ベルマーレ,3,10,1,0,9,6,20,-14,,,,2016,J1,10,2ｓｔ,17.0,19.0,,147.0
17,グラフ,18,名古屋グランパス,3,10,0,3,7,3,18,-15,,,,2016,J1,10,2ｓｔ,16.0,20.0,,231.0
0,グラフ,1,浦和レッズ,25,10,8,1,1,18,6,12,,,111.0,2016,J1,11,１ｓｔ,,,,
1,グラフ,2,川崎フロンターレ,24,11,7,3,1,23,12,11,,,142.0,2016,J1,11,１ｓｔ,,,,
2,グラフ,3,鹿島アントラーズ,21,11,6,3,2,15,7,8,,,80.0,2016,J1,11,１ｓｔ,,,,
3,グラフ,4,柏レイソル,18,11,5,3,3,15,12,3,,,122.0,2016,J1,11,１ｓｔ,,,,
4,グラフ,5,大宮アルディージャ,18,11,5,3,3,12,12,0,,,112.0,2016,J1,11,１ｓｔ,,,,
5,グラフ,6,サンフレッチェ広島,17,10,5,2,3,18,11,7,,,341.0,2016,J1,11,１ｓｔ,,,,
6,グラフ,7,ヴィッセル神戸,17,10,5,2,3,17,13,4,,,281.0,2016,J1,11,１ｓｔ,,,,
7,グラフ,8,ジュビロ磐田,16,11,4,4,3,14,18,-4,,,222.0,2016,J1,11,１ｓｔ,,,,
8,グラフ,9,横浜Ｆ・マリノス,15,11,4,3,4,16,14,2,,,143.0,2016,J1,11,１ｓｔ,,,,
9,グラフ,10,ガンバ大阪,13,10,4,1,5,9,9,0,,,271.0,2016,J1,11,１ｓｔ,,,,
10,グラフ,11,名古屋グランパス,13,10,4,1,5,15,17,-2,,,231.0,2016,J1,11,１ｓｔ,,,,
11,グラフ,12,ＦＣ東京,13,10,4,1,5,10,13,-3,,,130.0,2016,J1,11,１ｓｔ,,,,
12,グラフ,13,ヴァンフォーレ甲府,11,11,2,5,4,13,17,-4,,,151.0,2016,J1,11,１ｓｔ,,,,
13,グラフ,14,ベガルタ仙台,11,11,3,2,6,11,18,-7,,,41.0,2016,J1,11,１ｓｔ,,,,
14,グラフ,15,アルビレックス新潟,9,11,2,3,6,14,20,-6,,,191.0,2016,J1,11,１ｓｔ,,,,
15,グラフ,16,サガン鳥栖,8,10,2,2,6,7,12,-5,,,412.0,2016,J1,11,１ｓｔ,,,,
16,グラフ,17,湘南ベルマーレ,8,11,2,2,7,11,20,-9,,,147.0,2016,J1,11,１ｓｔ,,,,
17,グラフ,18,アビスパ福岡,6,10,1,3,6,6,13,-7,,,401.0,2016,J1,11,１ｓｔ,,,,
0,グラフ,1,川崎フロンターレ,25,11,8,1,2,25,13,12,,,,2016,J1,11,2ｓｔ,1.0,63.0,,142.0
1,グラフ,2,浦和レッズ,25,11,8,1,2,21,9,12,,,,2016,J1,11,2ｓｔ,2.0,58.0,,111.0
2,グラフ,3,ガンバ大阪,23,11,7,2,2,17,9,8,,,,2016,J1,11,2ｓｔ,4.0,47.0,,271.0
3,グラフ,4,ヴィッセル神戸,22,11,7,1,3,21,13,8,,,,2016,J1,11,2ｓｔ,9.0,42.0,,281.0
4,グラフ,5,柏レイソル,22,11,7,1,3,23,17,6,,,,2016,J1,11,2ｓｔ,6.0,46.0,,122.0
5,グラフ,6,サガン鳥栖,21,11,6,3,2,15,11,4,,,,2016,J1,11,2ｓｔ,11.0,38.0,,412.0
6,グラフ,7,横浜Ｆ・マリノス,20,11,5,5,1,18,10,8,,,,2016,J1,11,2ｓｔ,8.0,42.0,,143.0
7,グラフ,8,サンフレッチェ広島,17,11,5,2,4,18,13,5,,,,2016,J1,11,2ｓｔ,5.0,46.0,,341.0
8,グラフ,9,大宮アルディージャ,17,11,4,5,2,12,10,2,,,,2016,J1,11,2ｓｔ,7.0,43.0,,112.0
9,グラフ,10,ＦＣ東京,16,11,5,1,5,14,14,0,,,,2016,J1,11,2ｓｔ,10.0,39.0,,130.0
10,グラフ,11,鹿島アントラーズ,14,11,4,2,5,17,17,0,,,,2016,J1,11,2ｓｔ,3.0,53.0,,80.0
11,グラフ,12,ベガルタ仙台,13,11,4,1,6,11,16,-5,,,,2016,J1,11,2ｓｔ,12.0,36.0,,41.0
12,グラフ,13,ヴァンフォーレ甲府,12,11,3,3,5,11,18,-7,,,,2016,J1,11,2ｓｔ,15.0,27.0,,151.0
13,グラフ,14,アルビレックス新潟,9,11,3,0,8,9,12,-3,,,,2016,J1,11,2ｓｔ,14.0,27.0,,191.0
14,グラフ,15,ジュビロ磐田,8,11,1,5,5,13,20,-7,,,,2016,J1,11,2ｓｔ,13.0,31.0,,222.0
15,グラフ,16,名古屋グランパス,6,11,1,3,7,4,18,-14,,,,2016,J1,11,2ｓｔ,16.0,23.0,,231.0
16,グラフ,17,アビスパ福岡,5,11,1,2,8,10,22,-12,,,,2016,J1,11,2ｓｔ,18.0,16.0,,401.0
17,グラフ,18,湘南ベルマーレ,3,11,1,0,10,6,23,-17,,,,2016,J1,11,2ｓｔ,17.0,19.0,,147.0
0,グラフ,1,川崎フロンターレ,27,12,8,3,1,26,13,13,,,142.0,2016,J1,12,１ｓｔ,,,,
1,グラフ,2,浦和レッズ,26,11,8,2,1,18,6,12,,,111.0,2016,J1,12,１ｓｔ,,,,
2,グラフ,3,鹿島アントラーズ,24,12,7,3,2,16,7,9,,,80.0,2016,J1,12,１ｓｔ,,,,
3,グラフ,4,大宮アルディージャ,21,12,6,3,3,13,12,1,,,112.0,2016,J1,12,１ｓｔ,,,,
4,グラフ,5,柏レイソル,19,12,5,4,3,15,12,3,,,122.0,2016,J1,12,１ｓｔ,,,,
5,グラフ,6,サンフレッチェ広島,18,11,5,3,3,18,11,7,,,341.0,2016,J1,12,１ｓｔ,,,,
6,グラフ,7,ヴィッセル神戸,17,11,5,2,4,18,16,2,,,281.0,2016,J1,12,１ｓｔ,,,,
7,グラフ,8,ガンバ大阪,16,11,5,1,5,11,10,1,,,271.0,2016,J1,12,１ｓｔ,,,,
8,グラフ,9,ジュビロ磐田,16,12,4,4,4,15,20,-5,,,222.0,2016,J1,12,１ｓｔ,,,,
9,グラフ,10,横浜Ｆ・マリノス,15,12,4,3,5,16,15,1,,,143.0,2016,J1,12,１ｓｔ,,,,
10,グラフ,11,名古屋グランパス,14,11,4,2,5,17,19,-2,,,231.0,2016,J1,12,１ｓｔ,,,,
11,グラフ,12,ＦＣ東京,14,11,4,2,5,10,13,-3,,,130.0,2016,J1,12,１ｓｔ,,,,
12,グラフ,13,ヴァンフォーレ甲府,12,12,2,6,4,15,19,-4,,,151.0,2016,J1,12,１ｓｔ,,,,
13,グラフ,14,ベガルタ仙台,11,12,3,2,7,11,19,-8,,,41.0,2016,J1,12,１ｓｔ,,,,
14,グラフ,15,アルビレックス新潟,10,12,2,4,6,14,20,-6,,,191.0,2016,J1,12,１ｓｔ,,,,
15,グラフ,16,サガン鳥栖,9,11,2,3,6,7,12,-5,,,412.0,2016,J1,12,１ｓｔ,,,,
16,グラフ,17,アビスパ福岡,9,11,2,3,6,7,13,-6,,,401.0,2016,J1,12,１ｓｔ,,,,
17,グラフ,18,湘南ベルマーレ,8,12,2,2,8,11,21,-10,,,147.0,2016,J1,12,１ｓｔ,,,,
0,グラフ,1,浦和レッズ,28,12,9,1,2,24,10,14,,,,2016,J1,12,2ｓｔ,2.0,61.0,,111.0
1,グラフ,2,ガンバ大阪,26,12,8,2,2,20,10,10,,,,2016,J1,12,2ｓｔ,4.0,50.0,,271.0
2,グラフ,3,川崎フロンターレ,25,12,8,1,3,27,16,11,,,,2016,J1,12,2ｓｔ,1.0,63.0,,142.0
3,グラフ,4,横浜Ｆ・マリノス,23,12,6,5,1,21,11,10,,,,2016,J1,12,2ｓｔ,8.0,45.0,,143.0
4,グラフ,5,ヴィッセル神戸,23,12,7,2,3,22,14,8,,,,2016,J1,12,2ｓｔ,9.0,43.0,,281.0
5,グラフ,6,柏レイソル,23,12,7,2,3,24,18,6,,,,2016,J1,12,2ｓｔ,6.0,47.0,,122.0
6,グラフ,7,サガン鳥栖,21,12,6,3,3,17,14,3,,,,2016,J1,12,2ｓｔ,11.0,38.0,,412.0
7,グラフ,8,サンフレッチェ広島,20,12,6,2,4,21,15,6,,,,2016,J1,12,2ｓｔ,5.0,49.0,,341.0
8,グラフ,9,大宮アルディージャ,20,12,5,5,2,15,12,3,,,,2016,J1,12,2ｓｔ,7.0,46.0,,112.0
9,グラフ,10,鹿島アントラーズ,17,12,5,2,5,20,17,3,,,,2016,J1,12,2ｓｔ,3.0,56.0,,80.0
10,グラフ,11,ＦＣ東京,16,12,5,1,6,15,17,-2,,,,2016,J1,12,2ｓｔ,10.0,39.0,,130.0
11,グラフ,12,ベガルタ仙台,14,12,4,2,6,12,17,-5,,,,2016,J1,12,2ｓｔ,12.0,37.0,,41.0
12,グラフ,13,ヴァンフォーレ甲府,13,12,3,4,5,12,19,-7,,,,2016,J1,12,2ｓｔ,14.0,28.0,,151.0
13,グラフ,14,アルビレックス新潟,9,12,3,0,9,10,15,-5,,,,2016,J1,12,2ｓｔ,15.0,27.0,,191.0
14,グラフ,15,ジュビロ磐田,8,12,1,5,6,13,23,-10,,,,2016,J1,12,2ｓｔ,13.0,31.0,,222.0
15,グラフ,16,アビスパ福岡,8,12,2,2,8,12,22,-10,,,,2016,J1,12,2ｓｔ,17.0,19.0,,401.0
16,グラフ,17,名古屋グランパス,6,12,1,3,8,5,21,-16,,,,2016,J1,12,2ｓｔ,16.0,23.0,,231.0
17,グラフ,18,湘南ベルマーレ,3,12,1,0,11,6,25,-19,,,,2016,J1,12,2ｓｔ,18.0,19.0,,147.0
0,グラフ,1,川崎フロンターレ,28,13,8,4,1,26,13,13,,,142.0,2016,J1,13,１ｓｔ,,,,
1,グラフ,2,鹿島アントラーズ,27,13,8,3,2,19,9,10,,,80.0,2016,J1,13,１ｓｔ,,,,
2,グラフ,3,浦和レッズ,26,11,8,2,1,18,6,12,,,111.0,2016,J1,13,１ｓｔ,,,,
3,グラフ,4,大宮アルディージャ,24,13,7,3,3,14,12,2,,,112.0,2016,J1,13,１ｓｔ,,,,
4,グラフ,5,柏レイソル,22,13,6,4,3,18,14,4,,,122.0,2016,J1,13,１ｓｔ,,,,
5,グラフ,6,ガンバ大阪,19,12,6,1,5,14,11,3,,,271.0,2016,J1,13,１ｓｔ,,,,
6,グラフ,7,ジュビロ磐田,19,13,5,4,4,18,21,-3,,,222.0,2016,J1,13,１ｓｔ,,,,
7,グラフ,8,サンフレッチェ広島,18,12,5,3,4,19,14,5,,,341.0,2016,J1,13,１ｓｔ,,,,
8,グラフ,9,横浜Ｆ・マリノス,18,13,5,3,5,17,15,2,,,143.0,2016,J1,13,１ｓｔ,,,,
9,グラフ,10,ヴィッセル神戸,17,12,5,2,5,18,17,1,,,281.0,2016,J1,13,１ｓｔ,,,,
10,グラフ,11,名古屋グランパス,14,12,4,2,6,19,22,-3,,,231.0,2016,J1,13,１ｓｔ,,,,
11,グラフ,12,ＦＣ東京,14,11,4,2,5,10,13,-3,,,130.0,2016,J1,13,１ｓｔ,,,,
12,グラフ,13,ベガルタ仙台,14,13,4,2,7,12,19,-7,,,41.0,2016,J1,13,１ｓｔ,,,,
13,グラフ,14,ヴァンフォーレ甲府,12,13,2,6,5,16,22,-6,,,151.0,2016,J1,13,１ｓｔ,,,,
14,グラフ,15,アルビレックス新潟,11,13,2,5,6,14,20,-6,,,191.0,2016,J1,13,１ｓｔ,,,,
15,グラフ,16,サガン鳥栖,9,12,2,3,7,7,13,-6,,,412.0,2016,J1,13,１ｓｔ,,,,
16,グラフ,17,アビスパ福岡,9,12,2,3,7,9,16,-7,,,401.0,2016,J1,13,１ｓｔ,,,,
17,グラフ,18,湘南ベルマーレ,8,13,2,2,9,11,22,-11,,,147.0,2016,J1,13,１ｓｔ,,,,
0,グラフ,1,浦和レッズ,31,13,10,1,2,27,10,17,,,,2016,J1,13,2ｓｔ,2.0,64.0,,111.0
1,グラフ,2,川崎フロンターレ,28,13,9,1,3,30,18,12,,,,2016,J1,13,2ｓｔ,1.0,66.0,,142.0
2,グラフ,3,ガンバ大阪,27,13,8,3,2,23,13,10,,,,2016,J1,13,2ｓｔ,4.0,51.0,,271.0
3,グラフ,4,ヴィッセル神戸,26,13,8,2,3,26,15,11,,,,2016,J1,13,2ｓｔ,8.0,46.0,,281.0
4,グラフ,5,柏レイソル,26,13,8,2,3,25,18,7,,,,2016,J1,13,2ｓｔ,5.0,50.0,,122.0
5,グラフ,6,横浜Ｆ・マリノス,23,13,6,5,2,23,14,9,,,,2016,J1,13,2ｓｔ,9.0,45.0,,143.0
6,グラフ,7,サガン鳥栖,22,13,6,4,3,18,15,3,,,,2016,J1,13,2ｓｔ,11.0,39.0,,412.0
7,グラフ,8,大宮アルディージャ,21,13,5,6,2,16,13,3,,,,2016,J1,13,2ｓｔ,7.0,47.0,,112.0
8,グラフ,9,鹿島アントラーズ,20,13,6,2,5,22,17,5,,,,2016,J1,13,2ｓｔ,3.0,59.0,,80.0
9,グラフ,10,サンフレッチェ広島,20,13,6,2,5,21,18,3,,,,2016,J1,13,2ｓｔ,6.0,49.0,,341.0
10,グラフ,11,ＦＣ東京,17,13,5,2,6,18,20,-2,,,,2016,J1,13,2ｓｔ,10.0,40.0,,130.0
11,グラフ,12,ベガルタ仙台,14,13,4,2,7,13,19,-6,,,,2016,J1,13,2ｓｔ,12.0,37.0,,41.0
12,グラフ,13,ヴァンフォーレ甲府,13,13,3,4,6,12,20,-8,,,,2016,J1,13,2ｓｔ,14.0,28.0,,151.0
13,グラフ,14,アルビレックス新潟,9,13,3,0,10,10,17,-7,,,,2016,J1,13,2ｓｔ,15.0,27.0,,191.0
14,グラフ,15,ジュビロ磐田,9,13,1,6,6,13,23,-10,,,,2016,J1,13,2ｓｔ,13.0,32.0,,222.0
15,グラフ,16,名古屋グランパス,9,13,2,3,8,7,22,-15,,,,2016,J1,13,2ｓｔ,16.0,26.0,,231.0
16,グラフ,17,アビスパ福岡,8,13,2,2,9,13,26,-13,,,,2016,J1,13,2ｓｔ,18.0,19.0,,401.0
17,グラフ,18,湘南ベルマーレ,4,13,1,1,11,6,25,-19,,,,2016,J1,13,2ｓｔ,17.0,20.0,,147.0
0,グラフ,1,川崎フロンターレ,31,14,9,4,1,27,13,14,,,142.0,2016,J1,14,１ｓｔ,,,,
1,グラフ,2,鹿島アントラーズ,30,14,9,3,2,23,9,14,,,80.0,2016,J1,14,１ｓｔ,,,,
2,グラフ,3,浦和レッズ,27,12,8,3,1,18,6,12,,,111.0,2016,J1,14,１ｓｔ,,,,
3,グラフ,4,大宮アルディージャ,25,14,7,4,3,16,14,2,,,112.0,2016,J1,14,１ｓｔ,,,,
4,グラフ,5,柏レイソル,22,14,6,4,4,18,17,1,,,122.0,2016,J1,14,１ｓｔ,,,,
5,グラフ,6,サンフレッチェ広島,21,13,6,3,4,23,14,9,,,341.0,2016,J1,14,１ｓｔ,,,,
6,グラフ,7,横浜Ｆ・マリノス,21,14,6,3,5,20,15,5,,,143.0,2016,J1,14,１ｓｔ,,,,
7,グラフ,8,ガンバ大阪,19,13,6,1,6,14,12,2,,,271.0,2016,J1,14,１ｓｔ,,,,
8,グラフ,9,ジュビロ磐田,19,14,5,4,5,18,22,-4,,,222.0,2016,J1,14,１ｓｔ,,,,
9,グラフ,10,ヴィッセル神戸,18,13,5,3,5,20,19,1,,,281.0,2016,J1,14,１ｓｔ,,,,
10,グラフ,11,ＦＣ東京,17,12,5,2,5,11,13,-2,,,130.0,2016,J1,14,１ｓｔ,,,,
11,グラフ,12,ベガルタ仙台,17,14,5,2,7,16,21,-5,,,41.0,2016,J1,14,１ｓｔ,,,,
12,グラフ,13,名古屋グランパス,14,13,4,2,7,20,24,-4,,,231.0,2016,J1,14,１ｓｔ,,,,
13,グラフ,14,ヴァンフォーレ甲府,12,14,2,6,6,16,26,-10,,,151.0,2016,J1,14,１ｓｔ,,,,
14,グラフ,15,アルビレックス新潟,11,14,2,5,7,16,24,-8,,,191.0,2016,J1,14,１ｓｔ,,,,
15,グラフ,16,湘南ベルマーレ,11,14,3,2,9,13,23,-10,,,147.0,2016,J1,14,１ｓｔ,,,,
16,グラフ,17,サガン鳥栖,10,13,2,4,7,7,13,-6,,,412.0,2016,J1,14,１ｓｔ,,,,
17,グラフ,18,アビスパ福岡,9,13,2,3,8,9,20,-11,,,401.0,2016,J1,14,１ｓｔ,,,,
0,グラフ,1,浦和レッズ,34,14,11,1,2,31,10,21,,,,2016,J1,14,2ｓｔ,1.0,67.0,,111.0
1,グラフ,2,ヴィッセル神戸,29,14,9,2,3,29,15,14,,,,2016,J1,14,2ｓｔ,8.0,49.0,,281.0
2,グラフ,3,川崎フロンターレ,28,14,9,1,4,30,21,9,,,,2016,J1,14,2ｓｔ,2.0,66.0,,142.0
3,グラフ,4,柏レイソル,27,14,8,3,3,25,18,7,,,,2016,J1,14,2ｓｔ,5.0,51.0,,122.0
4,グラフ,5,ガンバ大阪,27,14,8,3,3,23,17,6,,,,2016,J1,14,2ｓｔ,4.0,51.0,,271.0
5,グラフ,6,横浜Ｆ・マリノス,26,14,7,5,2,27,14,13,,,,2016,J1,14,2ｓｔ,9.0,48.0,,143.0
6,グラフ,7,大宮アルディージャ,24,14,6,6,2,19,14,5,,,,2016,J1,14,2ｓｔ,6.0,50.0,,112.0
7,グラフ,8,サガン鳥栖,22,14,6,4,4,20,18,2,,,,2016,J1,14,2ｓｔ,12.0,39.0,,412.0
8,グラフ,9,鹿島アントラーズ,20,14,6,2,6,23,20,3,,,,2016,J1,14,2ｓｔ,3.0,59.0,,80.0
9,グラフ,10,サンフレッチェ広島,20,14,6,2,6,21,19,2,,,,2016,J1,14,2ｓｔ,7.0,49.0,,341.0
10,グラフ,11,ＦＣ東京,20,14,6,2,6,19,20,-1,,,,2016,J1,14,2ｓｔ,10.0,43.0,,130.0
11,グラフ,12,ベガルタ仙台,17,14,5,2,7,16,21,-5,,,,2016,J1,14,2ｓｔ,11.0,40.0,,41.0
12,グラフ,13,ヴァンフォーレ甲府,13,14,3,4,7,12,24,-12,,,,2016,J1,14,2ｓｔ,16.0,28.0,,151.0
13,グラフ,14,アルビレックス新潟,12,14,4,0,10,12,18,-6,,,,2016,J1,14,2ｓｔ,14.0,30.0,,191.0
14,グラフ,15,名古屋グランパス,12,14,3,3,8,12,22,-10,,,,2016,J1,14,2ｓｔ,15.0,29.0,,231.0
15,グラフ,16,ジュビロ磐田,9,14,1,6,7,14,25,-11,,,,2016,J1,14,2ｓｔ,13.0,32.0,,222.0
16,グラフ,17,アビスパ福岡,8,14,2,2,10,13,31,-18,,,,2016,J1,14,2ｓｔ,18.0,19.0,,401.0
17,グラフ,18,湘南ベルマーレ,5,14,1,2,11,6,25,-19,,,,2016,J1,14,2ｓｔ,17.0,21.0,,147.0
0,グラフ,1,川崎フロンターレ,34,15,10,4,1,29,13,16,,,142.0,2016,J1,15,１ｓｔ,,,,
1,グラフ,2,鹿島アントラーズ,33,15,10,3,2,25,9,16,,,80.0,2016,J1,15,１ｓｔ,,,,
2,グラフ,3,浦和レッズ,27,13,8,3,2,18,8,10,,,111.0,2016,J1,15,１ｓｔ,,,,
3,グラフ,4,大宮アルディージャ,25,15,7,4,4,16,15,1,,,112.0,2016,J1,15,１ｓｔ,,,,
4,グラフ,5,サンフレッチェ広島,22,14,6,4,4,24,15,9,,,341.0,2016,J1,15,１ｓｔ,,,,
5,グラフ,6,柏レイソル,22,15,6,4,5,18,19,-1,,,122.0,2016,J1,15,１ｓｔ,,,,
6,グラフ,7,横浜Ｆ・マリノス,21,15,6,3,6,20,17,3,,,143.0,2016,J1,15,１ｓｔ,,,,
7,グラフ,8,ガンバ大阪,20,14,6,2,6,17,15,2,,,271.0,2016,J1,15,１ｓｔ,,,,
8,グラフ,9,ヴィッセル神戸,20,15,5,5,5,21,20,1,,,281.0,2016,J1,15,１ｓｔ,,,,
9,グラフ,10,ベガルタ仙台,20,15,6,2,7,18,21,-3,,,41.0,2016,J1,15,１ｓｔ,,,,
10,グラフ,11,ジュビロ磐田,20,15,5,5,5,18,22,-4,,,222.0,2016,J1,15,１ｓｔ,,,,
11,グラフ,12,ＦＣ東京,18,13,5,3,5,11,13,-2,,,130.0,2016,J1,15,１ｓｔ,,,,
12,グラフ,13,名古屋グランパス,15,15,4,3,8,20,25,-5,,,231.0,2016,J1,15,１ｓｔ,,,,
13,グラフ,14,ヴァンフォーレ甲府,15,15,3,6,6,17,26,-9,,,151.0,2016,J1,15,１ｓｔ,,,,
14,グラフ,15,サガン鳥栖,14,15,3,5,7,8,13,-5,,,412.0,2016,J1,15,１ｓｔ,,,,
15,グラフ,16,アルビレックス新潟,14,15,3,5,7,17,24,-7,,,191.0,2016,J1,15,１ｓｔ,,,,
16,グラフ,17,湘南ベルマーレ,12,15,3,3,9,16,26,-10,,,147.0,2016,J1,15,１ｓｔ,,,,
17,グラフ,18,アビスパ福岡,10,15,2,4,9,9,21,-12,,,401.0,2016,J1,15,１ｓｔ,,,,
0,グラフ,1,浦和レッズ,37,15,12,1,2,33,11,22,,,,2016,J1,15,2ｓｔ,1.0,70.0,,111.0
1,グラフ,2,川崎フロンターレ,31,15,10,1,4,32,21,11,,,,2016,J1,15,2ｓｔ,2.0,69.0,,142.0
2,グラフ,3,ヴィッセル神戸,29,15,9,2,4,29,18,11,,,,2016,J1,15,2ｓｔ,9.0,49.0,,281.0
3,グラフ,4,ガンバ大阪,28,15,8,4,3,25,19,6,,,,2016,J1,15,2ｓｔ,5.0,52.0,,271.0
4,グラフ,5,横浜Ｆ・マリノス,27,15,7,6,2,29,16,13,,,,2016,J1,15,2ｓｔ,7.0,49.0,,143.0
5,グラフ,6,柏レイソル,27,15,8,3,4,27,21,6,,,,2016,J1,15,2ｓｔ,6.0,51.0,,122.0
6,グラフ,7,大宮アルディージャ,27,15,7,6,2,22,16,6,,,,2016,J1,15,2ｓｔ,4.0,53.0,,112.0
7,グラフ,8,サガン鳥栖,25,15,7,4,4,23,20,3,,,,2016,J1,15,2ｓｔ,12.0,42.0,,412.0
8,グラフ,9,ＦＣ東京,23,15,7,2,6,21,21,0,,,,2016,J1,15,2ｓｔ,10.0,46.0,,130.0
9,グラフ,10,鹿島アントラーズ,20,15,6,2,7,24,22,2,,,,2016,J1,15,2ｓｔ,3.0,59.0,,80.0
10,グラフ,11,サンフレッチェ広島,20,15,6,2,7,21,21,0,,,,2016,J1,15,2ｓｔ,8.0,49.0,,341.0
11,グラフ,12,ベガルタ仙台,20,15,6,2,7,19,21,-2,,,,2016,J1,15,2ｓｔ,11.0,43.0,,41.0
12,グラフ,13,ヴァンフォーレ甲府,16,15,4,4,7,14,25,-11,,,,2016,J1,15,2ｓｔ,14.0,31.0,,151.0
13,グラフ,14,名古屋グランパス,13,15,3,4,8,13,23,-10,,,,2016,J1,15,2ｓｔ,16.0,30.0,,231.0
14,グラフ,15,アルビレックス新潟,12,15,4,0,11,13,20,-7,,,,2016,J1,15,2ｓｔ,15.0,30.0,,191.0
15,グラフ,16,ジュビロ磐田,10,15,1,7,7,15,26,-11,,,,2016,J1,15,2ｓｔ,13.0,33.0,,222.0
16,グラフ,17,アビスパ福岡,8,15,2,2,11,14,33,-19,,,,2016,J1,15,2ｓｔ,18.0,19.0,,401.0
17,グラフ,18,湘南ベルマーレ,5,15,1,2,12,8,28,-20,,,,2016,J1,15,2ｓｔ,17.0,21.0,,147.0
0,グラフ,1,鹿島アントラーズ,36,16,11,3,2,27,10,17,,,80.0,2016,J1,16,１ｓｔ,,,,
1,グラフ,2,川崎フロンターレ,35,16,10,5,1,31,15,16,,,142.0,2016,J1,16,１ｓｔ,,,,
2,グラフ,3,浦和レッズ,27,15,8,3,4,20,13,7,,,111.0,2016,J1,16,１ｓｔ,,,,
3,グラフ,4,サンフレッチェ広島,26,16,7,5,4,29,18,11,,,341.0,2016,J1,16,１ｓｔ,,,,
4,グラフ,5,大宮アルディージャ,26,16,7,5,4,17,16,1,,,112.0,2016,J1,16,１ｓｔ,,,,
5,グラフ,6,ガンバ大阪,23,16,7,2,7,19,17,2,,,271.0,2016,J1,16,１ｓｔ,,,,
6,グラフ,7,柏レイソル,23,16,6,5,5,19,20,-1,,,122.0,2016,J1,16,１ｓｔ,,,,
7,グラフ,8,ベガルタ仙台,23,16,7,2,7,20,22,-2,,,41.0,2016,J1,16,１ｓｔ,,,,
8,グラフ,9,横浜Ｆ・マリノス,22,16,6,4,6,21,18,3,,,143.0,2016,J1,16,１ｓｔ,,,,
9,グラフ,10,ヴィッセル神戸,20,16,5,5,6,22,22,0,,,281.0,2016,J1,16,１ｓｔ,,,,
10,グラフ,11,ＦＣ東京,20,15,5,5,5,13,15,-2,,,130.0,2016,J1,16,１ｓｔ,,,,
11,グラフ,12,ジュビロ磐田,20,16,5,5,6,18,23,-5,,,222.0,2016,J1,16,１ｓｔ,,,,
12,グラフ,13,サガン鳥栖,17,16,4,5,7,10,14,-4,,,412.0,2016,J1,16,１ｓｔ,,,,
13,グラフ,14,名古屋グランパス,16,16,4,4,8,21,26,-5,,,231.0,2016,J1,16,１ｓｔ,,,,
14,グラフ,15,アルビレックス新潟,15,16,3,6,7,18,25,-7,,,191.0,2016,J1,16,１ｓｔ,,,,
15,グラフ,16,湘南ベルマーレ,15,16,4,3,9,17,26,-9,,,147.0,2016,J1,16,１ｓｔ,,,,
16,グラフ,17,ヴァンフォーレ甲府,15,16,3,6,7,18,28,-10,,,151.0,2016,J1,16,１ｓｔ,,,,
17,グラフ,18,アビスパ福岡,11,16,2,5,9,11,23,-12,,,401.0,2016,J1,16,１ｓｔ,,,,
0,グラフ,1,浦和レッズ,40,16,13,1,2,34,11,23,,,,2016,J1,16,2ｓｔ,1.0,73.0,,111.0
1,グラフ,2,川崎フロンターレ,34,16,11,1,4,33,21,12,,,,2016,J1,16,2ｓｔ,2.0,72.0,,142.0
2,グラフ,3,ヴィッセル神戸,32,16,10,2,4,32,18,14,,,,2016,J1,16,2ｓｔ,7.0,52.0,,281.0
3,グラフ,4,ガンバ大阪,31,16,9,4,3,28,20,8,,,,2016,J1,16,2ｓｔ,5.0,55.0,,271.0
4,グラフ,5,大宮アルディージャ,30,16,8,6,2,24,17,7,,,,2016,J1,16,2ｓｔ,4.0,56.0,,112.0
5,グラフ,6,横浜Ｆ・マリノス,28,16,7,7,2,31,18,13,,,,2016,J1,16,2ｓｔ,9.0,50.0,,143.0
6,グラフ,7,柏レイソル,27,16,8,3,5,28,23,5,,,,2016,J1,16,2ｓｔ,8.0,51.0,,122.0
7,グラフ,8,サガン鳥栖,26,16,7,5,4,25,22,3,,,,2016,J1,16,2ｓｔ,11.0,43.0,,412.0
8,グラフ,9,ＦＣ東京,26,16,8,2,6,22,21,1,,,,2016,J1,16,2ｓｔ,10.0,49.0,,130.0
9,グラフ,10,サンフレッチェ広島,23,16,7,2,7,25,22,3,,,,2016,J1,16,2ｓｔ,6.0,52.0,,341.0
10,グラフ,11,鹿島アントラーズ,20,16,6,2,8,24,23,1,,,,2016,J1,16,2ｓｔ,3.0,59.0,,80.0
11,グラフ,12,ベガルタ仙台,20,16,6,2,8,19,22,-3,,,,2016,J1,16,2ｓｔ,12.0,43.0,,41.0
12,グラフ,13,ヴァンフォーレ甲府,16,16,4,4,8,14,26,-12,,,,2016,J1,16,2ｓｔ,14.0,31.0,,151.0
13,グラフ,14,名古屋グランパス,13,16,3,4,9,13,26,-13,,,,2016,J1,16,2ｓｔ,16.0,30.0,,231.0
14,グラフ,15,アルビレックス新潟,12,16,4,0,12,14,23,-9,,,,2016,J1,16,2ｓｔ,15.0,30.0,,191.0
15,グラフ,16,ジュビロ磐田,10,16,1,7,8,15,27,-12,,,,2016,J1,16,2ｓｔ,13.0,33.0,,222.0
16,グラフ,17,湘南ベルマーレ,8,16,2,2,12,9,28,-19,,,,2016,J1,16,2ｓｔ,17.0,24.0,,147.0
17,グラフ,18,アビスパ福岡,8,16,2,2,12,15,37,-22,,,,2016,J1,16,2ｓｔ,18.0,19.0,,401.0
0,グラフ,1,鹿島アントラーズ,39,17,12,3,2,29,10,19,,,80.0,2016,J1,17,１ｓｔ,,,,
1,グラフ,2,川崎フロンターレ,38,17,11,5,1,33,15,18,,,142.0,2016,J1,17,１ｓｔ,,,,
2,グラフ,3,浦和レッズ,33,17,10,3,4,26,16,10,,,111.0,2016,J1,17,１ｓｔ,,,,
3,グラフ,4,サンフレッチェ広島,29,17,8,5,4,32,18,14,,,341.0,2016,J1,17,１ｓｔ,,,,
4,グラフ,5,大宮アルディージャ,26,17,7,5,5,17,18,-1,,,112.0,2016,J1,17,１ｓｔ,,,,
5,グラフ,6,ガンバ大阪,24,17,7,3,7,22,20,2,,,271.0,2016,J1,17,１ｓｔ,,,,
6,グラフ,7,柏レイソル,24,17,6,6,5,20,21,-1,,,122.0,2016,J1,17,１ｓｔ,,,,
7,グラフ,8,ジュビロ磐田,23,17,6,5,6,21,23,-2,,,222.0,2016,J1,17,１ｓｔ,,,,
8,グラフ,9,ＦＣ東京,23,17,6,5,6,16,18,-2,,,130.0,2016,J1,17,１ｓｔ,,,,
9,グラフ,10,ベガルタ仙台,23,17,7,2,8,20,25,-5,,,41.0,2016,J1,17,１ｓｔ,,,,
10,グラフ,11,横浜Ｆ・マリノス,22,17,6,4,7,21,19,2,,,143.0,2016,J1,17,１ｓｔ,,,,
11,グラフ,12,ヴィッセル神戸,20,17,5,5,7,23,25,-2,,,281.0,2016,J1,17,１ｓｔ,,,,
12,グラフ,13,アルビレックス新潟,18,17,4,6,7,19,25,-6,,,191.0,2016,J1,17,１ｓｔ,,,,
13,グラフ,14,名古屋グランパス,17,17,4,5,8,24,29,-5,,,231.0,2016,J1,17,１ｓｔ,,,,
14,グラフ,15,サガン鳥栖,17,17,4,5,8,10,15,-5,,,412.0,2016,J1,17,１ｓｔ,,,,
15,グラフ,16,湘南ベルマーレ,16,17,4,4,9,18,27,-9,,,147.0,2016,J1,17,１ｓｔ,,,,
16,グラフ,17,ヴァンフォーレ甲府,15,17,3,6,8,18,31,-13,,,151.0,2016,J1,17,１ｓｔ,,,,
17,グラフ,18,アビスパ福岡,11,17,2,5,10,11,25,-14,,,401.0,2016,J1,17,１ｓｔ,,,,
0,グラフ,1,浦和レッズ,41,17,13,2,2,35,12,23,,,,2016,J1,17,2ｓｔ,1.0,74.0,,111.0
1,グラフ,2,ヴィッセル神戸,35,17,11,2,4,33,18,15,,,,2016,J1,17,2ｓｔ,7.0,55.0,,281.0
2,グラフ,3,川崎フロンターレ,34,17,11,1,5,35,24,11,,,,2016,J1,17,2ｓｔ,2.0,72.0,,142.0
3,グラフ,4,ガンバ大阪,34,17,10,4,3,31,22,9,,,,2016,J1,17,2ｓｔ,4.0,58.0,,271.0
4,グラフ,5,柏レイソル,30,17,9,3,5,32,23,9,,,,2016,J1,17,2ｓｔ,8.0,54.0,,122.0
5,グラフ,6,大宮アルディージャ,30,17,8,6,3,24,18,6,,,,2016,J1,17,2ｓｔ,5.0,56.0,,112.0
6,グラフ,7,横浜Ｆ・マリノス,29,17,7,8,2,32,19,13,,,,2016,J1,17,2ｓｔ,10.0,51.0,,143.0
7,グラフ,8,サガン鳥栖,29,17,8,5,4,26,22,4,,,,2016,J1,17,2ｓｔ,11.0,46.0,,412.0
8,グラフ,9,ＦＣ東京,29,17,9,2,6,23,21,2,,,,2016,J1,17,2ｓｔ,9.0,52.0,,130.0
9,グラフ,10,サンフレッチェ広島,26,17,8,2,7,26,22,4,,,,2016,J1,17,2ｓｔ,6.0,55.0,,341.0
10,グラフ,11,鹿島アントラーズ,20,17,6,2,9,24,24,0,,,,2016,J1,17,2ｓｔ,3.0,59.0,,80.0
11,グラフ,12,ベガルタ仙台,20,17,6,2,9,19,23,-4,,,,2016,J1,17,2ｓｔ,12.0,43.0,,41.0
12,グラフ,13,ヴァンフォーレ甲府,16,17,4,4,9,14,27,-13,,,,2016,J1,17,2ｓｔ,14.0,31.0,,151.0
13,グラフ,14,ジュビロ磐田,13,17,2,7,8,16,27,-11,,,,2016,J1,17,2ｓｔ,13.0,36.0,,222.0
14,グラフ,15,名古屋グランパス,13,17,3,4,10,14,29,-15,,,,2016,J1,17,2ｓｔ,16.0,30.0,,231.0
15,グラフ,16,アルビレックス新潟,12,17,4,0,13,14,24,-10,,,,2016,J1,17,2ｓｔ,15.0,30.0,,191.0
16,グラフ,17,湘南ベルマーレ,11,17,3,2,12,12,29,-17,,,,2016,J1,17,2ｓｔ,17.0,27.0,,147.0
17,グラフ,18,アビスパ福岡,8,17,2,2,13,15,41,-26,,,,2016,J1,17,2ｓｔ,18.0,19.0,,401.0
