,節,開催日,相手,スコア,HomeAway,会場,天候,指揮官,自チーム,年度,team_id
0,1,0227,横浜FC,5-1,H,札幌ド,屋内,ペトロヴィッチ,北海道コンサドーレ札幌,2021,sapp
1,2,0306,名古屋,0-1,A,豊田ス,曇,ペトロヴィッチ,北海道コンサドーレ札幌,2021,sapp
2,3,0310,広島,1-2,A,Ｅスタ,晴,ペトロヴィッチ,北海道コンサドーレ札幌,2021,sapp
3,5,0317,浦和,0-0,A,埼玉,晴,ペトロヴィッチ,北海道コンサドーレ札幌,2021,sapp
4,6,0320,神戸,3-4,H,札幌ド,屋内,ペトロヴィッチ,北海道コンサドーレ札幌,2021,sapp
5,7,0403,福岡,2-1,A,ベススタ,晴のち曇,ペトロヴィッチ,北海道コンサドーレ札幌,2021,sapp
6,8,0407,FC東京,1-2,A,味スタ,晴,ペトロヴィッチ,北海道コンサドーレ札幌,2021,sapp
7,9,0411,鹿島,2-2,H,札幌ド,屋内,ペトロヴィッチ,北海道コンサドーレ札幌,2021,sapp
8,10,0416,横浜FM,1-3,H,札幌ド,屋内,ペトロヴィッチ,北海道コンサドーレ札幌,2021,sapp
9,11,0424,仙台,2-1,H,札幌厚別,晴,ペトロヴィッチ,北海道コンサドーレ札幌,2021,sapp
10,12,0502,湘南,,A,レモンＳ,,,北海道コンサドーレ札幌,2021,sapp
11,13,0509,徳島,,A,鳴門大塚,,,北海道コンサドーレ札幌,2021,sapp
12,14,0516,川崎Ｆ,,A,等々力,,,北海道コンサドーレ札幌,2021,sapp
13,15,0522,清水,,H,札幌ド,,,北海道コンサドーレ札幌,2021,sapp
14,16,0526,鳥栖,,H,札幌ド,,,北海道コンサドーレ札幌,2021,sapp
15,17,0529,柏,,A,三協Ｆ柏,,,北海道コンサドーレ札幌,2021,sapp
16,18,0619,大分,,H,札幌厚別,,,北海道コンサドーレ札幌,2021,sapp
17,20,0627,鹿島,,A,カシマ,,,北海道コンサドーレ札幌,2021,sapp
18,21,0704,徳島,,H,札幌厚別,,,北海道コンサドーレ札幌,2021,sapp
19,22,0710,仙台,,A,ユアスタ,,,北海道コンサドーレ札幌,2021,sapp
20,4,0730,Ｇ大阪,,H,札幌厚別,,,北海道コンサドーレ札幌,2021,sapp
21,23,0809,浦和,,H,札幌ド,,,北海道コンサドーレ札幌,2021,sapp
22,24,0814,FC東京,,H,札幌ド,,,北海道コンサドーレ札幌,2021,sapp
23,25,0821,大分,,A,昭和電ド,,,北海道コンサドーレ札幌,2021,sapp
24,26,0825,名古屋,,H,札幌厚別,,,北海道コンサドーレ札幌,2021,sapp
25,27,0828,川崎Ｆ,,H,札幌ド,,,北海道コンサドーレ札幌,2021,sapp
26,28,0911,Ｃ大阪,,A,ヨドコウ,,,北海道コンサドーレ札幌,2021,sapp
27,29,0918,神戸,,A,ノエスタ,,,北海道コンサドーレ札幌,2021,sapp
28,30,0925,広島,,H,札幌ド,,,北海道コンサドーレ札幌,2021,sapp
29,31,1002,Ｇ大阪,,A,パナスタ,,,北海道コンサドーレ札幌,2021,sapp
30,32,1016,横浜FM,,A,日産ス,,,北海道コンサドーレ札幌,2021,sapp
31,33,1023,福岡,,H,未定,,,北海道コンサドーレ札幌,2021,sapp
32,34,1103,湘南,,H,未定,,,北海道コンサドーレ札幌,2021,sapp
33,35,1106,清水,,A,アイスタ,,,北海道コンサドーレ札幌,2021,sapp
34,36,1120,鳥栖,,A,駅スタ,,,北海道コンサドーレ札幌,2021,sapp
35,37,1127,柏,,H,札幌ド,,,北海道コンサドーレ札幌,2021,sapp
36,38,1204,横浜FC,,A,ニッパツ,,,北海道コンサドーレ札幌,2021,sapp
0,1,0227,広島,1-1,A,Ｅスタ,晴,手倉森　誠,ベガルタ仙台,2021,send
1,2,0306,川崎Ｆ,1-5,H,ユアスタ,晴,手倉森　誠,ベガルタ仙台,2021,send
2,3,0310,鳥栖,0-5,A,駅スタ,晴,手倉森　誠,ベガルタ仙台,2021,send
3,4,0313,湘南,1-3,A,レモンＳ,雨,手倉森　誠,ベガルタ仙台,2021,send
4,6,0321,FC東京,1-2,A,味スタ,雨のち曇,手倉森　誠,ベガルタ仙台,2021,send
5,7,0403,神戸,0-2,H,ユアスタ,晴,手倉森　誠,ベガルタ仙台,2021,send
6,8,0407,徳島,0-1,A,鳴門大塚,晴,手倉森　誠,ベガルタ仙台,2021,send
7,9,0411,横浜FM,0-0,H,ユアスタ,晴,手倉森　誠,ベガルタ仙台,2021,send
8,10,0417,横浜FC,2-2,A,ニッパツ,曇時々雨,手倉森　誠,ベガルタ仙台,2021,send
9,11,0424,札幌,1-2,A,札幌厚別,晴,手倉森　誠,ベガルタ仙台,2021,send
10,12,0501,柏,,H,ユアスタ,,,ベガルタ仙台,2021,send
11,13,0509,浦和,,A,埼玉,,,ベガルタ仙台,2021,send
12,20,0512,川崎Ｆ,,A,等々力,,,ベガルタ仙台,2021,send
13,14,0515,福岡,,H,ユアスタ,,,ベガルタ仙台,2021,send
14,15,0522,大分,,H,ユアスタ,,,ベガルタ仙台,2021,send
15,16,0526,名古屋,,A,豊田ス,,,ベガルタ仙台,2021,send
16,17,0530,Ｃ大阪,,H,ユアスタ,,,ベガルタ仙台,2021,send
17,18,0620,鹿島,,A,カシマ,,,ベガルタ仙台,2021,send
18,19,0623,清水,,H,ユアスタ,,,ベガルタ仙台,2021,send
19,21,0703,浦和,,H,ユアスタ,,,ベガルタ仙台,2021,send
20,22,0710,札幌,,H,ユアスタ,,,ベガルタ仙台,2021,send
21,5,0803,Ｇ大阪,,H,ユアスタ,,,ベガルタ仙台,2021,send
22,23,0809,Ｃ大阪,,A,ヨドコウ,,,ベガルタ仙台,2021,send
23,24,0814,横浜FC,,H,ユアスタ,,,ベガルタ仙台,2021,send
24,25,0821,横浜FM,,A,ニッパツ,,,ベガルタ仙台,2021,send
25,26,0825,FC東京,,H,ユアスタ,,,ベガルタ仙台,2021,send
26,27,0829,鳥栖,,H,ユアスタ,,,ベガルタ仙台,2021,send
27,28,0911,Ｇ大阪,,A,パナスタ,,,ベガルタ仙台,2021,send
28,29,0918,清水,,A,アイスタ,,,ベガルタ仙台,2021,send
29,30,0925,徳島,,H,ユアスタ,,,ベガルタ仙台,2021,send
30,31,1002,柏,,A,三協Ｆ柏,,,ベガルタ仙台,2021,send
31,32,1016,大分,,A,昭和電ド,,,ベガルタ仙台,2021,send
32,33,1023,広島,,H,ユアスタ,,,ベガルタ仙台,2021,send
33,34,1103,神戸,,A,ノエスタ,,,ベガルタ仙台,2021,send
34,35,1106,名古屋,,H,ユアスタ,,,ベガルタ仙台,2021,send
35,36,1120,湘南,,H,ユアスタ,,,ベガルタ仙台,2021,send
36,37,1127,福岡,,A,ベススタ,,,ベガルタ仙台,2021,send
37,38,1204,鹿島,,H,ユアスタ,,,ベガルタ仙台,2021,send
0,1,0227,清水,1-3,H,カシマ,晴,ザーゴ,鹿島アントラーズ,2021,kasm
1,3,0310,湘南,3-1,H,カシマ,晴,ザーゴ,鹿島アントラーズ,2021,kasm
2,4,0313,広島,1-1,H,カシマ,雨のち曇,ザーゴ,鹿島アントラーズ,2021,kasm
3,5,0317,福岡,0-1,A,ベススタ,晴,ザーゴ,鹿島アントラーズ,2021,kasm
4,6,0321,名古屋,0-1,H,カシマ,雨,ザーゴ,鹿島アントラーズ,2021,kasm
5,7,0403,浦和,1-2,A,埼玉,晴,ザーゴ,鹿島アントラーズ,2021,kasm
6,8,0407,柏,2-1,H,カシマ,晴,ザーゴ,鹿島アントラーズ,2021,kasm
7,9,0411,札幌,2-2,A,札幌ド,屋内,ザーゴ,鹿島アントラーズ,2021,kasm
8,10,0417,徳島,1-0,A,鳴門大塚,雨,相馬　直樹,鹿島アントラーズ,2021,kasm
9,11,0424,神戸,1-1,H,カシマ,晴,相馬　直樹,鹿島アントラーズ,2021,kasm
10,12,0501,横浜FC,,A,ニッパツ,,,鹿島アントラーズ,2021,kasm
11,13,0509,FC東京,,H,カシマ,,,鹿島アントラーズ,2021,kasm
12,21,0512,名古屋,,A,豊田ス,,,鹿島アントラーズ,2021,kasm
13,14,0515,横浜FM,,H,カシマ,,,鹿島アントラーズ,2021,kasm
14,15,0522,鳥栖,,A,駅スタ,,,鹿島アントラーズ,2021,kasm
15,16,0526,Ｃ大阪,,H,カシマ,,,鹿島アントラーズ,2021,kasm
16,17,0530,川崎Ｆ,,A,等々力,,,鹿島アントラーズ,2021,kasm
17,18,0620,仙台,,H,カシマ,,,鹿島アントラーズ,2021,kasm
18,19,0623,大分,,A,昭和電ド,,,鹿島アントラーズ,2021,kasm
19,20,0627,札幌,,H,カシマ,,,鹿島アントラーズ,2021,kasm
20,22,0711,柏,,A,三協Ｆ柏,,,鹿島アントラーズ,2021,kasm
21,2,0724,Ｇ大阪,,A,パナスタ,,,鹿島アントラーズ,2021,kasm
22,23,0809,湘南,,A,レモンＳ,,,鹿島アントラーズ,2021,kasm
23,24,0815,徳島,,H,カシマ,,,鹿島アントラーズ,2021,kasm
24,25,0821,神戸,,A,ノエスタ,,,鹿島アントラーズ,2021,kasm
25,26,0825,清水,,A,アイスタ,,,鹿島アントラーズ,2021,kasm
26,27,0828,横浜FM,,A,日産ス,,,鹿島アントラーズ,2021,kasm
27,28,0911,福岡,,H,カシマ,,,鹿島アントラーズ,2021,kasm
28,29,0918,Ｇ大阪,,H,カシマ,,,鹿島アントラーズ,2021,kasm
29,30,0925,Ｃ大阪,,A,ヨドコウ,,,鹿島アントラーズ,2021,kasm
30,31,1002,横浜FC,,H,カシマ,,,鹿島アントラーズ,2021,kasm
31,32,1016,川崎Ｆ,,H,カシマ,,,鹿島アントラーズ,2021,kasm
32,33,1023,FC東京,,A,味スタ,,,鹿島アントラーズ,2021,kasm
33,34,1103,広島,,A,Ｅスタ,,,鹿島アントラーズ,2021,kasm
34,35,1106,浦和,,H,カシマ,,,鹿島アントラーズ,2021,kasm
35,36,1120,大分,,H,カシマ,,,鹿島アントラーズ,2021,kasm
36,37,1127,鳥栖,,H,カシマ,,,鹿島アントラーズ,2021,kasm
37,38,1204,仙台,,A,ユアスタ,,,鹿島アントラーズ,2021,kasm
0,1,0227,FC東京,1-1,H,埼玉,晴,リカルド　ロドリゲス,浦和レッズ,2021,uraw
1,2,0306,鳥栖,0-2,A,駅スタ,曇,リカルド　ロドリゲス,浦和レッズ,2021,uraw
2,3,0310,横浜FC,2-0,H,埼玉,晴,リカルド　ロドリゲス,浦和レッズ,2021,uraw
3,4,0314,横浜FM,0-3,A,日産ス,晴,リカルド　ロドリゲス,浦和レッズ,2021,uraw
4,5,0317,札幌,0-0,H,埼玉,晴,リカルド　ロドリゲス,浦和レッズ,2021,uraw
5,6,0321,川崎Ｆ,0-5,H,埼玉,雨,リカルド　ロドリゲス,浦和レッズ,2021,uraw
6,7,0403,鹿島,2-1,H,埼玉,晴,リカルド　ロドリゲス,浦和レッズ,2021,uraw
7,8,0407,清水,2-0,A,アイスタ,晴,リカルド　ロドリゲス,浦和レッズ,2021,uraw
8,9,0411,徳島,1-0,H,埼玉,晴,リカルド　ロドリゲス,浦和レッズ,2021,uraw
9,10,0418,Ｃ大阪,0-1,A,ヤンマー,曇一時雨時々晴,リカルド　ロドリゲス,浦和レッズ,2021,uraw
10,11,0425,大分,3-2,H,埼玉,曇,リカルド　ロドリゲス,浦和レッズ,2021,uraw
11,12,0501,福岡,,A,ベススタ,,,浦和レッズ,2021,uraw
12,13,0509,仙台,,H,埼玉,,,浦和レッズ,2021,uraw
13,14,0516,Ｇ大阪,,A,パナスタ,,,浦和レッズ,2021,uraw
14,15,0522,神戸,,H,埼玉,,,浦和レッズ,2021,uraw
15,16,0526,広島,,A,Ｅスタ,,,浦和レッズ,2021,uraw
16,17,0530,名古屋,,H,埼玉,,,浦和レッズ,2021,uraw
17,18,0620,湘南,,H,埼玉,,,浦和レッズ,2021,uraw
18,19,0623,柏,,A,三協Ｆ柏,,,浦和レッズ,2021,uraw
19,20,0627,福岡,,H,埼玉,,,浦和レッズ,2021,uraw
20,21,0703,仙台,,A,ユアスタ,,,浦和レッズ,2021,uraw
21,22,0710,大分,,A,昭和電ド,,,浦和レッズ,2021,uraw
22,23,0809,札幌,,A,札幌ド,,,浦和レッズ,2021,uraw
23,24,0814,鳥栖,,H,浦和駒場,,,浦和レッズ,2021,uraw
24,25,0821,徳島,,A,鳴門大塚,,,浦和レッズ,2021,uraw
25,26,0825,広島,,H,浦和駒場,,,浦和レッズ,2021,uraw
26,27,0829,湘南,,A,レモンＳ,,,浦和レッズ,2021,uraw
27,28,0910,横浜FC,,A,ニッパツ,,,浦和レッズ,2021,uraw
28,29,0918,Ｃ大阪,,H,埼玉,,,浦和レッズ,2021,uraw
29,30,0925,FC東京,,A,味スタ,,,浦和レッズ,2021,uraw
30,31,1002,神戸,,A,ノエスタ,,,浦和レッズ,2021,uraw
31,32,1016,Ｇ大阪,,H,埼玉,,,浦和レッズ,2021,uraw
32,33,1022,柏,,H,埼玉,,,浦和レッズ,2021,uraw
33,34,1103,川崎Ｆ,,A,等々力,,,浦和レッズ,2021,uraw
34,35,1106,鹿島,,A,カシマ,,,浦和レッズ,2021,uraw
35,36,1120,横浜FM,,H,埼玉,,,浦和レッズ,2021,uraw
36,37,1127,清水,,H,埼玉,,,浦和レッズ,2021,uraw
37,38,1204,名古屋,,A,豊田ス,,,浦和レッズ,2021,uraw
0,1,0227,Ｃ大阪,0-2,A,ヤンマー,晴,ネルシーニョ,柏レイソル,2021,kasw
1,2,0306,湘南,2-1,H,三協Ｆ柏,曇,ネルシーニョ,柏レイソル,2021,kasw
2,3,0310,名古屋,0-1,H,三協Ｆ柏,晴,ネルシーニョ,柏レイソル,2021,kasw
3,4,0313,川崎Ｆ,0-1,A,等々力,雨,ネルシーニョ,柏レイソル,2021,kasw
4,5,0317,鳥栖,0-2,A,駅スタ,晴,ネルシーニョ,柏レイソル,2021,kasw
5,6,0321,清水,1-2,H,三協Ｆ柏,雨,ネルシーニョ,柏レイソル,2021,kasw
6,7,0403,横浜FC,1-1,A,ニッパツ,晴,ネルシーニョ,柏レイソル,2021,kasw
7,8,0407,鹿島,1-2,A,カシマ,晴,ネルシーニョ,柏レイソル,2021,kasw
8,9,0411,Ｇ大阪,1-0,H,三協Ｆ柏,晴,ネルシーニョ,柏レイソル,2021,kasw
9,10,0417,大分,1-0,A,昭和電ド,屋内,ネルシーニョ,柏レイソル,2021,kasw
10,11,0424,徳島,5-1,H,三協Ｆ柏,晴,ネルシーニョ,柏レイソル,2021,kasw
11,12,0501,仙台,,A,ユアスタ,,,柏レイソル,2021,kasw
12,13,0509,福岡,,A,ベススタ,,,柏レイソル,2021,kasw
13,14,0515,FC東京,,H,三協Ｆ柏,,,柏レイソル,2021,kasw
14,15,0522,横浜FM,,A,日産ス,,,柏レイソル,2021,kasw
15,16,0526,神戸,,H,三協Ｆ柏,,,柏レイソル,2021,kasw
16,17,0529,札幌,,H,三協Ｆ柏,,,柏レイソル,2021,kasw
17,18,0619,広島,,A,Ｅスタ,,,柏レイソル,2021,kasw
18,19,0623,浦和,,H,三協Ｆ柏,,,柏レイソル,2021,kasw
19,20,0627,湘南,,A,レモンＳ,,,柏レイソル,2021,kasw
20,21,0703,横浜FM,,H,三協Ｆ柏,,,柏レイソル,2021,kasw
21,22,0711,鹿島,,H,三協Ｆ柏,,,柏レイソル,2021,kasw
22,23,0809,神戸,,A,ノエスタ,,,柏レイソル,2021,kasw
23,24,0814,川崎Ｆ,,H,三協Ｆ柏,,,柏レイソル,2021,kasw
24,25,0821,鳥栖,,H,三協Ｆ柏,,,柏レイソル,2021,kasw
25,26,0825,徳島,,A,鳴門大塚,,,柏レイソル,2021,kasw
26,27,0829,横浜FC,,H,三協Ｆ柏,,,柏レイソル,2021,kasw
27,28,0912,FC東京,,A,味スタ,,,柏レイソル,2021,kasw
28,29,0918,広島,,H,三協Ｆ柏,,,柏レイソル,2021,kasw
29,30,0925,Ｇ大阪,,A,パナスタ,,,柏レイソル,2021,kasw
30,31,1002,仙台,,H,三協Ｆ柏,,,柏レイソル,2021,kasw
31,32,1016,清水,,A,未定,,,柏レイソル,2021,kasw
32,33,1022,浦和,,A,埼玉,,,柏レイソル,2021,kasw
33,34,1103,名古屋,,A,豊田ス,,,柏レイソル,2021,kasw
34,35,1106,Ｃ大阪,,H,三協Ｆ柏,,,柏レイソル,2021,kasw
35,36,1120,福岡,,H,三協Ｆ柏,,,柏レイソル,2021,kasw
36,37,1127,札幌,,A,札幌ド,,,柏レイソル,2021,kasw
37,38,1204,大分,,H,三協Ｆ柏,,,柏レイソル,2021,kasw
0,1,0227,浦和,1-1,A,埼玉,晴,長谷川　健太,ＦＣ東京,2021,fctk
1,2,0306,Ｃ大阪,3-2,H,味スタ,晴,長谷川　健太,ＦＣ東京,2021,fctk
2,3,0310,神戸,2-3,H,味スタ,晴,長谷川　健太,ＦＣ東京,2021,fctk
3,4,0314,大分,1-1,A,昭和電ド,屋内,長谷川　健太,ＦＣ東京,2021,fctk
4,5,0317,湘南,3-2,H,味スタ,晴,長谷川　健太,ＦＣ東京,2021,fctk
5,6,0321,仙台,2-1,H,味スタ,雨のち曇,長谷川　健太,ＦＣ東京,2021,fctk
6,7,0403,名古屋,0-0,A,豊田ス,曇,長谷川　健太,ＦＣ東京,2021,fctk
7,8,0407,札幌,2-1,H,味スタ,晴,長谷川　健太,ＦＣ東京,2021,fctk
8,9,0411,川崎Ｆ,2-4,H,味スタ,晴,長谷川　健太,ＦＣ東京,2021,fctk
9,10,0417,福岡,0-1,A,ベススタ,晴,長谷川　健太,ＦＣ東京,2021,fctk
10,11,0424,鳥栖,1-2,H,味スタ,晴,長谷川　健太,ＦＣ東京,2021,fctk
11,12,0501,横浜FM,,H,味スタ,,,ＦＣ東京,2021,fctk
12,13,0509,鹿島,,A,カシマ,,,ＦＣ東京,2021,fctk
13,14,0515,柏,,A,三協Ｆ柏,,,ＦＣ東京,2021,fctk
14,15,0522,Ｇ大阪,,H,味スタ,,,ＦＣ東京,2021,fctk
15,16,0526,清水,,A,アイスタ,,,ＦＣ東京,2021,fctk
16,17,0530,広島,,H,味スタ,,,ＦＣ東京,2021,fctk
17,18,0619,横浜FC,,A,ニッパツ,,,ＦＣ東京,2021,fctk
18,19,0623,徳島,,A,鳴門大塚,,,ＦＣ東京,2021,fctk
19,20,0627,大分,,H,味スタ,,,ＦＣ東京,2021,fctk
20,22,0711,湘南,,A,レモンＳ,,,ＦＣ東京,2021,fctk
21,21,0721,Ｃ大阪,,A,ヨドコウ,,,ＦＣ東京,2021,fctk
22,23,0809,鳥栖,,A,駅スタ,,,ＦＣ東京,2021,fctk
23,24,0814,札幌,,A,札幌ド,,,ＦＣ東京,2021,fctk
24,25,0821,Ｇ大阪,,A,パナスタ,,,ＦＣ東京,2021,fctk
25,26,0825,仙台,,A,ユアスタ,,,ＦＣ東京,2021,fctk
26,27,0828,神戸,,A,ノエスタ,,,ＦＣ東京,2021,fctk
27,28,0912,柏,,H,味スタ,,,ＦＣ東京,2021,fctk
28,29,0918,横浜FC,,H,味スタ,,,ＦＣ東京,2021,fctk
29,30,0925,浦和,,H,味スタ,,,ＦＣ東京,2021,fctk
30,31,1002,川崎Ｆ,,A,等々力,,,ＦＣ東京,2021,fctk
31,32,1016,名古屋,,H,味スタ,,,ＦＣ東京,2021,fctk
32,33,1023,鹿島,,H,味スタ,,,ＦＣ東京,2021,fctk
33,34,1103,清水,,H,味スタ,,,ＦＣ東京,2021,fctk
34,35,1106,横浜FM,,A,日産ス,,,ＦＣ東京,2021,fctk
35,36,1120,徳島,,H,味スタ,,,ＦＣ東京,2021,fctk
36,37,1127,広島,,A,Ｅスタ,,,ＦＣ東京,2021,fctk
37,38,1204,福岡,,H,味スタ,,,ＦＣ東京,2021,fctk
0,1,0226,横浜FM,2-0,H,等々力,曇,鬼木　達,川崎フロンターレ,2021,ka-f
1,11,0303,Ｃ大阪,3-2,H,等々力,晴,鬼木　達,川崎フロンターレ,2021,ka-f
2,2,0306,仙台,5-1,A,ユアスタ,晴,鬼木　達,川崎フロンターレ,2021,ka-f
3,3,0310,徳島,2-0,H,等々力,晴,鬼木　達,川崎フロンターレ,2021,ka-f
4,4,0313,柏,1-0,H,等々力,雨,鬼木　達,川崎フロンターレ,2021,ka-f
5,5,0317,神戸,1-1,A,ノエスタ,屋内,鬼木　達,川崎フロンターレ,2021,ka-f
6,6,0321,浦和,5-0,A,埼玉,雨,鬼木　達,川崎フロンターレ,2021,ka-f
7,7,0403,大分,2-0,H,等々力,曇,鬼木　達,川崎フロンターレ,2021,ka-f
8,8,0407,鳥栖,1-0,H,等々力,晴,鬼木　達,川崎フロンターレ,2021,ka-f
9,9,0411,FC東京,4-2,A,味スタ,晴,鬼木　達,川崎フロンターレ,2021,ka-f
10,19,0414,福岡,3-1,H,等々力,雨一時雷雨,鬼木　達,川崎フロンターレ,2021,ka-f
11,10,0418,広島,1-1,H,等々力,晴,鬼木　達,川崎フロンターレ,2021,ka-f
12,22,0429,名古屋,4-0,A,豊田ス,雨,鬼木　達,川崎フロンターレ,2021,ka-f
13,12,0504,名古屋,,H,等々力,,,川崎フロンターレ,2021,ka-f
14,13,0508,Ｇ大阪,,A,パナスタ,,,川崎フロンターレ,2021,ka-f
15,20,0512,仙台,,H,等々力,,,川崎フロンターレ,2021,ka-f
16,14,0516,札幌,,H,等々力,,,川崎フロンターレ,2021,ka-f
17,15,0522,横浜FC,,H,等々力,,,川崎フロンターレ,2021,ka-f
18,16,0526,湘南,,A,レモンＳ,,,川崎フロンターレ,2021,ka-f
19,17,0530,鹿島,,H,等々力,,,川崎フロンターレ,2021,ka-f
20,21,0602,横浜FC,,A,ニッパツ,,,川崎フロンターレ,2021,ka-f
21,18,0717,清水,,A,アイスタ,,,川崎フロンターレ,2021,ka-f
22,23,0809,大分,,A,昭和電ド,,,川崎フロンターレ,2021,ka-f
23,24,0814,柏,,A,三協Ｆ柏,,,川崎フロンターレ,2021,ka-f
24,25,0821,広島,,A,Ｅスタ,,,川崎フロンターレ,2021,ka-f
25,26,0825,福岡,,A,ベススタ,,,川崎フロンターレ,2021,ka-f
26,27,0828,札幌,,A,札幌ド,,,川崎フロンターレ,2021,ka-f
27,28,0911,神戸,,H,等々力,,,川崎フロンターレ,2021,ka-f
28,29,0918,徳島,,A,鳴門大塚,,,川崎フロンターレ,2021,ka-f
29,30,0925,湘南,,H,等々力,,,川崎フロンターレ,2021,ka-f
30,31,1002,FC東京,,H,等々力,,,川崎フロンターレ,2021,ka-f
31,32,1016,鹿島,,A,カシマ,,,川崎フロンターレ,2021,ka-f
32,33,1023,清水,,H,等々力,,,川崎フロンターレ,2021,ka-f
33,34,1103,浦和,,H,等々力,,,川崎フロンターレ,2021,ka-f
34,35,1106,鳥栖,,A,駅スタ,,,川崎フロンターレ,2021,ka-f
35,36,1120,Ｃ大阪,,A,ヨドコウ,,,川崎フロンターレ,2021,ka-f
36,37,1127,Ｇ大阪,,H,等々力,,,川崎フロンターレ,2021,ka-f
37,38,1204,横浜FM,,A,日産ス,,,川崎フロンターレ,2021,ka-f
0,1,0226,川崎Ｆ,0-2,A,等々力,曇,アンジェ　ポステコグルー,横浜Ｆ・マリノス,2021,y-fm
1,2,0307,広島,3-3,H,日産ス,曇,アンジェ　ポステコグルー,横浜Ｆ・マリノス,2021,y-fm
2,3,0310,福岡,3-1,A,ベススタ,晴,アンジェ　ポステコグルー,横浜Ｆ・マリノス,2021,y-fm
3,4,0314,浦和,3-0,H,日産ス,晴,アンジェ　ポステコグルー,横浜Ｆ・マリノス,2021,y-fm
4,5,0317,徳島,1-0,H,ニッパツ,晴,アンジェ　ポステコグルー,横浜Ｆ・マリノス,2021,y-fm
5,7,0403,湘南,1-1,H,日産ス,晴,アンジェ　ポステコグルー,横浜Ｆ・マリノス,2021,y-fm
6,8,0406,Ｃ大阪,1-0,H,日産ス,曇,アンジェ　ポステコグルー,横浜Ｆ・マリノス,2021,y-fm
7,9,0411,仙台,0-0,A,ユアスタ,晴,アンジェ　ポステコグルー,横浜Ｆ・マリノス,2021,y-fm
8,10,0416,札幌,3-1,A,札幌ド,屋内,アンジェ　ポステコグルー,横浜Ｆ・マリノス,2021,y-fm
9,11,0424,横浜FC,5-0,H,日産ス,晴,アンジェ　ポステコグルー,横浜Ｆ・マリノス,2021,y-fm
10,12,0501,FC東京,,A,味スタ,,,横浜Ｆ・マリノス,2021,y-fm
11,13,0509,神戸,,H,日産ス,,,横浜Ｆ・マリノス,2021,y-fm
12,14,0515,鹿島,,A,カシマ,,,横浜Ｆ・マリノス,2021,y-fm
13,15,0522,柏,,H,日産ス,,,横浜Ｆ・マリノス,2021,y-fm
14,16,0526,大分,,A,昭和電ド,,,横浜Ｆ・マリノス,2021,y-fm
15,17,0530,清水,,H,日産ス,,,横浜Ｆ・マリノス,2021,y-fm
16,19,0623,鳥栖,,H,ニッパツ,,,横浜Ｆ・マリノス,2021,y-fm
17,20,0627,徳島,,A,鳴門大塚,,,横浜Ｆ・マリノス,2021,y-fm
18,21,0703,柏,,A,三協Ｆ柏,,,横浜Ｆ・マリノス,2021,y-fm
19,22,0710,福岡,,H,ニッパツ,,,横浜Ｆ・マリノス,2021,y-fm
20,6,0806,Ｇ大阪,,A,パナスタ,,,横浜Ｆ・マリノス,2021,y-fm
21,23,0809,清水,,A,アイスタ,,,横浜Ｆ・マリノス,2021,y-fm
22,18,0812,名古屋,,H,ニッパツ,,,横浜Ｆ・マリノス,2021,y-fm
23,24,0815,大分,,H,ニッパツ,,,横浜Ｆ・マリノス,2021,y-fm
24,25,0821,仙台,,H,ニッパツ,,,横浜Ｆ・マリノス,2021,y-fm
25,26,0825,鳥栖,,A,駅スタ,,,横浜Ｆ・マリノス,2021,y-fm
26,27,0828,鹿島,,H,日産ス,,,横浜Ｆ・マリノス,2021,y-fm
27,28,0911,広島,,A,Ｅスタ,,,横浜Ｆ・マリノス,2021,y-fm
28,29,0918,名古屋,,A,豊田ス,,,横浜Ｆ・マリノス,2021,y-fm
29,30,0925,横浜FC,,A,ニッパツ,,,横浜Ｆ・マリノス,2021,y-fm
30,31,1001,湘南,,A,レモンＳ,,,横浜Ｆ・マリノス,2021,y-fm
31,32,1016,札幌,,H,日産ス,,,横浜Ｆ・マリノス,2021,y-fm
32,33,1023,Ｃ大阪,,A,ヨドコウ,,,横浜Ｆ・マリノス,2021,y-fm
33,34,1103,Ｇ大阪,,H,日産ス,,,横浜Ｆ・マリノス,2021,y-fm
34,35,1106,FC東京,,H,日産ス,,,横浜Ｆ・マリノス,2021,y-fm
35,36,1120,浦和,,A,埼玉,,,横浜Ｆ・マリノス,2021,y-fm
36,37,1127,神戸,,A,ノエスタ,,,横浜Ｆ・マリノス,2021,y-fm
37,38,1204,川崎Ｆ,,H,日産ス,,,横浜Ｆ・マリノス,2021,y-fm
0,1,0227,札幌,1-5,A,札幌ド,屋内,下平　隆宏,横浜ＦＣ,2021,y-fc
1,2,0306,大分,1-2,H,ニッパツ,晴,下平　隆宏,横浜ＦＣ,2021,y-fc
2,3,0310,浦和,0-2,A,埼玉,晴,下平　隆宏,横浜ＦＣ,2021,y-fc
3,4,0313,Ｃ大阪,1-4,H,ニッパツ,雨のち曇,下平　隆宏,横浜ＦＣ,2021,y-fc
4,5,0317,名古屋,0-3,A,豊田ス,晴,下平　隆宏,横浜ＦＣ,2021,y-fc
5,6,0321,徳島,1-2,A,鳴門大塚,曇のち雨,下平　隆宏,横浜ＦＣ,2021,y-fc
6,7,0403,柏,1-1,H,ニッパツ,晴,下平　隆宏,横浜ＦＣ,2021,y-fc
7,8,0407,広島,0-3,H,ニッパツ,晴,下平　隆宏,横浜ＦＣ,2021,y-fc
8,9,0411,鳥栖,0-3,A,駅スタ,晴,早川　知伸,横浜ＦＣ,2021,y-fc
9,10,0417,仙台,2-2,H,ニッパツ,曇時々雨,早川　知伸,横浜ＦＣ,2021,y-fc
10,11,0424,横浜FM,0-5,A,日産ス,晴,早川　知伸,横浜ＦＣ,2021,y-fc
11,12,0501,鹿島,,H,ニッパツ,,,横浜ＦＣ,2021,y-fc
12,13,0509,清水,,A,アイスタ,,,横浜ＦＣ,2021,y-fc
13,14,0515,湘南,,H,ニッパツ,,,横浜ＦＣ,2021,y-fc
14,15,0522,川崎Ｆ,,A,等々力,,,横浜ＦＣ,2021,y-fc
15,16,0526,福岡,,H,ニッパツ,,,横浜ＦＣ,2021,y-fc
16,17,0530,Ｇ大阪,,A,パナスタ,,,横浜ＦＣ,2021,y-fc
17,21,0602,川崎Ｆ,,H,ニッパツ,,,横浜ＦＣ,2021,y-fc
18,18,0619,FC東京,,H,ニッパツ,,,横浜ＦＣ,2021,y-fc
19,19,0623,神戸,,A,ノエスタ,,,横浜ＦＣ,2021,y-fc
20,20,0627,清水,,H,ニッパツ,,,横浜ＦＣ,2021,y-fc
21,22,0711,広島,,A,Ｅスタ,,,横浜ＦＣ,2021,y-fc
22,23,0809,名古屋,,H,ニッパツ,,,横浜ＦＣ,2021,y-fc
23,24,0814,仙台,,A,ユアスタ,,,横浜ＦＣ,2021,y-fc
24,25,0821,Ｃ大阪,,A,ヨドコウ,,,横浜ＦＣ,2021,y-fc
25,26,0825,Ｇ大阪,,H,ニッパツ,,,横浜ＦＣ,2021,y-fc
26,27,0829,柏,,A,三協Ｆ柏,,,横浜ＦＣ,2021,y-fc
27,28,0910,浦和,,H,ニッパツ,,,横浜ＦＣ,2021,y-fc
28,29,0918,FC東京,,A,味スタ,,,横浜ＦＣ,2021,y-fc
29,30,0925,横浜FM,,H,ニッパツ,,,横浜ＦＣ,2021,y-fc
30,31,1002,鹿島,,A,カシマ,,,横浜ＦＣ,2021,y-fc
31,32,1016,徳島,,H,ニッパツ,,,横浜ＦＣ,2021,y-fc
32,33,1023,湘南,,A,レモンＳ,,,横浜ＦＣ,2021,y-fc
33,34,1103,鳥栖,,H,ニッパツ,,,横浜ＦＣ,2021,y-fc
34,35,1106,福岡,,A,ベススタ,,,横浜ＦＣ,2021,y-fc
35,36,1120,神戸,,H,ニッパツ,,,横浜ＦＣ,2021,y-fc
36,37,1127,大分,,A,昭和電ド,,,横浜ＦＣ,2021,y-fc
37,38,1204,札幌,,H,ニッパツ,,,横浜ＦＣ,2021,y-fc
0,1,0227,鳥栖,0-1,H,レモンＳ,晴,浮嶋　敏,湘南ベルマーレ,2021,shon
1,2,0306,柏,1-2,A,三協Ｆ柏,曇,浮嶋　敏,湘南ベルマーレ,2021,shon
2,3,0310,鹿島,1-3,A,カシマ,晴,浮嶋　敏,湘南ベルマーレ,2021,shon
3,4,0313,仙台,3-1,H,レモンＳ,雨,浮嶋　敏,湘南ベルマーレ,2021,shon
4,5,0317,FC東京,2-3,A,味スタ,晴,浮嶋　敏,湘南ベルマーレ,2021,shon
5,6,0321,Ｃ大阪,0-0,H,レモンＳ,雨,浮嶋　敏,湘南ベルマーレ,2021,shon
6,7,0403,横浜FM,1-1,A,日産ス,晴,浮嶋　敏,湘南ベルマーレ,2021,shon
7,8,0407,名古屋,0-0,H,レモンＳ,晴,浮嶋　敏,湘南ベルマーレ,2021,shon
8,9,0410,広島,1-0,A,Ｅスタ,晴,浮嶋　敏,湘南ベルマーレ,2021,shon
9,10,0417,神戸,0-0,H,レモンＳ,雨,浮嶋　敏,湘南ベルマーレ,2021,shon
10,11,0425,清水,1-1,A,アイスタ,曇時々晴のち雨,浮嶋　敏,湘南ベルマーレ,2021,shon
11,12,0502,札幌,,H,レモンＳ,,,湘南ベルマーレ,2021,shon
12,13,0509,大分,,H,レモンＳ,,,湘南ベルマーレ,2021,shon
13,14,0515,横浜FC,,A,ニッパツ,,,湘南ベルマーレ,2021,shon
14,15,0522,福岡,,A,ベススタ,,,湘南ベルマーレ,2021,shon
15,16,0526,川崎Ｆ,,H,レモンＳ,,,湘南ベルマーレ,2021,shon
16,17,0530,徳島,,A,鳴門大塚,,,湘南ベルマーレ,2021,shon
17,19,0602,Ｇ大阪,,H,レモンＳ,,,湘南ベルマーレ,2021,shon
18,18,0620,浦和,,A,埼玉,,,湘南ベルマーレ,2021,shon
19,20,0627,柏,,H,レモンＳ,,,湘南ベルマーレ,2021,shon
20,21,0703,神戸,,A,ノエスタ,,,湘南ベルマーレ,2021,shon
21,22,0711,FC東京,,H,レモンＳ,,,湘南ベルマーレ,2021,shon
22,23,0809,鹿島,,H,レモンＳ,,,湘南ベルマーレ,2021,shon
23,24,0815,名古屋,,A,豊田ス,,,湘南ベルマーレ,2021,shon
24,25,0821,清水,,H,レモンＳ,,,湘南ベルマーレ,2021,shon
25,26,0825,Ｃ大阪,,A,ヨドコウ,,,湘南ベルマーレ,2021,shon
26,27,0829,浦和,,H,レモンＳ,,,湘南ベルマーレ,2021,shon
27,28,0911,大分,,A,昭和電ド,,,湘南ベルマーレ,2021,shon
28,29,0918,福岡,,H,レモンＳ,,,湘南ベルマーレ,2021,shon
29,30,0925,川崎Ｆ,,A,等々力,,,湘南ベルマーレ,2021,shon
30,31,1001,横浜FM,,H,レモンＳ,,,湘南ベルマーレ,2021,shon
31,32,1016,鳥栖,,A,駅スタ,,,湘南ベルマーレ,2021,shon
32,33,1023,横浜FC,,H,レモンＳ,,,湘南ベルマーレ,2021,shon
33,34,1103,札幌,,A,未定,,,湘南ベルマーレ,2021,shon
34,35,1106,広島,,H,レモンＳ,,,湘南ベルマーレ,2021,shon
35,36,1120,仙台,,A,ユアスタ,,,湘南ベルマーレ,2021,shon
36,37,1127,徳島,,H,レモンＳ,,,湘南ベルマーレ,2021,shon
37,38,1204,Ｇ大阪,,A,パナスタ,,,湘南ベルマーレ,2021,shon
0,1,0227,鹿島,3-1,A,カシマ,晴,ロティーナ,清水エスパルス,2021,shim
1,2,0306,福岡,2-2,H,アイスタ,晴,ロティーナ,清水エスパルス,2021,shim
2,3,0310,Ｃ大阪,1-2,A,ヤンマー,晴,ロティーナ,清水エスパルス,2021,shim
3,4,0314,鳥栖,0-0,H,アイスタ,晴,ロティーナ,清水エスパルス,2021,shim
4,5,0317,広島,0-1,A,Ｅスタ,晴,ロティーナ,清水エスパルス,2021,shim
5,6,0321,柏,2-1,A,三協Ｆ柏,雨,ロティーナ,清水エスパルス,2021,shim
6,7,0404,徳島,0-3,H,アイスタ,曇のち雨,ロティーナ,清水エスパルス,2021,shim
7,8,0407,浦和,0-2,H,アイスタ,晴,ロティーナ,清水エスパルス,2021,shim
8,9,0411,神戸,1-1,A,ノエスタ,屋内,ロティーナ,清水エスパルス,2021,shim
9,10,0418,Ｇ大阪,0-0,A,パナスタ,雨のち晴時々曇,ロティーナ,清水エスパルス,2021,shim
10,11,0425,湘南,1-1,H,アイスタ,曇時々晴のち雨,ロティーナ,清水エスパルス,2021,shim
11,12,0502,大分,,A,昭和電ド,,,清水エスパルス,2021,shim
12,13,0509,横浜FC,,H,アイスタ,,,清水エスパルス,2021,shim
13,14,0515,名古屋,,H,アイスタ,,,清水エスパルス,2021,shim
14,15,0522,札幌,,A,札幌ド,,,清水エスパルス,2021,shim
15,16,0526,FC東京,,H,アイスタ,,,清水エスパルス,2021,shim
16,17,0530,横浜FM,,A,日産ス,,,清水エスパルス,2021,shim
17,19,0623,仙台,,A,ユアスタ,,,清水エスパルス,2021,shim
18,20,0627,横浜FC,,A,ニッパツ,,,清水エスパルス,2021,shim
19,21,0704,大分,,H,アイスタ,,,清水エスパルス,2021,shim
20,22,0711,徳島,,A,鳴門大塚,,,清水エスパルス,2021,shim
21,18,0717,川崎Ｆ,,H,アイスタ,,,清水エスパルス,2021,shim
22,23,0809,横浜FM,,H,アイスタ,,,清水エスパルス,2021,shim
23,24,0813,Ｇ大阪,,H,アイスタ,,,清水エスパルス,2021,shim
24,25,0821,湘南,,A,レモンＳ,,,清水エスパルス,2021,shim
25,26,0825,鹿島,,H,アイスタ,,,清水エスパルス,2021,shim
26,27,0829,名古屋,,A,豊田ス,,,清水エスパルス,2021,shim
27,28,0911,鳥栖,,A,駅スタ,,,清水エスパルス,2021,shim
28,29,0918,仙台,,H,アイスタ,,,清水エスパルス,2021,shim
29,30,0924,神戸,,H,アイスタ,,,清水エスパルス,2021,shim
30,31,1002,福岡,,A,ベススタ,,,清水エスパルス,2021,shim
31,32,1016,柏,,H,未定,,,清水エスパルス,2021,shim
32,33,1023,川崎Ｆ,,A,等々力,,,清水エスパルス,2021,shim
33,34,1103,FC東京,,A,味スタ,,,清水エスパルス,2021,shim
34,35,1106,札幌,,H,アイスタ,,,清水エスパルス,2021,shim
35,36,1120,広島,,H,アイスタ,,,清水エスパルス,2021,shim
36,37,1127,浦和,,A,埼玉,,,清水エスパルス,2021,shim
37,38,1204,Ｃ大阪,,H,アイスタ,,,清水エスパルス,2021,shim
0,1,0228,福岡,2-1,A,ベススタ,晴,マッシモ　フィッカデンティ,名古屋グランパス,2021,nago
1,2,0306,札幌,1-0,H,豊田ス,曇,マッシモ　フィッカデンティ,名古屋グランパス,2021,nago
2,3,0310,柏,1-0,A,三協Ｆ柏,晴,マッシモ　フィッカデンティ,名古屋グランパス,2021,nago
3,4,0313,神戸,1-0,A,ノエスタ,屋内,マッシモ　フィッカデンティ,名古屋グランパス,2021,nago
4,5,0317,横浜FC,3-0,H,豊田ス,晴,マッシモ　フィッカデンティ,名古屋グランパス,2021,nago
5,6,0321,鹿島,1-0,A,カシマ,雨,マッシモ　フィッカデンティ,名古屋グランパス,2021,nago
6,7,0403,FC東京,0-0,H,豊田ス,曇,マッシモ　フィッカデンティ,名古屋グランパス,2021,nago
7,8,0407,湘南,0-0,A,レモンＳ,晴,マッシモ　フィッカデンティ,名古屋グランパス,2021,nago
8,9,0411,大分,3-0,A,昭和電ド,晴,マッシモ　フィッカデンティ,名古屋グランパス,2021,nago
9,19,0414,広島,1-0,H,豊田ス,曇,マッシモ　フィッカデンティ,名古屋グランパス,2021,nago
10,10,0418,鳥栖,1-2,H,豊田ス,曇時々雨,マッシモ　フィッカデンティ,名古屋グランパス,2021,nago
11,11,0422,Ｇ大阪,2-0,H,豊田ス,晴,マッシモ　フィッカデンティ,名古屋グランパス,2021,nago
12,22,0429,川崎Ｆ,0-4,H,豊田ス,雨,ブルーノ　コンカ,名古屋グランパス,2021,nago
13,12,0504,川崎Ｆ,,A,等々力,,,名古屋グランパス,2021,nago
14,13,0508,Ｃ大阪,,H,豊田ス,,,名古屋グランパス,2021,nago
15,21,0512,鹿島,,H,豊田ス,,,名古屋グランパス,2021,nago
16,14,0515,清水,,A,アイスタ,,,名古屋グランパス,2021,nago
17,15,0522,徳島,,A,鳴門大塚,,,名古屋グランパス,2021,nago
18,16,0526,仙台,,H,豊田ス,,,名古屋グランパス,2021,nago
19,17,0530,浦和,,A,埼玉,,,名古屋グランパス,2021,nago
20,20,0717,鳥栖,,A,駅スタ,,,名古屋グランパス,2021,nago
21,23,0809,横浜FC,,A,ニッパツ,,,名古屋グランパス,2021,nago
22,18,0812,横浜FM,,A,ニッパツ,,,名古屋グランパス,2021,nago
23,24,0815,湘南,,H,豊田ス,,,名古屋グランパス,2021,nago
24,25,0822,福岡,,H,豊田ス,,,名古屋グランパス,2021,nago
25,26,0825,札幌,,A,札幌厚別,,,名古屋グランパス,2021,nago
26,27,0829,清水,,H,豊田ス,,,名古屋グランパス,2021,nago
27,28,0911,徳島,,H,豊田ス,,,名古屋グランパス,2021,nago
28,29,0918,横浜FM,,H,豊田ス,,,名古屋グランパス,2021,nago
29,31,1002,広島,,A,Ｅスタ,,,名古屋グランパス,2021,nago
30,32,1016,FC東京,,A,味スタ,,,名古屋グランパス,2021,nago
31,33,1023,神戸,,H,豊田ス,,,名古屋グランパス,2021,nago
32,34,1103,柏,,H,豊田ス,,,名古屋グランパス,2021,nago
33,35,1106,仙台,,A,ユアスタ,,,名古屋グランパス,2021,nago
34,36,1120,Ｇ大阪,,A,パナスタ,,,名古屋グランパス,2021,nago
35,37,1127,Ｃ大阪,,A,ヨドコウ,,,名古屋グランパス,2021,nago
36,38,1204,浦和,,H,豊田ス,,,名古屋グランパス,2021,nago
0,1,0227,神戸,0-1,A,ノエスタ,晴,宮本　恒靖,ガンバ大阪,2021,g-os
1,7,0403,広島,0-0,A,Ｅスタ,曇,宮本　恒靖,ガンバ大阪,2021,g-os
2,8,0407,福岡,0-0,H,パナスタ,晴,宮本　恒靖,ガンバ大阪,2021,g-os
3,9,0411,柏,0-1,A,三協Ｆ柏,晴,宮本　恒靖,ガンバ大阪,2021,g-os
4,18,0414,鳥栖,1-0,A,駅スタ,晴,宮本　恒靖,ガンバ大阪,2021,g-os
5,10,0418,清水,0-0,H,パナスタ,雨のち晴時々曇,宮本　恒靖,ガンバ大阪,2021,g-os
6,11,0422,名古屋,0-2,A,豊田ス,晴,宮本　恒靖,ガンバ大阪,2021,g-os
7,12,0502,Ｃ大阪,,A,ヤンマー,,,ガンバ大阪,2021,g-os
8,13,0508,川崎Ｆ,,H,パナスタ,,,ガンバ大阪,2021,g-os
9,20,0512,広島,,H,パナスタ,,,ガンバ大阪,2021,g-os
10,14,0516,浦和,,H,パナスタ,,,ガンバ大阪,2021,g-os
11,15,0522,FC東京,,A,味スタ,,,ガンバ大阪,2021,g-os
12,16,0527,徳島,,H,パナスタ,,,ガンバ大阪,2021,g-os
13,17,0530,横浜FC,,H,パナスタ,,,ガンバ大阪,2021,g-os
14,19,0602,湘南,,A,レモンＳ,,,ガンバ大阪,2021,g-os
15,21,0717,福岡,,A,ベススタ,,,ガンバ大阪,2021,g-os
16,22,0721,神戸,,H,パナスタ,,,ガンバ大阪,2021,g-os
17,2,0724,鹿島,,H,パナスタ,,,ガンバ大阪,2021,g-os
18,3,0727,大分,,H,パナスタ,,,ガンバ大阪,2021,g-os
19,4,0730,札幌,,A,札幌厚別,,,ガンバ大阪,2021,g-os
20,5,0803,仙台,,A,ユアスタ,,,ガンバ大阪,2021,g-os
21,6,0806,横浜FM,,H,パナスタ,,,ガンバ大阪,2021,g-os
22,23,0809,徳島,,A,鳴門大塚,,,ガンバ大阪,2021,g-os
23,24,0813,清水,,A,アイスタ,,,ガンバ大阪,2021,g-os
24,25,0821,FC東京,,H,パナスタ,,,ガンバ大阪,2021,g-os
25,26,0825,横浜FC,,A,ニッパツ,,,ガンバ大阪,2021,g-os
26,27,0828,Ｃ大阪,,H,パナスタ,,,ガンバ大阪,2021,g-os
27,28,0911,仙台,,H,パナスタ,,,ガンバ大阪,2021,g-os
28,29,0918,鹿島,,A,カシマ,,,ガンバ大阪,2021,g-os
29,30,0925,柏,,H,パナスタ,,,ガンバ大阪,2021,g-os
30,31,1002,札幌,,H,パナスタ,,,ガンバ大阪,2021,g-os
31,32,1016,浦和,,A,埼玉,,,ガンバ大阪,2021,g-os
32,33,1023,鳥栖,,H,パナスタ,,,ガンバ大阪,2021,g-os
33,34,1103,横浜FM,,A,日産ス,,,ガンバ大阪,2021,g-os
34,35,1106,大分,,A,昭和電ド,,,ガンバ大阪,2021,g-os
35,36,1120,名古屋,,H,パナスタ,,,ガンバ大阪,2021,g-os
36,37,1127,川崎Ｆ,,A,等々力,,,ガンバ大阪,2021,g-os
37,38,1204,湘南,,H,パナスタ,,,ガンバ大阪,2021,g-os
0,1,0227,柏,2-0,H,ヤンマー,晴,レヴィー　クルピ,セレッソ大阪,2021,c-os
1,11,0303,川崎Ｆ,2-3,A,等々力,晴,レヴィー　クルピ,セレッソ大阪,2021,c-os
2,2,0306,FC東京,2-3,A,味スタ,晴,レヴィー　クルピ,セレッソ大阪,2021,c-os
3,3,0310,清水,2-1,H,ヤンマー,晴,レヴィー　クルピ,セレッソ大阪,2021,c-os
4,4,0313,横浜FC,4-1,A,ニッパツ,雨のち曇,レヴィー　クルピ,セレッソ大阪,2021,c-os
5,5,0317,大分,1-0,H,ヤンマー,晴,レヴィー　クルピ,セレッソ大阪,2021,c-os
6,6,0321,湘南,0-0,A,レモンＳ,雨,レヴィー　クルピ,セレッソ大阪,2021,c-os
7,7,0402,鳥栖,1-0,H,ヤンマー,曇,レヴィー　クルピ,セレッソ大阪,2021,c-os
8,8,0406,横浜FM,0-1,A,日産ス,曇,小菊　昭雄,セレッソ大阪,2021,c-os
9,9,0410,福岡,2-2,H,ヤンマー,晴,小菊　昭雄,セレッソ大阪,2021,c-os
10,18,0414,徳島,1-2,H,ヤンマー,曇,レヴィー　クルピ,セレッソ大阪,2021,c-os
11,10,0418,浦和,1-0,H,ヤンマー,曇一時雨時々晴,レヴィー　クルピ,セレッソ大阪,2021,c-os
12,12,0502,Ｇ大阪,,H,ヤンマー,,,セレッソ大阪,2021,c-os
13,13,0508,名古屋,,A,豊田ス,,,セレッソ大阪,2021,c-os
14,14,0515,神戸,,A,ノエスタ,,,セレッソ大阪,2021,c-os
15,15,0523,広島,,H,ヤンマー,,,セレッソ大阪,2021,c-os
16,16,0526,鹿島,,A,カシマ,,,セレッソ大阪,2021,c-os
17,17,0530,仙台,,A,ユアスタ,,,セレッソ大阪,2021,c-os
18,20,0717,神戸,,H,ヨドコウ,,,セレッソ大阪,2021,c-os
19,21,0721,FC東京,,H,ヨドコウ,,,セレッソ大阪,2021,c-os
20,22,0724,鳥栖,,A,駅スタ,,,セレッソ大阪,2021,c-os
21,23,0809,仙台,,H,ヨドコウ,,,セレッソ大阪,2021,c-os
22,24,0815,福岡,,A,ベススタ,,,セレッソ大阪,2021,c-os
23,25,0821,横浜FC,,H,ヨドコウ,,,セレッソ大阪,2021,c-os
24,26,0825,湘南,,H,ヨドコウ,,,セレッソ大阪,2021,c-os
25,27,0828,Ｇ大阪,,A,パナスタ,,,セレッソ大阪,2021,c-os
26,28,0911,札幌,,H,ヨドコウ,,,セレッソ大阪,2021,c-os
27,29,0918,浦和,,A,埼玉,,,セレッソ大阪,2021,c-os
28,30,0925,鹿島,,H,ヨドコウ,,,セレッソ大阪,2021,c-os
29,31,1002,大分,,A,昭和電ド,,,セレッソ大阪,2021,c-os
30,32,1016,広島,,A,Ｅスタ,,,セレッソ大阪,2021,c-os
31,33,1023,横浜FM,,H,ヨドコウ,,,セレッソ大阪,2021,c-os
32,34,1103,徳島,,A,鳴門大塚,,,セレッソ大阪,2021,c-os
33,35,1106,柏,,A,三協Ｆ柏,,,セレッソ大阪,2021,c-os
34,36,1120,川崎Ｆ,,H,ヨドコウ,,,セレッソ大阪,2021,c-os
35,37,1127,名古屋,,H,ヨドコウ,,,セレッソ大阪,2021,c-os
36,38,1204,清水,,A,アイスタ,,,セレッソ大阪,2021,c-os
0,1,0227,Ｇ大阪,1-0,H,ノエスタ,晴,三浦　淳寛,ヴィッセル神戸,2021,kobe
1,2,0306,徳島,1-1,A,鳴門大塚,晴,三浦　淳寛,ヴィッセル神戸,2021,kobe
2,3,0310,FC東京,3-2,A,味スタ,晴,三浦　淳寛,ヴィッセル神戸,2021,kobe
3,4,0313,名古屋,0-1,H,ノエスタ,屋内,三浦　淳寛,ヴィッセル神戸,2021,kobe
4,5,0317,川崎Ｆ,1-1,H,ノエスタ,屋内,三浦　淳寛,ヴィッセル神戸,2021,kobe
5,6,0320,札幌,4-3,A,札幌ド,屋内,三浦　淳寛,ヴィッセル神戸,2021,kobe
6,7,0403,仙台,2-0,A,ユアスタ,晴,三浦　淳寛,ヴィッセル神戸,2021,kobe
7,8,0407,大分,1-0,H,ノエスタ,屋内,三浦　淳寛,ヴィッセル神戸,2021,kobe
8,9,0411,清水,1-1,H,ノエスタ,屋内,三浦　淳寛,ヴィッセル神戸,2021,kobe
9,10,0417,湘南,0-0,A,レモンＳ,雨,三浦　淳寛,ヴィッセル神戸,2021,kobe
10,11,0424,鹿島,1-1,A,カシマ,晴,三浦　淳寛,ヴィッセル神戸,2021,kobe
11,12,0501,広島,,H,ノエスタ,,,ヴィッセル神戸,2021,kobe
12,13,0509,横浜FM,,A,日産ス,,,ヴィッセル神戸,2021,kobe
13,14,0515,Ｃ大阪,,H,ノエスタ,,,ヴィッセル神戸,2021,kobe
14,15,0522,浦和,,A,埼玉,,,ヴィッセル神戸,2021,kobe
15,16,0526,柏,,A,三協Ｆ柏,,,ヴィッセル神戸,2021,kobe
16,17,0530,鳥栖,,H,ノエスタ,,,ヴィッセル神戸,2021,kobe
17,18,0619,福岡,,A,ベススタ,,,ヴィッセル神戸,2021,kobe
18,19,0623,横浜FC,,H,ノエスタ,,,ヴィッセル神戸,2021,kobe
19,21,0703,湘南,,H,ノエスタ,,,ヴィッセル神戸,2021,kobe
20,20,0717,Ｃ大阪,,A,ヨドコウ,,,ヴィッセル神戸,2021,kobe
21,22,0721,Ｇ大阪,,A,パナスタ,,,ヴィッセル神戸,2021,kobe
22,23,0809,柏,,H,ノエスタ,,,ヴィッセル神戸,2021,kobe
23,24,0814,広島,,A,Ｅスタ,,,ヴィッセル神戸,2021,kobe
24,25,0821,鹿島,,H,ノエスタ,,,ヴィッセル神戸,2021,kobe
25,26,0825,大分,,A,昭和電ド,,,ヴィッセル神戸,2021,kobe
26,27,0828,FC東京,,H,ノエスタ,,,ヴィッセル神戸,2021,kobe
27,28,0911,川崎Ｆ,,A,等々力,,,ヴィッセル神戸,2021,kobe
28,29,0918,札幌,,H,ノエスタ,,,ヴィッセル神戸,2021,kobe
29,30,0924,清水,,A,アイスタ,,,ヴィッセル神戸,2021,kobe
30,31,1002,浦和,,H,ノエスタ,,,ヴィッセル神戸,2021,kobe
31,32,1016,福岡,,H,ノエスタ,,,ヴィッセル神戸,2021,kobe
32,33,1023,名古屋,,A,豊田ス,,,ヴィッセル神戸,2021,kobe
33,34,1103,仙台,,H,ノエスタ,,,ヴィッセル神戸,2021,kobe
34,35,1106,徳島,,H,ノエスタ,,,ヴィッセル神戸,2021,kobe
35,36,1120,横浜FC,,A,ニッパツ,,,ヴィッセル神戸,2021,kobe
36,37,1127,横浜FM,,H,ノエスタ,,,ヴィッセル神戸,2021,kobe
37,38,1204,鳥栖,,A,駅スタ,,,ヴィッセル神戸,2021,kobe
0,1,0227,仙台,1-1,H,Ｅスタ,晴,城福　浩,サンフレッチェ広島,2021,hiro
1,2,0307,横浜FM,3-3,A,日産ス,曇,城福　浩,サンフレッチェ広島,2021,hiro
2,3,0310,札幌,2-1,H,Ｅスタ,晴,城福　浩,サンフレッチェ広島,2021,hiro
3,4,0313,鹿島,1-1,A,カシマ,雨のち曇,城福　浩,サンフレッチェ広島,2021,hiro
4,5,0317,清水,1-0,H,Ｅスタ,晴,城福　浩,サンフレッチェ広島,2021,hiro
5,6,0321,大分,3-1,A,昭和電ド,屋内,城福　浩,サンフレッチェ広島,2021,hiro
6,7,0403,Ｇ大阪,0-0,H,Ｅスタ,曇,城福　浩,サンフレッチェ広島,2021,hiro
7,8,0407,横浜FC,3-0,A,ニッパツ,晴,城福　浩,サンフレッチェ広島,2021,hiro
8,9,0410,湘南,0-1,H,Ｅスタ,晴,城福　浩,サンフレッチェ広島,2021,hiro
9,19,0414,名古屋,0-1,A,豊田ス,曇,城福　浩,サンフレッチェ広島,2021,hiro
10,10,0418,川崎Ｆ,1-1,A,等々力,晴,城福　浩,サンフレッチェ広島,2021,hiro
11,11,0424,福岡,1-2,H,Ｅスタ,晴,城福　浩,サンフレッチェ広島,2021,hiro
12,12,0501,神戸,,A,ノエスタ,,,サンフレッチェ広島,2021,hiro
13,13,0508,鳥栖,,A,駅スタ,,,サンフレッチェ広島,2021,hiro
14,20,0512,Ｇ大阪,,A,パナスタ,,,サンフレッチェ広島,2021,hiro
15,14,0515,徳島,,H,Ｅスタ,,,サンフレッチェ広島,2021,hiro
16,15,0523,Ｃ大阪,,A,ヤンマー,,,サンフレッチェ広島,2021,hiro
17,16,0526,浦和,,H,Ｅスタ,,,サンフレッチェ広島,2021,hiro
18,17,0530,FC東京,,A,味スタ,,,サンフレッチェ広島,2021,hiro
19,18,0619,柏,,H,Ｅスタ,,,サンフレッチェ広島,2021,hiro
20,21,0703,鳥栖,,H,Ｅスタ,,,サンフレッチェ広島,2021,hiro
21,22,0711,横浜FC,,H,Ｅスタ,,,サンフレッチェ広島,2021,hiro
22,23,0809,福岡,,A,ベススタ,,,サンフレッチェ広島,2021,hiro
23,24,0814,神戸,,H,Ｅスタ,,,サンフレッチェ広島,2021,hiro
24,25,0821,川崎Ｆ,,H,Ｅスタ,,,サンフレッチェ広島,2021,hiro
25,26,0825,浦和,,A,浦和駒場,,,サンフレッチェ広島,2021,hiro
26,27,0828,大分,,H,Ｅスタ,,,サンフレッチェ広島,2021,hiro
27,28,0911,横浜FM,,H,Ｅスタ,,,サンフレッチェ広島,2021,hiro
28,29,0918,柏,,A,三協Ｆ柏,,,サンフレッチェ広島,2021,hiro
29,30,0925,札幌,,A,札幌ド,,,サンフレッチェ広島,2021,hiro
30,31,1002,名古屋,,H,Ｅスタ,,,サンフレッチェ広島,2021,hiro
31,32,1016,Ｃ大阪,,H,Ｅスタ,,,サンフレッチェ広島,2021,hiro
32,33,1023,仙台,,A,ユアスタ,,,サンフレッチェ広島,2021,hiro
33,34,1103,鹿島,,H,Ｅスタ,,,サンフレッチェ広島,2021,hiro
34,35,1106,湘南,,A,レモンＳ,,,サンフレッチェ広島,2021,hiro
35,36,1120,清水,,A,アイスタ,,,サンフレッチェ広島,2021,hiro
36,37,1127,FC東京,,H,Ｅスタ,,,サンフレッチェ広島,2021,hiro
37,38,1204,徳島,,A,鳴門大塚,,,サンフレッチェ広島,2021,hiro
0,1,0227,大分,1-1,A,昭和電ド,曇,甲本　偉嗣,徳島ヴォルティス,2021,toku
1,2,0306,神戸,1-1,H,鳴門大塚,晴,甲本　偉嗣,徳島ヴォルティス,2021,toku
2,3,0310,川崎Ｆ,0-2,A,等々力,晴,甲本　偉嗣,徳島ヴォルティス,2021,toku
3,4,0313,福岡,1-2,H,鳴門大塚,晴,甲本　偉嗣,徳島ヴォルティス,2021,toku
4,5,0317,横浜FM,0-1,A,ニッパツ,晴,甲本　偉嗣,徳島ヴォルティス,2021,toku
5,6,0321,横浜FC,2-1,H,鳴門大塚,曇のち雨,甲本　偉嗣,徳島ヴォルティス,2021,toku
6,7,0404,清水,3-0,A,アイスタ,曇のち雨,甲本　偉嗣,徳島ヴォルティス,2021,toku
7,8,0407,仙台,1-0,H,鳴門大塚,晴,甲本　偉嗣,徳島ヴォルティス,2021,toku
8,9,0411,浦和,0-1,A,埼玉,晴,甲本　偉嗣,徳島ヴォルティス,2021,toku
9,18,0414,Ｃ大阪,2-1,A,ヤンマー,曇,甲本　偉嗣,徳島ヴォルティス,2021,toku
10,10,0417,鹿島,0-1,H,鳴門大塚,雨,ダニエル　ポヤトス,徳島ヴォルティス,2021,toku
11,11,0424,柏,1-5,A,三協Ｆ柏,晴,ダニエル　ポヤトス,徳島ヴォルティス,2021,toku
12,12,0501,鳥栖,,A,駅スタ,,,徳島ヴォルティス,2021,toku
13,13,0509,札幌,,H,鳴門大塚,,,徳島ヴォルティス,2021,toku
14,14,0515,広島,,A,Ｅスタ,,,徳島ヴォルティス,2021,toku
15,15,0522,名古屋,,H,鳴門大塚,,,徳島ヴォルティス,2021,toku
16,16,0527,Ｇ大阪,,A,パナスタ,,,徳島ヴォルティス,2021,toku
17,17,0530,湘南,,H,鳴門大塚,,,徳島ヴォルティス,2021,toku
18,19,0623,FC東京,,H,鳴門大塚,,,徳島ヴォルティス,2021,toku
19,20,0627,横浜FM,,H,鳴門大塚,,,徳島ヴォルティス,2021,toku
20,21,0704,札幌,,A,札幌厚別,,,徳島ヴォルティス,2021,toku
21,22,0711,清水,,H,鳴門大塚,,,徳島ヴォルティス,2021,toku
22,23,0809,Ｇ大阪,,H,鳴門大塚,,,徳島ヴォルティス,2021,toku
23,24,0815,鹿島,,A,カシマ,,,徳島ヴォルティス,2021,toku
24,25,0821,浦和,,H,鳴門大塚,,,徳島ヴォルティス,2021,toku
25,26,0825,柏,,H,鳴門大塚,,,徳島ヴォルティス,2021,toku
26,27,0829,福岡,,A,ベススタ,,,徳島ヴォルティス,2021,toku
27,28,0911,名古屋,,A,豊田ス,,,徳島ヴォルティス,2021,toku
28,29,0918,川崎Ｆ,,H,鳴門大塚,,,徳島ヴォルティス,2021,toku
29,30,0925,仙台,,A,ユアスタ,,,徳島ヴォルティス,2021,toku
30,31,1002,鳥栖,,H,鳴門大塚,,,徳島ヴォルティス,2021,toku
31,32,1016,横浜FC,,A,ニッパツ,,,徳島ヴォルティス,2021,toku
32,33,1023,大分,,H,鳴門大塚,,,徳島ヴォルティス,2021,toku
33,34,1103,Ｃ大阪,,H,鳴門大塚,,,徳島ヴォルティス,2021,toku
34,35,1106,神戸,,A,ノエスタ,,,徳島ヴォルティス,2021,toku
35,36,1120,FC東京,,A,味スタ,,,徳島ヴォルティス,2021,toku
36,37,1127,湘南,,A,レモンＳ,,,徳島ヴォルティス,2021,toku
37,38,1204,広島,,H,鳴門大塚,,,徳島ヴォルティス,2021,toku
0,1,0228,名古屋,1-2,H,ベススタ,晴,長谷部　茂利,アビスパ福岡,2021,fuku
1,2,0306,清水,2-2,A,アイスタ,晴,長谷部　茂利,アビスパ福岡,2021,fuku
2,3,0310,横浜FM,1-3,H,ベススタ,晴,長谷部　茂利,アビスパ福岡,2021,fuku
3,4,0313,徳島,2-1,A,鳴門大塚,晴,長谷部　茂利,アビスパ福岡,2021,fuku
4,5,0317,鹿島,1-0,H,ベススタ,晴,長谷部　茂利,アビスパ福岡,2021,fuku
5,6,0321,鳥栖,0-0,A,駅スタ,曇のち晴,長谷部　茂利,アビスパ福岡,2021,fuku
6,7,0403,札幌,1-2,H,ベススタ,晴のち曇,長谷部　茂利,アビスパ福岡,2021,fuku
7,8,0407,Ｇ大阪,0-0,A,パナスタ,晴,長谷部　茂利,アビスパ福岡,2021,fuku
8,9,0410,Ｃ大阪,2-2,A,ヤンマー,晴,長谷部　茂利,アビスパ福岡,2021,fuku
9,19,0414,川崎Ｆ,1-3,A,等々力,雨一時雷雨,長谷部　茂利,アビスパ福岡,2021,fuku
10,10,0417,FC東京,1-0,H,ベススタ,晴,長谷部　茂利,アビスパ福岡,2021,fuku
11,11,0424,広島,2-1,A,Ｅスタ,晴,長谷部　茂利,アビスパ福岡,2021,fuku
12,12,0501,浦和,,H,ベススタ,,,アビスパ福岡,2021,fuku
13,13,0509,柏,,H,ベススタ,,,アビスパ福岡,2021,fuku
14,14,0515,仙台,,A,ユアスタ,,,アビスパ福岡,2021,fuku
15,15,0522,湘南,,H,ベススタ,,,アビスパ福岡,2021,fuku
16,16,0526,横浜FC,,A,ニッパツ,,,アビスパ福岡,2021,fuku
17,17,0530,大分,,A,昭和電ド,,,アビスパ福岡,2021,fuku
18,18,0619,神戸,,H,ベススタ,,,アビスパ福岡,2021,fuku
19,20,0627,浦和,,A,埼玉,,,アビスパ福岡,2021,fuku
20,22,0710,横浜FM,,A,ニッパツ,,,アビスパ福岡,2021,fuku
21,21,0717,Ｇ大阪,,H,ベススタ,,,アビスパ福岡,2021,fuku
22,23,0809,広島,,H,ベススタ,,,アビスパ福岡,2021,fuku
23,24,0815,Ｃ大阪,,H,ベススタ,,,アビスパ福岡,2021,fuku
24,25,0822,名古屋,,A,豊田ス,,,アビスパ福岡,2021,fuku
25,26,0825,川崎Ｆ,,H,ベススタ,,,アビスパ福岡,2021,fuku
26,27,0829,徳島,,H,ベススタ,,,アビスパ福岡,2021,fuku
27,28,0911,鹿島,,A,カシマ,,,アビスパ福岡,2021,fuku
28,29,0918,湘南,,A,レモンＳ,,,アビスパ福岡,2021,fuku
29,30,0925,鳥栖,,H,ベススタ,,,アビスパ福岡,2021,fuku
30,31,1002,清水,,H,ベススタ,,,アビスパ福岡,2021,fuku
31,32,1016,神戸,,A,ノエスタ,,,アビスパ福岡,2021,fuku
32,33,1023,札幌,,A,未定,,,アビスパ福岡,2021,fuku
33,34,1103,大分,,H,ベススタ,,,アビスパ福岡,2021,fuku
34,35,1106,横浜FC,,H,ベススタ,,,アビスパ福岡,2021,fuku
35,36,1120,柏,,A,三協Ｆ柏,,,アビスパ福岡,2021,fuku
36,37,1127,仙台,,H,ベススタ,,,アビスパ福岡,2021,fuku
37,38,1204,FC東京,,A,味スタ,,,アビスパ福岡,2021,fuku
0,1,0227,湘南,1-0,A,レモンＳ,晴,金　明輝,サガン鳥栖,2021,tosu
1,2,0306,浦和,2-0,H,駅スタ,曇,金　明輝,サガン鳥栖,2021,tosu
2,3,0310,仙台,5-0,H,駅スタ,晴,金　明輝,サガン鳥栖,2021,tosu
3,4,0314,清水,0-0,A,アイスタ,晴,金　明輝,サガン鳥栖,2021,tosu
4,5,0317,柏,2-0,H,駅スタ,晴,金　明輝,サガン鳥栖,2021,tosu
5,6,0321,福岡,0-0,H,駅スタ,曇のち晴,金　明輝,サガン鳥栖,2021,tosu
6,7,0402,Ｃ大阪,0-1,A,ヤンマー,曇,金　明輝,サガン鳥栖,2021,tosu
7,8,0407,川崎Ｆ,0-1,A,等々力,晴,金　明輝,サガン鳥栖,2021,tosu
8,9,0411,横浜FC,3-0,H,駅スタ,晴,金　明輝,サガン鳥栖,2021,tosu
9,18,0414,Ｇ大阪,0-1,H,駅スタ,晴,金　明輝,サガン鳥栖,2021,tosu
10,10,0418,名古屋,2-1,A,豊田ス,曇時々雨,金　明輝,サガン鳥栖,2021,tosu
11,11,0424,FC東京,2-1,A,味スタ,晴,金　明輝,サガン鳥栖,2021,tosu
12,12,0501,徳島,,H,駅スタ,,,サガン鳥栖,2021,tosu
13,13,0508,広島,,H,駅スタ,,,サガン鳥栖,2021,tosu
14,14,0515,大分,,A,昭和電ド,,,サガン鳥栖,2021,tosu
15,15,0522,鹿島,,H,駅スタ,,,サガン鳥栖,2021,tosu
16,16,0526,札幌,,A,札幌ド,,,サガン鳥栖,2021,tosu
17,17,0530,神戸,,A,ノエスタ,,,サガン鳥栖,2021,tosu
18,19,0623,横浜FM,,A,ニッパツ,,,サガン鳥栖,2021,tosu
19,21,0703,広島,,A,Ｅスタ,,,サガン鳥栖,2021,tosu
20,20,0717,名古屋,,H,駅スタ,,,サガン鳥栖,2021,tosu
21,22,0724,Ｃ大阪,,H,駅スタ,,,サガン鳥栖,2021,tosu
22,23,0809,FC東京,,H,駅スタ,,,サガン鳥栖,2021,tosu
23,24,0814,浦和,,A,浦和駒場,,,サガン鳥栖,2021,tosu
24,25,0821,柏,,A,三協Ｆ柏,,,サガン鳥栖,2021,tosu
25,26,0825,横浜FM,,H,駅スタ,,,サガン鳥栖,2021,tosu
26,27,0829,仙台,,A,ユアスタ,,,サガン鳥栖,2021,tosu
27,28,0911,清水,,H,駅スタ,,,サガン鳥栖,2021,tosu
28,29,0917,大分,,H,駅スタ,,,サガン鳥栖,2021,tosu
29,30,0925,福岡,,A,ベススタ,,,サガン鳥栖,2021,tosu
30,31,1002,徳島,,A,鳴門大塚,,,サガン鳥栖,2021,tosu
31,32,1016,湘南,,H,駅スタ,,,サガン鳥栖,2021,tosu
32,33,1023,Ｇ大阪,,A,パナスタ,,,サガン鳥栖,2021,tosu
33,34,1103,横浜FC,,A,ニッパツ,,,サガン鳥栖,2021,tosu
34,35,1106,川崎Ｆ,,H,駅スタ,,,サガン鳥栖,2021,tosu
35,36,1120,札幌,,H,駅スタ,,,サガン鳥栖,2021,tosu
36,37,1127,鹿島,,A,カシマ,,,サガン鳥栖,2021,tosu
37,38,1204,神戸,,H,駅スタ,,,サガン鳥栖,2021,tosu
0,1,0227,徳島,1-1,H,昭和電ド,曇,片野坂　知宏,大分トリニータ,2021,oita
1,2,0306,横浜FC,2-1,A,ニッパツ,晴,片野坂　知宏,大分トリニータ,2021,oita
2,4,0314,FC東京,1-1,H,昭和電ド,屋内,片野坂　知宏,大分トリニータ,2021,oita
3,5,0317,Ｃ大阪,0-1,A,ヤンマー,晴,片野坂　知宏,大分トリニータ,2021,oita
4,6,0321,広島,1-3,H,昭和電ド,屋内,片野坂　知宏,大分トリニータ,2021,oita
5,7,0403,川崎Ｆ,0-2,A,等々力,曇,片野坂　知宏,大分トリニータ,2021,oita
6,8,0407,神戸,0-1,A,ノエスタ,屋内,片野坂　知宏,大分トリニータ,2021,oita
7,9,0411,名古屋,0-3,H,昭和電ド,晴,片野坂　知宏,大分トリニータ,2021,oita
8,10,0417,柏,0-1,H,昭和電ド,屋内,片野坂　知宏,大分トリニータ,2021,oita
9,11,0425,浦和,2-3,A,埼玉,曇,片野坂　知宏,大分トリニータ,2021,oita
10,12,0502,清水,,H,昭和電ド,,,大分トリニータ,2021,oita
11,13,0509,湘南,,A,レモンＳ,,,大分トリニータ,2021,oita
12,14,0515,鳥栖,,H,昭和電ド,,,大分トリニータ,2021,oita
13,15,0522,仙台,,A,ユアスタ,,,大分トリニータ,2021,oita
14,16,0526,横浜FM,,H,昭和電ド,,,大分トリニータ,2021,oita
15,17,0530,福岡,,H,昭和電ド,,,大分トリニータ,2021,oita
16,18,0619,札幌,,A,札幌厚別,,,大分トリニータ,2021,oita
17,19,0623,鹿島,,H,昭和電ド,,,大分トリニータ,2021,oita
18,20,0627,FC東京,,A,味スタ,,,大分トリニータ,2021,oita
19,21,0704,清水,,A,アイスタ,,,大分トリニータ,2021,oita
20,22,0710,浦和,,H,昭和電ド,,,大分トリニータ,2021,oita
21,3,0727,Ｇ大阪,,A,パナスタ,,,大分トリニータ,2021,oita
22,23,0809,川崎Ｆ,,H,昭和電ド,,,大分トリニータ,2021,oita
23,24,0815,横浜FM,,A,ニッパツ,,,大分トリニータ,2021,oita
24,25,0821,札幌,,H,昭和電ド,,,大分トリニータ,2021,oita
25,26,0825,神戸,,H,昭和電ド,,,大分トリニータ,2021,oita
26,27,0828,広島,,A,Ｅスタ,,,大分トリニータ,2021,oita
27,28,0911,湘南,,H,昭和電ド,,,大分トリニータ,2021,oita
28,29,0917,鳥栖,,A,駅スタ,,,大分トリニータ,2021,oita
29,31,1002,Ｃ大阪,,H,昭和電ド,,,大分トリニータ,2021,oita
30,32,1016,仙台,,H,昭和電ド,,,大分トリニータ,2021,oita
31,33,1023,徳島,,A,鳴門大塚,,,大分トリニータ,2021,oita
32,34,1103,福岡,,A,ベススタ,,,大分トリニータ,2021,oita
33,35,1106,Ｇ大阪,,H,昭和電ド,,,大分トリニータ,2021,oita
34,36,1120,鹿島,,A,カシマ,,,大分トリニータ,2021,oita
35,37,1127,横浜FC,,H,昭和電ド,,,大分トリニータ,2021,oita
36,38,1204,柏,,A,三協Ｆ柏,,,大分トリニータ,2021,oita
0,1,0228,群馬,1-2,A,正田スタ,晴,吉田　謙,ブラウブリッツ秋田,2021,aki
1,2,0307,栃木,1-0,A,カンセキ,晴時々曇,吉田　謙,ブラウブリッツ秋田,2021,aki
2,3,0314,千葉,2-0,A,フクアリ,晴,吉田　謙,ブラウブリッツ秋田,2021,aki
3,4,0321,北九州,1-1,A,ミクスタ,雨,吉田　謙,ブラウブリッツ秋田,2021,aki
4,5,0328,京都,1-0,H,ソユスタ,曇のち雨,吉田　謙,ブラウブリッツ秋田,2021,aki
5,6,0404,松本,1-3,A,サンアル,曇のち雨,吉田　謙,ブラウブリッツ秋田,2021,aki
6,7,0410,大宮,0-0,H,ソユスタ,曇のち晴,吉田　謙,ブラウブリッツ秋田,2021,aki
7,8,0417,山形,0-0,H,ソユスタ,曇のち雨,吉田　謙,ブラウブリッツ秋田,2021,aki
8,9,0421,金沢,1-2,A,石川西部,晴,吉田　謙,ブラウブリッツ秋田,2021,aki
9,10,0425,水戸,1-0,H,ソユスタ,晴,吉田　謙,ブラウブリッツ秋田,2021,aki
10,11,0501,岡山,,H,ソユスタ,,,ブラウブリッツ秋田,2021,aki
11,12,0505,長崎,,A,トラスタ,,,ブラウブリッツ秋田,2021,aki
12,13,0509,磐田,,H,ソユスタ,,,ブラウブリッツ秋田,2021,aki
13,14,0515,甲府,,A,ＪＩＴス,,,ブラウブリッツ秋田,2021,aki
14,15,0519,山口,,H,ソユスタ,,,ブラウブリッツ秋田,2021,aki
15,16,0529,東京Ｖ,,A,味スタ,,,ブラウブリッツ秋田,2021,aki
16,17,0605,琉球,,H,ソユスタ,,,ブラウブリッツ秋田,2021,aki
17,18,0613,町田,,A,Ｇスタ,,,ブラウブリッツ秋田,2021,aki
18,19,0621,新潟,,H,ソユスタ,,,ブラウブリッツ秋田,2021,aki
19,20,0626,相模原,,H,ソユスタ,,,ブラウブリッツ秋田,2021,aki
20,21,0704,愛媛,,A,ニンスタ,,,ブラウブリッツ秋田,2021,aki
21,22,0711,千葉,,H,ソユスタ,,,ブラウブリッツ秋田,2021,aki
22,23,0717,山口,,A,みらスタ,,,ブラウブリッツ秋田,2021,aki
23,24,0809,松本,,H,ソユスタ,,,ブラウブリッツ秋田,2021,aki
24,25,0814,大宮,,A,ＮＡＣＫ,,,ブラウブリッツ秋田,2021,aki
25,26,0822,長崎,,H,ソユスタ,,,ブラウブリッツ秋田,2021,aki
26,27,0828,琉球,,A,タピスタ,,,ブラウブリッツ秋田,2021,aki
27,28,0904,群馬,,H,ソユスタ,,,ブラウブリッツ秋田,2021,aki
28,29,0911,水戸,,A,Ｋｓスタ,,,ブラウブリッツ秋田,2021,aki
29,30,0919,北九州,,H,ソユスタ,,,ブラウブリッツ秋田,2021,aki
30,31,0926,岡山,,A,Ｃスタ,,,ブラウブリッツ秋田,2021,aki
31,32,1002,愛媛,,H,ソユスタ,,,ブラウブリッツ秋田,2021,aki
32,33,1010,山形,,A,ＮＤスタ,,,ブラウブリッツ秋田,2021,aki
33,34,1016,町田,,H,ソユスタ,,,ブラウブリッツ秋田,2021,aki
34,35,1023,新潟,,A,デンカＳ,,,ブラウブリッツ秋田,2021,aki
35,36,1030,金沢,,H,ソユスタ,,,ブラウブリッツ秋田,2021,aki
36,37,1103,相模原,,A,ギオンス,,,ブラウブリッツ秋田,2021,aki
37,38,1107,栃木,,H,ソユスタ,,,ブラウブリッツ秋田,2021,aki
38,39,1114,京都,,A,サンガＳ,,,ブラウブリッツ秋田,2021,aki
39,40,1121,甲府,,H,ソユスタ,,,ブラウブリッツ秋田,2021,aki
40,41,1128,東京Ｖ,,H,ソユスタ,,,ブラウブリッツ秋田,2021,aki
41,42,1205,磐田,,A,ヤマハ,,,ブラウブリッツ秋田,2021,aki
0,1,0228,町田,1-1,A,Ｇスタ,晴,石丸　清隆,モンテディオ山形,2021,yama
1,2,0307,東京Ｖ,2-0,A,味スタ,曇,石丸　清隆,モンテディオ山形,2021,yama
2,3,0314,松本,1-1,A,サンアル,晴,石丸　清隆,モンテディオ山形,2021,yama
3,4,0321,栃木,1-2,H,ＮＤスタ,曇時々雨,石丸　清隆,モンテディオ山形,2021,yama
4,5,0328,岡山,0-1,H,ＮＤスタ,曇のち雨,石丸　清隆,モンテディオ山形,2021,yama
5,6,0403,北九州,0-0,A,ミクスタ,晴,石丸　清隆,モンテディオ山形,2021,yama
6,7,0411,新潟,0-2,H,ＮＤスタ,晴,石丸　清隆,モンテディオ山形,2021,yama
7,8,0417,秋田,0-0,A,ソユスタ,曇のち雨,石丸　清隆,モンテディオ山形,2021,yama
8,9,0421,長崎,1-3,H,ＮＤスタ,晴,石丸　清隆,モンテディオ山形,2021,yama
9,10,0425,磐田,1-0,H,ＮＤスタ,曇,佐藤　尽,モンテディオ山形,2021,yama
10,11,0501,群馬,,A,正田スタ,,,モンテディオ山形,2021,yama
11,12,0505,甲府,,H,ＮＤスタ,,,モンテディオ山形,2021,yama
12,13,0509,京都,,A,サンガＳ,,,モンテディオ山形,2021,yama
13,14,0516,愛媛,,H,ＮＤスタ,,,モンテディオ山形,2021,yama
14,15,0522,琉球,,A,タピスタ,,,モンテディオ山形,2021,yama
15,16,0530,相模原,,H,ＮＤスタ,,,モンテディオ山形,2021,yama
16,17,0606,千葉,,A,フクアリ,,,モンテディオ山形,2021,yama
17,18,0613,山口,,H,ＮＤスタ,,,モンテディオ山形,2021,yama
18,19,0620,水戸,,A,Ｋｓスタ,,,モンテディオ山形,2021,yama
19,20,0626,金沢,,H,ＮＤスタ,,,モンテディオ山形,2021,yama
20,21,0703,大宮,,A,ＮＡＣＫ,,,モンテディオ山形,2021,yama
21,22,0711,松本,,H,ＮＤスタ,,,モンテディオ山形,2021,yama
22,23,0717,磐田,,A,ヤマハ,,,モンテディオ山形,2021,yama
23,24,0809,千葉,,H,ＮＤスタ,,,モンテディオ山形,2021,yama
24,25,0814,長崎,,A,トラスタ,,,モンテディオ山形,2021,yama
25,26,0822,琉球,,H,ＮＤスタ,,,モンテディオ山形,2021,yama
26,27,0828,山口,,A,みらスタ,,,モンテディオ山形,2021,yama
27,28,0904,水戸,,H,ＮＤスタ,,,モンテディオ山形,2021,yama
28,29,0911,新潟,,A,デンカＳ,,,モンテディオ山形,2021,yama
29,30,0918,京都,,H,ＮＤスタ,,,モンテディオ山形,2021,yama
30,31,0925,愛媛,,A,ニンスタ,,,モンテディオ山形,2021,yama
31,32,1002,甲府,,A,ＪＩＴス,,,モンテディオ山形,2021,yama
32,33,1010,秋田,,H,ＮＤスタ,,,モンテディオ山形,2021,yama
33,34,1016,相模原,,A,ギオンス,,,モンテディオ山形,2021,yama
34,35,1023,群馬,,H,ＮＤスタ,,,モンテディオ山形,2021,yama
35,36,1031,栃木,,A,栃木グ,,,モンテディオ山形,2021,yama
36,37,1103,東京Ｖ,,H,ＮＤスタ,,,モンテディオ山形,2021,yama
37,38,1107,岡山,,A,Ｃスタ,,,モンテディオ山形,2021,yama
38,39,1114,大宮,,H,ＮＤスタ,,,モンテディオ山形,2021,yama
39,40,1121,町田,,H,ＮＤスタ,,,モンテディオ山形,2021,yama
40,41,1128,金沢,,A,石川西部,,,モンテディオ山形,2021,yama
41,42,1205,北九州,,H,ＮＤスタ,,,モンテディオ山形,2021,yama
0,1,0228,大宮,1-2,H,Ｋｓスタ,晴,秋葉　忠宏,水戸ホーリーホック,2021,mito
1,2,0306,北九州,2-1,A,ミクスタ,曇,秋葉　忠宏,水戸ホーリーホック,2021,mito
2,3,0313,磐田,2-3,A,ヤマハ,雨のち晴,秋葉　忠宏,水戸ホーリーホック,2021,mito
3,4,0321,町田,3-0,H,Ｋｓスタ,雨,秋葉　忠宏,水戸ホーリーホック,2021,mito
4,5,0328,松本,3-0,H,Ｋｓスタ,雨のち曇,秋葉　忠宏,水戸ホーリーホック,2021,mito
5,6,0404,東京Ｖ,1-2,A,味スタ,曇,秋葉　忠宏,水戸ホーリーホック,2021,mito
6,7,0411,琉球,0-2,H,Ｋｓスタ,晴,秋葉　忠宏,水戸ホーリーホック,2021,mito
7,8,0417,岡山,2-1,A,Ｃスタ,曇,秋葉　忠宏,水戸ホーリーホック,2021,mito
8,9,0421,千葉,0-1,H,Ｋｓスタ,晴,秋葉　忠宏,水戸ホーリーホック,2021,mito
9,10,0425,秋田,0-1,A,ソユスタ,晴,秋葉　忠宏,水戸ホーリーホック,2021,mito
10,11,0502,長崎,,H,Ｋｓスタ,,,水戸ホーリーホック,2021,mito
11,12,0505,金沢,,A,石川西部,,,水戸ホーリーホック,2021,mito
12,13,0509,栃木,,H,Ｋｓスタ,,,水戸ホーリーホック,2021,mito
13,14,0516,京都,,A,サンガＳ,,,水戸ホーリーホック,2021,mito
14,15,0523,甲府,,H,Ｋｓスタ,,,水戸ホーリーホック,2021,mito
15,16,0530,愛媛,,A,ニンスタ,,,水戸ホーリーホック,2021,mito
16,17,0604,群馬,,A,正田スタ,,,水戸ホーリーホック,2021,mito
17,18,0613,相模原,,H,Ｋｓスタ,,,水戸ホーリーホック,2021,mito
18,19,0620,山形,,H,Ｋｓスタ,,,水戸ホーリーホック,2021,mito
19,20,0626,新潟,,A,デンカＳ,,,水戸ホーリーホック,2021,mito
20,21,0703,山口,,H,Ｋｓスタ,,,水戸ホーリーホック,2021,mito
21,22,0711,町田,,A,Ｇスタ,,,水戸ホーリーホック,2021,mito
22,23,0717,松本,,A,サンアル,,,水戸ホーリーホック,2021,mito
23,24,0809,東京Ｖ,,H,Ｋｓスタ,,,水戸ホーリーホック,2021,mito
24,25,0814,琉球,,A,タピスタ,,,水戸ホーリーホック,2021,mito
25,26,0822,京都,,H,Ｋｓスタ,,,水戸ホーリーホック,2021,mito
26,27,0828,新潟,,H,Ｋｓスタ,,,水戸ホーリーホック,2021,mito
27,28,0904,山形,,A,ＮＤスタ,,,水戸ホーリーホック,2021,mito
28,29,0911,秋田,,H,Ｋｓスタ,,,水戸ホーリーホック,2021,mito
29,30,0918,栃木,,A,カンセキ,,,水戸ホーリーホック,2021,mito
30,31,0926,金沢,,H,Ｋｓスタ,,,水戸ホーリーホック,2021,mito
31,32,1003,相模原,,A,ギオンス,,,水戸ホーリーホック,2021,mito
32,33,1010,群馬,,H,Ｋｓスタ,,,水戸ホーリーホック,2021,mito
33,34,1017,山口,,A,ＳＶ下関,,,水戸ホーリーホック,2021,mito
34,35,1024,岡山,,H,Ｋｓスタ,,,水戸ホーリーホック,2021,mito
35,36,1030,長崎,,A,トラスタ,,,水戸ホーリーホック,2021,mito
36,37,1103,北九州,,H,Ｋｓスタ,,,水戸ホーリーホック,2021,mito
37,38,1107,千葉,,A,フクアリ,,,水戸ホーリーホック,2021,mito
38,39,1114,磐田,,H,Ｋｓスタ,,,水戸ホーリーホック,2021,mito
39,40,1121,大宮,,A,ＮＡＣＫ,,,水戸ホーリーホック,2021,mito
40,41,1128,愛媛,,H,Ｋｓスタ,,,水戸ホーリーホック,2021,mito
41,42,1205,甲府,,A,ＪＩＴス,,,水戸ホーリーホック,2021,mito
0,1,0228,岡山,0-2,H,カンセキ,晴,田坂　和昭,栃木ＳＣ,2021,toch
1,2,0307,秋田,0-1,H,カンセキ,晴時々曇,田坂　和昭,栃木ＳＣ,2021,toch
2,3,0314,甲府,1-2,A,ＪＩＴス,晴,田坂　和昭,栃木ＳＣ,2021,toch
3,4,0321,山形,2-1,A,ＮＤスタ,曇時々雨,田坂　和昭,栃木ＳＣ,2021,toch
4,5,0328,愛媛,2-1,H,カンセキ,雨のち曇,田坂　和昭,栃木ＳＣ,2021,toch
5,6,0404,山口,1-0,A,みらスタ,曇,田坂　和昭,栃木ＳＣ,2021,toch
6,7,0411,相模原,0-0,H,栃木グ,晴時々曇,田坂　和昭,栃木ＳＣ,2021,toch
7,8,0417,千葉,0-0,A,フクアリ,曇時々雨,田坂　和昭,栃木ＳＣ,2021,toch
8,9,0421,新潟,2-2,H,カンセキ,晴,田坂　和昭,栃木ＳＣ,2021,toch
9,10,0425,金沢,1-1,A,石川西部,晴,田坂　和昭,栃木ＳＣ,2021,toch
10,11,0501,磐田,,A,ヤマハ,,,栃木ＳＣ,2021,toch
11,12,0505,北九州,,H,カンセキ,,,栃木ＳＣ,2021,toch
12,13,0509,水戸,,A,Ｋｓスタ,,,栃木ＳＣ,2021,toch
13,14,0515,琉球,,A,タピスタ,,,栃木ＳＣ,2021,toch
14,15,0523,松本,,H,カンセキ,,,栃木ＳＣ,2021,toch
15,16,0529,群馬,,A,正田スタ,,,栃木ＳＣ,2021,toch
16,17,0606,京都,,H,カンセキ,,,栃木ＳＣ,2021,toch
17,18,0613,大宮,,A,ＮＡＣＫ,,,栃木ＳＣ,2021,toch
18,19,0619,長崎,,H,カンセキ,,,栃木ＳＣ,2021,toch
19,20,0626,東京Ｖ,,A,味スタ,,,栃木ＳＣ,2021,toch
20,21,0703,町田,,H,栃木グ,,,栃木ＳＣ,2021,toch
21,22,0711,新潟,,A,デンカＳ,,,栃木ＳＣ,2021,toch
22,23,0717,甲府,,H,栃木グ,,,栃木ＳＣ,2021,toch
23,24,0809,相模原,,A,ギオンス,,,栃木ＳＣ,2021,toch
24,25,0814,群馬,,H,未定,,,栃木ＳＣ,2021,toch
25,26,0821,東京Ｖ,,H,栃木グ,,,栃木ＳＣ,2021,toch
26,27,0829,愛媛,,A,ニンスタ,,,栃木ＳＣ,2021,toch
27,28,0905,山口,,H,栃木グ,,,栃木ＳＣ,2021,toch
28,29,0911,岡山,,A,Ｃスタ,,,栃木ＳＣ,2021,toch
29,30,0918,水戸,,H,カンセキ,,,栃木ＳＣ,2021,toch
30,31,0925,京都,,A,サンガＳ,,,栃木ＳＣ,2021,toch
31,32,1003,大宮,,H,カンセキ,,,栃木ＳＣ,2021,toch
32,33,1010,松本,,A,サンアル,,,栃木ＳＣ,2021,toch
33,34,1017,磐田,,H,カンセキ,,,栃木ＳＣ,2021,toch
34,35,1024,町田,,A,Ｇスタ,,,栃木ＳＣ,2021,toch
35,36,1031,山形,,H,栃木グ,,,栃木ＳＣ,2021,toch
36,37,1103,千葉,,H,栃木グ,,,栃木ＳＣ,2021,toch
37,38,1107,秋田,,A,ソユスタ,,,栃木ＳＣ,2021,toch
38,39,1113,長崎,,A,トラスタ,,,栃木ＳＣ,2021,toch
39,40,1121,金沢,,H,栃木グ,,,栃木ＳＣ,2021,toch
40,41,1128,北九州,,A,ミクスタ,,,栃木ＳＣ,2021,toch
41,42,1205,琉球,,H,カンセキ,,,栃木ＳＣ,2021,toch
0,1,0228,秋田,2-1,H,正田スタ,晴,奥野　僚右,ザスパクサツ群馬,2021,gun
1,2,0307,相模原,0-0,A,ギオンス,曇,奥野　僚右,ザスパクサツ群馬,2021,gun
2,3,0314,琉球,0-2,H,正田スタ,晴,奥野　僚右,ザスパクサツ群馬,2021,gun
3,4,0320,新潟,1-3,A,デンカＳ,晴のち曇,奥野　僚右,ザスパクサツ群馬,2021,gun
4,5,0328,北九州,0-2,H,正田スタ,曇,奥野　僚右,ザスパクサツ群馬,2021,gun
5,6,0404,愛媛,2-1,A,ニンスタ,雨,奥野　僚右,ザスパクサツ群馬,2021,gun
6,7,0410,長崎,1-2,H,正田スタ,晴,奥野　僚右,ザスパクサツ群馬,2021,gun
7,8,0417,山口,0-1,A,みらスタ,曇時々晴,奥野　僚右,ザスパクサツ群馬,2021,gun
8,9,0421,岡山,1-0,H,正田スタ,晴,奥野　僚右,ザスパクサツ群馬,2021,gun
9,10,0425,松本,0-1,A,サンアル,曇のち晴,奥野　僚右,ザスパクサツ群馬,2021,gun
10,11,0501,山形,,H,正田スタ,,,ザスパクサツ群馬,2021,gun
11,12,0505,東京Ｖ,,A,味スタ,,,ザスパクサツ群馬,2021,gun
12,13,0509,大宮,,H,正田スタ,,,ザスパクサツ群馬,2021,gun
13,14,0515,磐田,,A,ヤマハ,,,ザスパクサツ群馬,2021,gun
14,15,0523,金沢,,A,石川西部,,,ザスパクサツ群馬,2021,gun
15,16,0529,栃木,,H,正田スタ,,,ザスパクサツ群馬,2021,gun
16,17,0604,水戸,,H,正田スタ,,,ザスパクサツ群馬,2021,gun
17,18,0613,京都,,A,サンガＳ,,,ザスパクサツ群馬,2021,gun
18,19,0620,町田,,H,正田スタ,,,ザスパクサツ群馬,2021,gun
19,20,0627,甲府,,A,ＪＩＴス,,,ザスパクサツ群馬,2021,gun
20,21,0703,千葉,,A,フクアリ,,,ザスパクサツ群馬,2021,gun
21,22,0711,東京Ｖ,,H,正田スタ,,,ザスパクサツ群馬,2021,gun
22,23,0718,岡山,,A,Ｃスタ,,,ザスパクサツ群馬,2021,gun
23,24,0809,愛媛,,H,正田スタ,,,ザスパクサツ群馬,2021,gun
24,25,0814,栃木,,A,未定,,,ザスパクサツ群馬,2021,gun
25,26,0822,山口,,H,正田スタ,,,ザスパクサツ群馬,2021,gun
26,27,0829,金沢,,H,正田スタ,,,ザスパクサツ群馬,2021,gun
27,28,0904,秋田,,A,ソユスタ,,,ザスパクサツ群馬,2021,gun
28,29,0912,甲府,,H,正田スタ,,,ザスパクサツ群馬,2021,gun
29,30,0918,琉球,,A,タピスタ,,,ザスパクサツ群馬,2021,gun
30,31,0925,千葉,,H,正田スタ,,,ザスパクサツ群馬,2021,gun
31,32,1003,北九州,,A,ミクスタ,,,ザスパクサツ群馬,2021,gun
32,33,1010,水戸,,A,Ｋｓスタ,,,ザスパクサツ群馬,2021,gun
33,34,1017,京都,,H,正田スタ,,,ザスパクサツ群馬,2021,gun
34,35,1023,山形,,A,ＮＤスタ,,,ザスパクサツ群馬,2021,gun
35,36,1030,松本,,H,正田スタ,,,ザスパクサツ群馬,2021,gun
36,37,1103,長崎,,A,トラスタ,,,ザスパクサツ群馬,2021,gun
37,38,1107,相模原,,H,正田スタ,,,ザスパクサツ群馬,2021,gun
38,39,1114,町田,,A,Ｇスタ,,,ザスパクサツ群馬,2021,gun
39,40,1121,新潟,,H,正田スタ,,,ザスパクサツ群馬,2021,gun
40,41,1128,磐田,,H,正田スタ,,,ザスパクサツ群馬,2021,gun
41,42,1205,大宮,,A,ＮＡＣＫ,,,ザスパクサツ群馬,2021,gun
0,1,0228,水戸,2-1,A,Ｋｓスタ,晴,岩瀬　健,大宮アルディージャ,2021,omiy
1,2,0306,甲府,0-2,H,ＮＡＣＫ,晴,岩瀬　健,大宮アルディージャ,2021,omiy
2,4,0321,相模原,1-2,A,ギオンス,雨,岩瀬　健,大宮アルディージャ,2021,omiy
3,3,0324,京都,1-2,H,ＮＡＣＫ,晴,岩瀬　健,大宮アルディージャ,2021,omiy
4,5,0327,長崎,4-0,H,ＮＡＣＫ,晴,岩瀬　健,大宮アルディージャ,2021,omiy
5,6,0403,琉球,0-0,A,タピスタ,曇,岩瀬　健,大宮アルディージャ,2021,omiy
6,7,0410,秋田,0-0,A,ソユスタ,曇のち晴,岩瀬　健,大宮アルディージャ,2021,omiy
7,8,0417,愛媛,0-1,H,ＮＡＣＫ,曇,岩瀬　健,大宮アルディージャ,2021,omiy
8,9,0421,磐田,2-3,A,ヤマハ,晴,岩瀬　健,大宮アルディージャ,2021,omiy
9,10,0425,町田,0-1,H,ＮＡＣＫ,曇,岩瀬　健,大宮アルディージャ,2021,omiy
10,11,0502,東京Ｖ,,A,味スタ,,,大宮アルディージャ,2021,omiy
11,12,0505,新潟,,H,ＮＡＣＫ,,,大宮アルディージャ,2021,omiy
12,13,0509,群馬,,A,正田スタ,,,大宮アルディージャ,2021,omiy
13,14,0516,岡山,,H,ＮＡＣＫ,,,大宮アルディージャ,2021,omiy
14,15,0523,北九州,,A,ミクスタ,,,大宮アルディージャ,2021,omiy
15,16,0529,千葉,,H,ＮＡＣＫ,,,大宮アルディージャ,2021,omiy
16,17,0606,金沢,,A,石川西部,,,大宮アルディージャ,2021,omiy
17,18,0613,栃木,,H,ＮＡＣＫ,,,大宮アルディージャ,2021,omiy
18,19,0619,松本,,A,サンアル,,,大宮アルディージャ,2021,omiy
19,20,0627,山口,,A,みらスタ,,,大宮アルディージャ,2021,omiy
20,21,0703,山形,,H,ＮＡＣＫ,,,大宮アルディージャ,2021,omiy
21,22,0711,長崎,,A,トラスタ,,,大宮アルディージャ,2021,omiy
22,23,0718,琉球,,H,ＮＡＣＫ,,,大宮アルディージャ,2021,omiy
23,24,0809,新潟,,A,デンカＳ,,,大宮アルディージャ,2021,omiy
24,25,0814,秋田,,H,ＮＡＣＫ,,,大宮アルディージャ,2021,omiy
25,26,0821,岡山,,A,Ｃスタ,,,大宮アルディージャ,2021,omiy
26,27,0829,松本,,H,ＮＡＣＫ,,,大宮アルディージャ,2021,omiy
27,28,0905,東京Ｖ,,H,ＮＡＣＫ,,,大宮アルディージャ,2021,omiy
28,29,0912,愛媛,,A,ニンスタ,,,大宮アルディージャ,2021,omiy
29,30,0918,甲府,,A,ＪＩＴス,,,大宮アルディージャ,2021,omiy
30,31,0925,相模原,,H,ＮＡＣＫ,,,大宮アルディージャ,2021,omiy
31,32,1003,栃木,,A,カンセキ,,,大宮アルディージャ,2021,omiy
32,33,1009,金沢,,H,ＮＡＣＫ,,,大宮アルディージャ,2021,omiy
33,34,1017,千葉,,A,フクアリ,,,大宮アルディージャ,2021,omiy
34,35,1023,北九州,,H,ＮＡＣＫ,,,大宮アルディージャ,2021,omiy
35,36,1030,磐田,,H,ＮＡＣＫ,,,大宮アルディージャ,2021,omiy
36,37,1103,京都,,A,サンガＳ,,,大宮アルディージャ,2021,omiy
37,38,1107,山口,,H,ＮＡＣＫ,,,大宮アルディージャ,2021,omiy
38,39,1114,山形,,A,ＮＤスタ,,,大宮アルディージャ,2021,omiy
39,40,1121,水戸,,H,ＮＡＣＫ,,,大宮アルディージャ,2021,omiy
40,41,1128,町田,,A,Ｇスタ,,,大宮アルディージャ,2021,omiy
41,42,1205,群馬,,H,ＮＡＣＫ,,,大宮アルディージャ,2021,omiy
0,1,0228,甲府,1-1,H,フクアリ,晴,尹　晶煥,ジェフユナイテッド千葉,2021,chib
1,2,0307,愛媛,1-1,A,ニンスタ,曇,尹　晶煥,ジェフユナイテッド千葉,2021,chib
2,3,0314,秋田,0-2,H,フクアリ,晴,尹　晶煥,ジェフユナイテッド千葉,2021,chib
3,4,0321,松本,1-0,A,サンアル,雨,尹　晶煥,ジェフユナイテッド千葉,2021,chib
4,5,0327,琉球,1-2,H,フクアリ,晴,尹　晶煥,ジェフユナイテッド千葉,2021,chib
5,6,0404,京都,1-2,A,サンガＳ,雨,尹　晶煥,ジェフユナイテッド千葉,2021,chib
6,7,0411,金沢,1-0,A,石川西部,晴,尹　晶煥,ジェフユナイテッド千葉,2021,chib
7,8,0417,栃木,0-0,H,フクアリ,曇時々雨,尹　晶煥,ジェフユナイテッド千葉,2021,chib
8,9,0421,水戸,1-0,A,Ｋｓスタ,晴,尹　晶煥,ジェフユナイテッド千葉,2021,chib
9,10,0425,相模原,0-1,H,フクアリ,晴,尹　晶煥,ジェフユナイテッド千葉,2021,chib
10,11,0501,新潟,,A,デンカＳ,,,ジェフユナイテッド千葉,2021,chib
11,12,0505,山口,,A,みらスタ,,,ジェフユナイテッド千葉,2021,chib
12,13,0509,岡山,,H,フクアリ,,,ジェフユナイテッド千葉,2021,chib
13,14,0515,長崎,,A,トラスタ,,,ジェフユナイテッド千葉,2021,chib
14,15,0523,町田,,H,フクアリ,,,ジェフユナイテッド千葉,2021,chib
15,16,0529,大宮,,A,ＮＡＣＫ,,,ジェフユナイテッド千葉,2021,chib
16,17,0606,山形,,H,フクアリ,,,ジェフユナイテッド千葉,2021,chib
17,18,0613,東京Ｖ,,H,フクアリ,,,ジェフユナイテッド千葉,2021,chib
18,19,0619,磐田,,A,ヤマハ,,,ジェフユナイテッド千葉,2021,chib
19,20,0626,北九州,,A,ミクスタ,,,ジェフユナイテッド千葉,2021,chib
20,21,0703,群馬,,H,フクアリ,,,ジェフユナイテッド千葉,2021,chib
21,22,0711,秋田,,A,ソユスタ,,,ジェフユナイテッド千葉,2021,chib
22,23,0717,金沢,,H,フクアリ,,,ジェフユナイテッド千葉,2021,chib
23,24,0809,山形,,A,ＮＤスタ,,,ジェフユナイテッド千葉,2021,chib
24,25,0814,新潟,,H,フクアリ,,,ジェフユナイテッド千葉,2021,chib
25,26,0821,甲府,,A,ＪＩＴス,,,ジェフユナイテッド千葉,2021,chib
26,27,0828,長崎,,H,フクアリ,,,ジェフユナイテッド千葉,2021,chib
27,28,0904,相模原,,A,ギオンス,,,ジェフユナイテッド千葉,2021,chib
28,29,0911,磐田,,H,フクアリ,,,ジェフユナイテッド千葉,2021,chib
29,30,0918,愛媛,,H,フクアリ,,,ジェフユナイテッド千葉,2021,chib
30,31,0925,群馬,,A,正田スタ,,,ジェフユナイテッド千葉,2021,chib
31,32,1003,松本,,H,フクアリ,,,ジェフユナイテッド千葉,2021,chib
32,33,1010,町田,,A,Ｇスタ,,,ジェフユナイテッド千葉,2021,chib
33,34,1017,大宮,,H,フクアリ,,,ジェフユナイテッド千葉,2021,chib
34,35,1024,東京Ｖ,,A,味スタ,,,ジェフユナイテッド千葉,2021,chib
35,36,1030,山口,,H,フクアリ,,,ジェフユナイテッド千葉,2021,chib
36,37,1103,栃木,,A,栃木グ,,,ジェフユナイテッド千葉,2021,chib
37,38,1107,水戸,,H,フクアリ,,,ジェフユナイテッド千葉,2021,chib
38,39,1113,琉球,,A,タピスタ,,,ジェフユナイテッド千葉,2021,chib
39,40,1121,北九州,,H,フクアリ,,,ジェフユナイテッド千葉,2021,chib
40,41,1128,京都,,H,フクアリ,,,ジェフユナイテッド千葉,2021,chib
41,42,1205,岡山,,A,Ｃスタ,,,ジェフユナイテッド千葉,2021,chib
0,1,0228,愛媛,3-0,H,味スタ,晴,永井　秀樹,東京ヴェルディ,2021,tk-v
1,2,0307,山形,0-2,H,味スタ,曇,永井　秀樹,東京ヴェルディ,2021,tk-v
2,3,0314,町田,2-2,A,Ｇスタ,晴,永井　秀樹,東京ヴェルディ,2021,tk-v
3,4,0320,金沢,2-4,H,味スタ,曇,永井　秀樹,東京ヴェルディ,2021,tk-v
4,5,0327,新潟,0-7,A,デンカＳ,曇,永井　秀樹,東京ヴェルディ,2021,tk-v
5,6,0404,水戸,2-1,H,味スタ,曇,永井　秀樹,東京ヴェルディ,2021,tk-v
6,7,0410,山口,3-1,H,味スタ,晴,永井　秀樹,東京ヴェルディ,2021,tk-v
7,8,0417,琉球,0-2,A,タピスタ,晴,永井　秀樹,東京ヴェルディ,2021,tk-v
8,9,0421,京都,0-2,H,味フィ西,晴,永井　秀樹,東京ヴェルディ,2021,tk-v
9,10,0425,長崎,1-1,A,トラスタ,晴,永井　秀樹,東京ヴェルディ,2021,tk-v
10,11,0502,大宮,,H,味スタ,,,東京ヴェルディ,2021,tk-v
11,12,0505,群馬,,H,味スタ,,,東京ヴェルディ,2021,tk-v
12,13,0509,甲府,,A,ＪＩＴス,,,東京ヴェルディ,2021,tk-v
13,14,0516,北九州,,H,味スタ,,,東京ヴェルディ,2021,tk-v
14,15,0523,磐田,,H,味スタ,,,東京ヴェルディ,2021,tk-v
15,16,0529,秋田,,H,味スタ,,,東京ヴェルディ,2021,tk-v
16,17,0605,岡山,,A,Ｃスタ,,,東京ヴェルディ,2021,tk-v
17,18,0613,千葉,,A,フクアリ,,,東京ヴェルディ,2021,tk-v
18,19,0620,相模原,,A,ギオンス,,,東京ヴェルディ,2021,tk-v
19,20,0626,栃木,,H,味スタ,,,東京ヴェルディ,2021,tk-v
20,21,0703,松本,,A,サンアル,,,東京ヴェルディ,2021,tk-v
21,22,0711,群馬,,A,正田スタ,,,東京ヴェルディ,2021,tk-v
22,23,0718,愛媛,,A,ニンスタ,,,東京ヴェルディ,2021,tk-v
23,24,0809,水戸,,A,Ｋｓスタ,,,東京ヴェルディ,2021,tk-v
24,25,0814,磐田,,A,ヤマハ,,,東京ヴェルディ,2021,tk-v
25,26,0821,栃木,,A,栃木グ,,,東京ヴェルディ,2021,tk-v
26,27,0828,京都,,A,サンガＳ,,,東京ヴェルディ,2021,tk-v
27,28,0905,大宮,,A,ＮＡＣＫ,,,東京ヴェルディ,2021,tk-v
28,29,0911,松本,,H,味スタ,,,東京ヴェルディ,2021,tk-v
29,30,0919,新潟,,H,味スタ,,,東京ヴェルディ,2021,tk-v
30,31,0926,町田,,H,味スタ,,,東京ヴェルディ,2021,tk-v
31,32,1003,山口,,A,みらスタ,,,東京ヴェルディ,2021,tk-v
32,33,1009,岡山,,H,味スタ,,,東京ヴェルディ,2021,tk-v
33,34,1016,北九州,,A,ミクスタ,,,東京ヴェルディ,2021,tk-v
34,35,1024,千葉,,H,味スタ,,,東京ヴェルディ,2021,tk-v
35,36,1030,甲府,,H,味スタ,,,東京ヴェルディ,2021,tk-v
36,37,1103,山形,,A,ＮＤスタ,,,東京ヴェルディ,2021,tk-v
37,38,1107,長崎,,H,味スタ,,,東京ヴェルディ,2021,tk-v
38,39,1114,金沢,,A,石川西部,,,東京ヴェルディ,2021,tk-v
39,40,1121,琉球,,H,味スタ,,,東京ヴェルディ,2021,tk-v
40,41,1128,秋田,,A,ソユスタ,,,東京ヴェルディ,2021,tk-v
41,42,1205,相模原,,H,味スタ,,,東京ヴェルディ,2021,tk-v
0,1,0228,山形,1-1,H,Ｇスタ,晴,ランコ　ポポヴィッチ,ＦＣ町田ゼルビア,2021,mcd
1,2,0306,磐田,3-1,A,ヤマハ,晴,ランコ　ポポヴィッチ,ＦＣ町田ゼルビア,2021,mcd
2,3,0314,東京Ｖ,2-2,H,Ｇスタ,晴,ランコ　ポポヴィッチ,ＦＣ町田ゼルビア,2021,mcd
3,4,0321,水戸,0-3,A,Ｋｓスタ,雨,ランコ　ポポヴィッチ,ＦＣ町田ゼルビア,2021,mcd
4,5,0327,甲府,1-0,A,ＪＩＴス,晴,ランコ　ポポヴィッチ,ＦＣ町田ゼルビア,2021,mcd
5,6,0404,金沢,0-1,H,Ｇスタ,曇,ランコ　ポポヴィッチ,ＦＣ町田ゼルビア,2021,mcd
6,7,0411,京都,0-1,H,Ｇスタ,晴,ランコ　ポポヴィッチ,ＦＣ町田ゼルビア,2021,mcd
7,8,0417,長崎,3-0,A,トラスタ,曇,ランコ　ポポヴィッチ,ＦＣ町田ゼルビア,2021,mcd
8,9,0421,琉球,3-0,H,Ｇスタ,晴,ランコ　ポポヴィッチ,ＦＣ町田ゼルビア,2021,mcd
9,10,0425,大宮,1-0,A,ＮＡＣＫ,曇,ランコ　ポポヴィッチ,ＦＣ町田ゼルビア,2021,mcd
10,11,0502,山口,,H,Ｇスタ,,,ＦＣ町田ゼルビア,2021,mcd
11,12,0505,岡山,,A,Ｃスタ,,,ＦＣ町田ゼルビア,2021,mcd
12,13,0509,相模原,,A,ギオンス,,,ＦＣ町田ゼルビア,2021,mcd
13,14,0516,新潟,,H,Ｇスタ,,,ＦＣ町田ゼルビア,2021,mcd
14,15,0523,千葉,,A,フクアリ,,,ＦＣ町田ゼルビア,2021,mcd
15,16,0530,北九州,,H,Ｇスタ,,,ＦＣ町田ゼルビア,2021,mcd
16,17,0605,松本,,A,サンアル,,,ＦＣ町田ゼルビア,2021,mcd
17,18,0613,秋田,,H,Ｇスタ,,,ＦＣ町田ゼルビア,2021,mcd
18,19,0620,群馬,,A,正田スタ,,,ＦＣ町田ゼルビア,2021,mcd
19,20,0627,愛媛,,H,Ｇスタ,,,ＦＣ町田ゼルビア,2021,mcd
20,21,0703,栃木,,A,栃木グ,,,ＦＣ町田ゼルビア,2021,mcd
21,22,0711,水戸,,H,Ｇスタ,,,ＦＣ町田ゼルビア,2021,mcd
22,23,0718,相模原,,H,Ｇスタ,,,ＦＣ町田ゼルビア,2021,mcd
23,24,0809,京都,,A,サンガＳ,,,ＦＣ町田ゼルビア,2021,mcd
24,25,0814,岡山,,H,Ｇスタ,,,ＦＣ町田ゼルビア,2021,mcd
25,26,0822,北九州,,A,ミクスタ,,,ＦＣ町田ゼルビア,2021,mcd
26,27,0829,甲府,,H,Ｇスタ,,,ＦＣ町田ゼルビア,2021,mcd
27,28,0904,金沢,,A,石川西部,,,ＦＣ町田ゼルビア,2021,mcd
28,29,0911,山口,,A,みらスタ,,,ＦＣ町田ゼルビア,2021,mcd
29,30,0918,長崎,,H,Ｇスタ,,,ＦＣ町田ゼルビア,2021,mcd
30,31,0926,東京Ｖ,,A,味スタ,,,ＦＣ町田ゼルビア,2021,mcd
31,32,1003,磐田,,H,Ｇスタ,,,ＦＣ町田ゼルビア,2021,mcd
32,33,1010,千葉,,H,Ｇスタ,,,ＦＣ町田ゼルビア,2021,mcd
33,34,1016,秋田,,A,ソユスタ,,,ＦＣ町田ゼルビア,2021,mcd
34,35,1024,栃木,,H,Ｇスタ,,,ＦＣ町田ゼルビア,2021,mcd
35,36,1030,琉球,,A,タピスタ,,,ＦＣ町田ゼルビア,2021,mcd
36,37,1103,松本,,H,Ｇスタ,,,ＦＣ町田ゼルビア,2021,mcd
37,38,1107,愛媛,,A,ニンスタ,,,ＦＣ町田ゼルビア,2021,mcd
38,39,1114,群馬,,H,Ｇスタ,,,ＦＣ町田ゼルビア,2021,mcd
39,40,1121,山形,,A,ＮＤスタ,,,ＦＣ町田ゼルビア,2021,mcd
40,41,1128,大宮,,H,Ｇスタ,,,ＦＣ町田ゼルビア,2021,mcd
41,42,1205,新潟,,A,デンカＳ,,,ＦＣ町田ゼルビア,2021,mcd
0,1,0228,京都,0-2,H,ギオンス,晴,三浦　文丈,ＳＣ相模原,2021,sagm
1,2,0307,群馬,0-0,H,ギオンス,曇,三浦　文丈,ＳＣ相模原,2021,sagm
2,3,0314,岡山,0-0,A,Ｃスタ,曇,三浦　文丈,ＳＣ相模原,2021,sagm
3,4,0321,大宮,2-1,H,ギオンス,雨,三浦　文丈,ＳＣ相模原,2021,sagm
4,5,0328,金沢,1-2,A,石川西部,雨,三浦　文丈,ＳＣ相模原,2021,sagm
5,6,0404,新潟,2-2,H,ギオンス,曇,三浦　文丈,ＳＣ相模原,2021,sagm
6,7,0411,栃木,0-0,A,栃木グ,晴時々曇,三浦　文丈,ＳＣ相模原,2021,sagm
7,8,0418,磐田,1-2,H,ギオンス,晴,三浦　文丈,ＳＣ相模原,2021,sagm
8,9,0421,甲府,0-2,A,ＪＩＴス,晴,三浦　文丈,ＳＣ相模原,2021,sagm
9,10,0425,千葉,1-0,A,フクアリ,晴,三浦　文丈,ＳＣ相模原,2021,sagm
10,11,0501,琉球,,H,ギオンス,,,ＳＣ相模原,2021,sagm
11,12,0505,松本,,A,サンアル,,,ＳＣ相模原,2021,sagm
12,13,0509,町田,,H,ギオンス,,,ＳＣ相模原,2021,sagm
13,14,0515,山口,,A,みらスタ,,,ＳＣ相模原,2021,sagm
14,15,0527,愛媛,,H,ギオンス,,,ＳＣ相模原,2021,sagm
15,16,0530,山形,,A,ＮＤスタ,,,ＳＣ相模原,2021,sagm
16,17,0605,長崎,,H,ギオンス,,,ＳＣ相模原,2021,sagm
17,18,0613,水戸,,A,Ｋｓスタ,,,ＳＣ相模原,2021,sagm
18,19,0620,東京Ｖ,,H,ギオンス,,,ＳＣ相模原,2021,sagm
19,20,0626,秋田,,A,ソユスタ,,,ＳＣ相模原,2021,sagm
20,21,0703,北九州,,H,ギオンス,,,ＳＣ相模原,2021,sagm
21,22,0711,琉球,,A,タピスタ,,,ＳＣ相模原,2021,sagm
22,23,0718,町田,,A,Ｇスタ,,,ＳＣ相模原,2021,sagm
23,24,0809,栃木,,H,ギオンス,,,ＳＣ相模原,2021,sagm
24,25,0814,甲府,,H,ギオンス,,,ＳＣ相模原,2021,sagm
25,26,0822,新潟,,A,デンカＳ,,,ＳＣ相模原,2021,sagm
26,27,0828,磐田,,A,ヤマハ,,,ＳＣ相模原,2021,sagm
27,28,0904,千葉,,H,ギオンス,,,ＳＣ相模原,2021,sagm
28,29,0911,長崎,,A,トラスタ,,,ＳＣ相模原,2021,sagm
29,30,0919,山口,,H,ギオンス,,,ＳＣ相模原,2021,sagm
30,31,0925,大宮,,A,ＮＡＣＫ,,,ＳＣ相模原,2021,sagm
31,32,1003,水戸,,H,ギオンス,,,ＳＣ相模原,2021,sagm
32,33,1010,京都,,A,サンガＳ,,,ＳＣ相模原,2021,sagm
33,34,1016,山形,,H,ギオンス,,,ＳＣ相模原,2021,sagm
34,35,1024,金沢,,H,ギオンス,,,ＳＣ相模原,2021,sagm
35,36,1030,北九州,,A,ミクスタ,,,ＳＣ相模原,2021,sagm
36,37,1103,秋田,,H,ギオンス,,,ＳＣ相模原,2021,sagm
37,38,1107,群馬,,A,正田スタ,,,ＳＣ相模原,2021,sagm
38,39,1114,岡山,,H,ギオンス,,,ＳＣ相模原,2021,sagm
39,40,1121,愛媛,,A,ニンスタ,,,ＳＣ相模原,2021,sagm
40,41,1128,松本,,H,ギオンス,,,ＳＣ相模原,2021,sagm
41,42,1205,東京Ｖ,,A,味スタ,,,ＳＣ相模原,2021,sagm
0,1,0228,千葉,1-1,A,フクアリ,晴,伊藤　彰,ヴァンフォーレ甲府,2021,kofu
1,2,0306,大宮,2-0,A,ＮＡＣＫ,晴,伊藤　彰,ヴァンフォーレ甲府,2021,kofu
2,3,0314,栃木,2-1,H,ＪＩＴス,晴,伊藤　彰,ヴァンフォーレ甲府,2021,kofu
3,4,0321,愛媛,1-0,A,ニンスタ,曇,伊藤　彰,ヴァンフォーレ甲府,2021,kofu
4,5,0327,町田,0-1,H,ＪＩＴス,晴,伊藤　彰,ヴァンフォーレ甲府,2021,kofu
5,6,0403,長崎,1-2,A,トラスタ,曇,伊藤　彰,ヴァンフォーレ甲府,2021,kofu
6,7,0410,北九州,1-1,H,ＪＩＴス,晴,伊藤　彰,ヴァンフォーレ甲府,2021,kofu
7,8,0417,松本,3-3,A,サンアル,雨,伊藤　彰,ヴァンフォーレ甲府,2021,kofu
8,9,0421,相模原,2-0,H,ＪＩＴス,晴,伊藤　彰,ヴァンフォーレ甲府,2021,kofu
9,10,0425,琉球,0-1,A,タピスタ,晴,伊藤　彰,ヴァンフォーレ甲府,2021,kofu
10,11,0501,金沢,,H,ＪＩＴス,,,ヴァンフォーレ甲府,2021,kofu
11,12,0505,山形,,A,ＮＤスタ,,,ヴァンフォーレ甲府,2021,kofu
12,13,0509,東京Ｖ,,H,ＪＩＴス,,,ヴァンフォーレ甲府,2021,kofu
13,14,0515,秋田,,H,ＪＩＴス,,,ヴァンフォーレ甲府,2021,kofu
14,15,0523,水戸,,A,Ｋｓスタ,,,ヴァンフォーレ甲府,2021,kofu
15,16,0530,京都,,A,サンガＳ,,,ヴァンフォーレ甲府,2021,kofu
16,17,0605,新潟,,H,ＪＩＴス,,,ヴァンフォーレ甲府,2021,kofu
17,18,0613,磐田,,A,ヤマハ,,,ヴァンフォーレ甲府,2021,kofu
18,19,0619,山口,,H,ＪＩＴス,,,ヴァンフォーレ甲府,2021,kofu
19,20,0627,群馬,,H,ＪＩＴス,,,ヴァンフォーレ甲府,2021,kofu
20,21,0703,岡山,,A,Ｃスタ,,,ヴァンフォーレ甲府,2021,kofu
21,22,0711,愛媛,,H,ＪＩＴス,,,ヴァンフォーレ甲府,2021,kofu
22,23,0717,栃木,,A,栃木グ,,,ヴァンフォーレ甲府,2021,kofu
23,24,0809,磐田,,H,ＪＩＴス,,,ヴァンフォーレ甲府,2021,kofu
24,25,0814,相模原,,A,ギオンス,,,ヴァンフォーレ甲府,2021,kofu
25,26,0821,千葉,,H,ＪＩＴス,,,ヴァンフォーレ甲府,2021,kofu
26,27,0829,町田,,A,Ｇスタ,,,ヴァンフォーレ甲府,2021,kofu
27,28,0904,京都,,H,ＪＩＴス,,,ヴァンフォーレ甲府,2021,kofu
28,29,0912,群馬,,A,正田スタ,,,ヴァンフォーレ甲府,2021,kofu
29,30,0918,大宮,,H,ＪＩＴス,,,ヴァンフォーレ甲府,2021,kofu
30,31,0925,新潟,,A,デンカＳ,,,ヴァンフォーレ甲府,2021,kofu
31,32,1002,山形,,H,ＪＩＴス,,,ヴァンフォーレ甲府,2021,kofu
32,33,1009,琉球,,H,ＪＩＴス,,,ヴァンフォーレ甲府,2021,kofu
33,34,1017,金沢,,A,石川西部,,,ヴァンフォーレ甲府,2021,kofu
34,35,1023,長崎,,H,ＪＩＴス,,,ヴァンフォーレ甲府,2021,kofu
35,36,1030,東京Ｖ,,A,味スタ,,,ヴァンフォーレ甲府,2021,kofu
36,37,1103,岡山,,H,ＪＩＴス,,,ヴァンフォーレ甲府,2021,kofu
37,38,1107,北九州,,A,ミクスタ,,,ヴァンフォーレ甲府,2021,kofu
38,39,1114,松本,,H,ＪＩＴス,,,ヴァンフォーレ甲府,2021,kofu
39,40,1121,秋田,,A,ソユスタ,,,ヴァンフォーレ甲府,2021,kofu
40,41,1128,山口,,A,みらスタ,,,ヴァンフォーレ甲府,2021,kofu
41,42,1205,水戸,,H,ＪＩＴス,,,ヴァンフォーレ甲府,2021,kofu
0,1,0228,山口,0-0,A,みらスタ,晴時々曇,柴田　峡,松本山雅ＦＣ,2021,mats
1,2,0307,京都,0-0,A,サンガＳ,曇,柴田　峡,松本山雅ＦＣ,2021,mats
2,3,0314,山形,1-1,H,サンアル,晴,柴田　峡,松本山雅ＦＣ,2021,mats
3,4,0321,千葉,0-1,H,サンアル,雨,柴田　峡,松本山雅ＦＣ,2021,mats
4,5,0328,水戸,0-3,A,Ｋｓスタ,雨のち曇,柴田　峡,松本山雅ＦＣ,2021,mats
5,6,0404,秋田,3-1,H,サンアル,曇のち雨,柴田　峡,松本山雅ＦＣ,2021,mats
6,7,0410,磐田,1-4,A,ヤマハ,晴,柴田　峡,松本山雅ＦＣ,2021,mats
7,8,0417,甲府,3-3,H,サンアル,雨,柴田　峡,松本山雅ＦＣ,2021,mats
8,9,0421,愛媛,1-3,A,ニンスタ,晴,柴田　峡,松本山雅ＦＣ,2021,mats
9,10,0425,群馬,1-0,H,サンアル,曇のち晴,柴田　峡,松本山雅ＦＣ,2021,mats
10,11,0501,北九州,,A,ミクスタ,,,松本山雅ＦＣ,2021,mats
11,12,0505,相模原,,H,サンアル,,,松本山雅ＦＣ,2021,mats
12,13,0509,新潟,,A,デンカＳ,,,松本山雅ＦＣ,2021,mats
13,14,0515,金沢,,H,サンアル,,,松本山雅ＦＣ,2021,mats
14,15,0523,栃木,,A,カンセキ,,,松本山雅ＦＣ,2021,mats
15,16,0530,岡山,,H,サンアル,,,松本山雅ＦＣ,2021,mats
16,17,0605,町田,,H,サンアル,,,松本山雅ＦＣ,2021,mats
17,18,0613,長崎,,A,トラスタ,,,松本山雅ＦＣ,2021,mats
18,19,0619,大宮,,H,サンアル,,,松本山雅ＦＣ,2021,mats
19,20,0626,琉球,,A,タピスタ,,,松本山雅ＦＣ,2021,mats
20,21,0703,東京Ｖ,,H,サンアル,,,松本山雅ＦＣ,2021,mats
21,22,0711,山形,,A,ＮＤスタ,,,松本山雅ＦＣ,2021,mats
22,23,0717,水戸,,H,サンアル,,,松本山雅ＦＣ,2021,mats
23,24,0809,秋田,,A,ソユスタ,,,松本山雅ＦＣ,2021,mats
24,25,0814,京都,,H,サンアル,,,松本山雅ＦＣ,2021,mats
25,26,0822,愛媛,,H,サンアル,,,松本山雅ＦＣ,2021,mats
26,27,0829,大宮,,A,ＮＡＣＫ,,,松本山雅ＦＣ,2021,mats
27,28,0904,磐田,,H,サンアル,,,松本山雅ＦＣ,2021,mats
28,29,0911,東京Ｖ,,A,味スタ,,,松本山雅ＦＣ,2021,mats
29,30,0919,金沢,,A,石川西部,,,松本山雅ＦＣ,2021,mats
30,31,0926,北九州,,H,サンアル,,,松本山雅ＦＣ,2021,mats
31,32,1003,千葉,,A,フクアリ,,,松本山雅ＦＣ,2021,mats
32,33,1010,栃木,,H,サンアル,,,松本山雅ＦＣ,2021,mats
33,34,1017,岡山,,A,Ｃスタ,,,松本山雅ＦＣ,2021,mats
34,35,1024,琉球,,H,サンアル,,,松本山雅ＦＣ,2021,mats
35,36,1030,群馬,,A,正田スタ,,,松本山雅ＦＣ,2021,mats
36,37,1103,町田,,A,Ｇスタ,,,松本山雅ＦＣ,2021,mats
37,38,1107,新潟,,H,サンアル,,,松本山雅ＦＣ,2021,mats
38,39,1114,甲府,,A,ＪＩＴス,,,松本山雅ＦＣ,2021,mats
39,40,1121,山口,,H,サンアル,,,松本山雅ＦＣ,2021,mats
40,41,1128,相模原,,A,ギオンス,,,松本山雅ＦＣ,2021,mats
41,42,1205,長崎,,H,サンアル,,,松本山雅ＦＣ,2021,mats
0,1,0227,北九州,4-1,A,ミクスタ,曇,アルベルト,アルビレックス新潟,2021,niig
1,2,0306,長崎,1-0,H,デンカＳ,曇,アルベルト,アルビレックス新潟,2021,niig
2,3,0313,山口,2-1,A,みらスタ,曇時々晴,アルベルト,アルビレックス新潟,2021,niig
3,4,0320,群馬,3-1,H,デンカＳ,晴のち曇,アルベルト,アルビレックス新潟,2021,niig
4,5,0327,東京Ｖ,7-0,H,デンカＳ,曇,アルベルト,アルビレックス新潟,2021,niig
5,6,0404,相模原,2-2,A,ギオンス,曇,アルベルト,アルビレックス新潟,2021,niig
6,7,0411,山形,2-0,A,ＮＤスタ,晴,アルベルト,アルビレックス新潟,2021,niig
7,8,0417,金沢,1-0,H,デンカＳ,雨,アルベルト,アルビレックス新潟,2021,niig
8,9,0421,栃木,2-2,A,カンセキ,晴,アルベルト,アルビレックス新潟,2021,niig
9,10,0424,愛媛,2-0,A,ニンスタ,晴,アルベルト,アルビレックス新潟,2021,niig
10,11,0501,千葉,,H,デンカＳ,,,アルビレックス新潟,2021,niig
11,12,0505,大宮,,A,ＮＡＣＫ,,,アルビレックス新潟,2021,niig
12,13,0509,松本,,H,デンカＳ,,,アルビレックス新潟,2021,niig
13,14,0516,町田,,A,Ｇスタ,,,アルビレックス新潟,2021,niig
14,15,0523,京都,,H,デンカＳ,,,アルビレックス新潟,2021,niig
15,16,0530,琉球,,H,デンカＳ,,,アルビレックス新潟,2021,niig
16,17,0605,甲府,,A,ＪＩＴス,,,アルビレックス新潟,2021,niig
17,18,0613,岡山,,H,デンカＳ,,,アルビレックス新潟,2021,niig
18,19,0621,秋田,,A,ソユスタ,,,アルビレックス新潟,2021,niig
19,20,0626,水戸,,H,デンカＳ,,,アルビレックス新潟,2021,niig
20,21,0703,磐田,,A,エコパ,,,アルビレックス新潟,2021,niig
21,22,0711,栃木,,H,デンカＳ,,,アルビレックス新潟,2021,niig
22,23,0717,京都,,A,サンガＳ,,,アルビレックス新潟,2021,niig
23,24,0809,大宮,,H,デンカＳ,,,アルビレックス新潟,2021,niig
24,25,0814,千葉,,A,フクアリ,,,アルビレックス新潟,2021,niig
25,26,0822,相模原,,H,デンカＳ,,,アルビレックス新潟,2021,niig
26,27,0828,水戸,,A,Ｋｓスタ,,,アルビレックス新潟,2021,niig
27,28,0904,北九州,,H,デンカＳ,,,アルビレックス新潟,2021,niig
28,29,0911,山形,,H,デンカＳ,,,アルビレックス新潟,2021,niig
29,30,0919,東京Ｖ,,A,味スタ,,,アルビレックス新潟,2021,niig
30,31,0925,甲府,,H,デンカＳ,,,アルビレックス新潟,2021,niig
31,32,1003,金沢,,A,石川西部,,,アルビレックス新潟,2021,niig
32,33,1009,山口,,H,デンカＳ,,,アルビレックス新潟,2021,niig
33,34,1016,長崎,,A,トラスタ,,,アルビレックス新潟,2021,niig
34,35,1023,秋田,,H,デンカＳ,,,アルビレックス新潟,2021,niig
35,36,1031,岡山,,A,Ｃスタ,,,アルビレックス新潟,2021,niig
36,37,1103,磐田,,H,デンカＳ,,,アルビレックス新潟,2021,niig
37,38,1107,松本,,A,サンアル,,,アルビレックス新潟,2021,niig
38,39,1113,愛媛,,H,デンカＳ,,,アルビレックス新潟,2021,niig
39,40,1121,群馬,,A,正田スタ,,,アルビレックス新潟,2021,niig
40,41,1128,琉球,,A,タピスタ,,,アルビレックス新潟,2021,niig
41,42,1205,町田,,H,デンカＳ,,,アルビレックス新潟,2021,niig
0,1,0227,長崎,1-2,A,トラスタ,曇,柳下　正明,ツエーゲン金沢,2021,kana
1,2,0307,岡山,1-0,A,Ｃスタ,曇,柳下　正明,ツエーゲン金沢,2021,kana
2,3,0314,北九州,1-1,H,石川西部,晴,柳下　正明,ツエーゲン金沢,2021,kana
3,4,0320,東京Ｖ,4-2,A,味スタ,曇,柳下　正明,ツエーゲン金沢,2021,kana
4,5,0328,相模原,2-1,H,石川西部,雨,柳下　正明,ツエーゲン金沢,2021,kana
5,6,0404,町田,1-0,A,Ｇスタ,曇,柳下　正明,ツエーゲン金沢,2021,kana
6,7,0411,千葉,0-1,H,石川西部,晴,柳下　正明,ツエーゲン金沢,2021,kana
7,8,0417,新潟,0-1,A,デンカＳ,雨,柳下　正明,ツエーゲン金沢,2021,kana
8,9,0421,秋田,2-1,H,石川西部,晴,柳下　正明,ツエーゲン金沢,2021,kana
9,10,0425,栃木,1-1,H,石川西部,晴,柳下　正明,ツエーゲン金沢,2021,kana
10,11,0501,甲府,,A,ＪＩＴス,,,ツエーゲン金沢,2021,kana
11,12,0505,水戸,,H,石川西部,,,ツエーゲン金沢,2021,kana
12,13,0509,山口,,H,石川西部,,,ツエーゲン金沢,2021,kana
13,14,0515,松本,,A,サンアル,,,ツエーゲン金沢,2021,kana
14,15,0523,群馬,,H,石川西部,,,ツエーゲン金沢,2021,kana
15,16,0529,磐田,,A,ヤマハ,,,ツエーゲン金沢,2021,kana
16,17,0606,大宮,,H,石川西部,,,ツエーゲン金沢,2021,kana
17,18,0613,愛媛,,A,ニンスタ,,,ツエーゲン金沢,2021,kana
18,19,0619,京都,,H,石川西部,,,ツエーゲン金沢,2021,kana
19,20,0626,山形,,A,ＮＤスタ,,,ツエーゲン金沢,2021,kana
20,21,0703,琉球,,H,石川西部,,,ツエーゲン金沢,2021,kana
21,22,0711,岡山,,H,石川西部,,,ツエーゲン金沢,2021,kana
22,23,0717,千葉,,A,フクアリ,,,ツエーゲン金沢,2021,kana
23,24,0809,長崎,,H,石川西部,,,ツエーゲン金沢,2021,kana
24,25,0814,山口,,A,みらスタ,,,ツエーゲン金沢,2021,kana
25,26,0821,磐田,,H,石川西部,,,ツエーゲン金沢,2021,kana
26,27,0829,群馬,,A,正田スタ,,,ツエーゲン金沢,2021,kana
27,28,0904,町田,,H,石川西部,,,ツエーゲン金沢,2021,kana
28,29,0911,北九州,,A,ミクスタ,,,ツエーゲン金沢,2021,kana
29,30,0919,松本,,H,石川西部,,,ツエーゲン金沢,2021,kana
30,31,0926,水戸,,A,Ｋｓスタ,,,ツエーゲン金沢,2021,kana
31,32,1003,新潟,,H,石川西部,,,ツエーゲン金沢,2021,kana
32,33,1009,大宮,,A,ＮＡＣＫ,,,ツエーゲン金沢,2021,kana
33,34,1017,甲府,,H,石川西部,,,ツエーゲン金沢,2021,kana
34,35,1024,相模原,,A,ギオンス,,,ツエーゲン金沢,2021,kana
35,36,1030,秋田,,A,ソユスタ,,,ツエーゲン金沢,2021,kana
36,37,1103,愛媛,,H,石川西部,,,ツエーゲン金沢,2021,kana
37,38,1107,琉球,,A,タピスタ,,,ツエーゲン金沢,2021,kana
38,39,1114,東京Ｖ,,H,石川西部,,,ツエーゲン金沢,2021,kana
39,40,1121,栃木,,A,栃木グ,,,ツエーゲン金沢,2021,kana
40,41,1128,山形,,H,石川西部,,,ツエーゲン金沢,2021,kana
41,42,1205,京都,,A,サンガＳ,,,ツエーゲン金沢,2021,kana
0,1,0228,琉球,0-1,A,タピスタ,曇時々雨,鈴木　政一,ジュビロ磐田,2021,iwat
1,2,0306,町田,1-3,H,ヤマハ,晴,鈴木　政一,ジュビロ磐田,2021,iwat
2,3,0313,水戸,3-2,H,ヤマハ,雨のち晴,鈴木　政一,ジュビロ磐田,2021,iwat
3,4,0321,京都,4-3,A,サンガＳ,雨,鈴木　政一,ジュビロ磐田,2021,iwat
4,5,0327,山口,1-2,H,エコパ,晴,鈴木　政一,ジュビロ磐田,2021,iwat
5,6,0404,岡山,1-0,A,Ｃスタ,雨,鈴木　政一,ジュビロ磐田,2021,iwat
6,7,0410,松本,4-1,H,ヤマハ,晴,鈴木　政一,ジュビロ磐田,2021,iwat
7,8,0418,相模原,2-1,A,ギオンス,晴,鈴木　政一,ジュビロ磐田,2021,iwat
8,9,0421,大宮,3-2,H,ヤマハ,晴,鈴木　政一,ジュビロ磐田,2021,iwat
9,10,0425,山形,0-1,A,ＮＤスタ,曇,鈴木　政一,ジュビロ磐田,2021,iwat
10,11,0501,栃木,,H,ヤマハ,,,ジュビロ磐田,2021,iwat
11,12,0505,愛媛,,A,ニンスタ,,,ジュビロ磐田,2021,iwat
12,13,0509,秋田,,A,ソユスタ,,,ジュビロ磐田,2021,iwat
13,14,0515,群馬,,H,ヤマハ,,,ジュビロ磐田,2021,iwat
14,15,0523,東京Ｖ,,A,味スタ,,,ジュビロ磐田,2021,iwat
15,16,0529,金沢,,H,ヤマハ,,,ジュビロ磐田,2021,iwat
16,17,0605,北九州,,A,ミクスタ,,,ジュビロ磐田,2021,iwat
17,18,0613,甲府,,H,ヤマハ,,,ジュビロ磐田,2021,iwat
18,19,0619,千葉,,H,ヤマハ,,,ジュビロ磐田,2021,iwat
19,20,0626,長崎,,A,トラスタ,,,ジュビロ磐田,2021,iwat
20,21,0703,新潟,,H,エコパ,,,ジュビロ磐田,2021,iwat
21,22,0711,山口,,A,みらスタ,,,ジュビロ磐田,2021,iwat
22,23,0717,山形,,H,ヤマハ,,,ジュビロ磐田,2021,iwat
23,24,0809,甲府,,A,ＪＩＴス,,,ジュビロ磐田,2021,iwat
24,25,0814,東京Ｖ,,H,ヤマハ,,,ジュビロ磐田,2021,iwat
25,26,0821,金沢,,A,石川西部,,,ジュビロ磐田,2021,iwat
26,27,0828,相模原,,H,ヤマハ,,,ジュビロ磐田,2021,iwat
27,28,0904,松本,,A,サンアル,,,ジュビロ磐田,2021,iwat
28,29,0911,千葉,,A,フクアリ,,,ジュビロ磐田,2021,iwat
29,30,0918,岡山,,H,ヤマハ,,,ジュビロ磐田,2021,iwat
30,31,0925,琉球,,H,ヤマハ,,,ジュビロ磐田,2021,iwat
31,32,1003,町田,,A,Ｇスタ,,,ジュビロ磐田,2021,iwat
32,33,1009,北九州,,H,ヤマハ,,,ジュビロ磐田,2021,iwat
33,34,1017,栃木,,A,カンセキ,,,ジュビロ磐田,2021,iwat
34,35,1023,愛媛,,H,エコパ,,,ジュビロ磐田,2021,iwat
35,36,1030,大宮,,A,ＮＡＣＫ,,,ジュビロ磐田,2021,iwat
36,37,1103,新潟,,A,デンカＳ,,,ジュビロ磐田,2021,iwat
37,38,1107,京都,,H,ヤマハ,,,ジュビロ磐田,2021,iwat
38,39,1114,水戸,,A,Ｋｓスタ,,,ジュビロ磐田,2021,iwat
39,40,1120,長崎,,H,ヤマハ,,,ジュビロ磐田,2021,iwat
40,41,1128,群馬,,A,正田スタ,,,ジュビロ磐田,2021,iwat
41,42,1205,秋田,,H,ヤマハ,,,ジュビロ磐田,2021,iwat
0,1,0228,相模原,2-0,A,ギオンス,晴,チョウ　キジェ,京都サンガF.C.,2021,kyot
1,2,0307,松本,0-0,H,サンガＳ,曇,チョウ　キジェ,京都サンガF.C.,2021,kyot
2,4,0321,磐田,3-4,H,サンガＳ,雨,チョウ　キジェ,京都サンガF.C.,2021,kyot
3,3,0324,大宮,2-1,A,ＮＡＣＫ,晴,チョウ　キジェ,京都サンガF.C.,2021,kyot
4,5,0328,秋田,0-1,A,ソユスタ,曇のち雨,チョウ　キジェ,京都サンガF.C.,2021,kyot
5,6,0404,千葉,2-1,H,サンガＳ,雨,チョウ　キジェ,京都サンガF.C.,2021,kyot
6,7,0411,町田,1-0,A,Ｇスタ,晴,チョウ　キジェ,京都サンガF.C.,2021,kyot
7,8,0417,北九州,6-1,H,サンガＳ,雨,チョウ　キジェ,京都サンガF.C.,2021,kyot
8,9,0421,東京Ｖ,2-0,A,味フィ西,晴,チョウ　キジェ,京都サンガF.C.,2021,kyot
9,10,0425,山口,2-0,A,みらスタ,晴,チョウ　キジェ,京都サンガF.C.,2021,kyot
10,11,0501,愛媛,,H,サンガＳ,,,京都サンガF.C.,2021,kyot
11,12,0505,琉球,,A,タピスタ,,,京都サンガF.C.,2021,kyot
12,13,0509,山形,,H,サンガＳ,,,京都サンガF.C.,2021,kyot
13,14,0516,水戸,,H,サンガＳ,,,京都サンガF.C.,2021,kyot
14,15,0523,新潟,,A,デンカＳ,,,京都サンガF.C.,2021,kyot
15,16,0530,甲府,,H,サンガＳ,,,京都サンガF.C.,2021,kyot
16,17,0606,栃木,,A,カンセキ,,,京都サンガF.C.,2021,kyot
17,18,0613,群馬,,H,サンガＳ,,,京都サンガF.C.,2021,kyot
18,19,0619,金沢,,A,石川西部,,,京都サンガF.C.,2021,kyot
19,20,0626,岡山,,H,サンガＳ,,,京都サンガF.C.,2021,kyot
20,21,0703,長崎,,H,サンガＳ,,,京都サンガF.C.,2021,kyot
21,22,0711,北九州,,A,ミクスタ,,,京都サンガF.C.,2021,kyot
22,23,0717,新潟,,H,サンガＳ,,,京都サンガF.C.,2021,kyot
23,24,0809,町田,,H,サンガＳ,,,京都サンガF.C.,2021,kyot
24,25,0814,松本,,A,サンアル,,,京都サンガF.C.,2021,kyot
25,26,0822,水戸,,A,Ｋｓスタ,,,京都サンガF.C.,2021,kyot
26,27,0828,東京Ｖ,,H,サンガＳ,,,京都サンガF.C.,2021,kyot
27,28,0904,甲府,,A,ＪＩＴス,,,京都サンガF.C.,2021,kyot
28,29,0911,琉球,,H,サンガＳ,,,京都サンガF.C.,2021,kyot
29,30,0918,山形,,A,ＮＤスタ,,,京都サンガF.C.,2021,kyot
30,31,0925,栃木,,H,サンガＳ,,,京都サンガF.C.,2021,kyot
31,32,1002,長崎,,A,トラスタ,,,京都サンガF.C.,2021,kyot
32,33,1010,相模原,,H,サンガＳ,,,京都サンガF.C.,2021,kyot
33,34,1017,群馬,,A,正田スタ,,,京都サンガF.C.,2021,kyot
34,35,1024,山口,,H,サンガＳ,,,京都サンガF.C.,2021,kyot
35,36,1030,愛媛,,A,ニンスタ,,,京都サンガF.C.,2021,kyot
36,37,1103,大宮,,H,サンガＳ,,,京都サンガF.C.,2021,kyot
37,38,1107,磐田,,A,ヤマハ,,,京都サンガF.C.,2021,kyot
38,39,1114,秋田,,H,サンガＳ,,,京都サンガF.C.,2021,kyot
39,40,1120,岡山,,A,Ｃスタ,,,京都サンガF.C.,2021,kyot
40,41,1128,千葉,,A,フクアリ,,,京都サンガF.C.,2021,kyot
41,42,1205,金沢,,H,サンガＳ,,,京都サンガF.C.,2021,kyot
0,1,0228,栃木,2-0,A,カンセキ,晴,有馬　賢二,ファジアーノ岡山,2021,okay
1,2,0307,金沢,0-1,H,Ｃスタ,曇,有馬　賢二,ファジアーノ岡山,2021,okay
2,3,0314,相模原,0-0,H,Ｃスタ,曇,有馬　賢二,ファジアーノ岡山,2021,okay
3,4,0321,山口,0-0,A,みらスタ,曇,有馬　賢二,ファジアーノ岡山,2021,okay
4,5,0328,山形,1-0,A,ＮＤスタ,曇のち雨,有馬　賢二,ファジアーノ岡山,2021,okay
5,6,0404,磐田,0-1,H,Ｃスタ,雨,有馬　賢二,ファジアーノ岡山,2021,okay
6,7,0411,愛媛,2-2,A,ニンスタ,晴,有馬　賢二,ファジアーノ岡山,2021,okay
7,8,0417,水戸,1-2,H,Ｃスタ,曇,有馬　賢二,ファジアーノ岡山,2021,okay
8,9,0421,群馬,0-1,A,正田スタ,晴,有馬　賢二,ファジアーノ岡山,2021,okay
9,10,0425,北九州,1-0,H,Ｃスタ,晴,有馬　賢二,ファジアーノ岡山,2021,okay
10,11,0501,秋田,,A,ソユスタ,,,ファジアーノ岡山,2021,okay
11,12,0505,町田,,H,Ｃスタ,,,ファジアーノ岡山,2021,okay
12,13,0509,千葉,,A,フクアリ,,,ファジアーノ岡山,2021,okay
13,14,0516,大宮,,A,ＮＡＣＫ,,,ファジアーノ岡山,2021,okay
14,15,0523,長崎,,H,Ｃスタ,,,ファジアーノ岡山,2021,okay
15,16,0530,松本,,A,サンアル,,,ファジアーノ岡山,2021,okay
16,17,0605,東京Ｖ,,H,Ｃスタ,,,ファジアーノ岡山,2021,okay
17,18,0613,新潟,,A,デンカＳ,,,ファジアーノ岡山,2021,okay
18,19,0619,琉球,,H,Ｃスタ,,,ファジアーノ岡山,2021,okay
19,20,0626,京都,,A,サンガＳ,,,ファジアーノ岡山,2021,okay
20,21,0703,甲府,,H,Ｃスタ,,,ファジアーノ岡山,2021,okay
21,22,0711,金沢,,A,石川西部,,,ファジアーノ岡山,2021,okay
22,23,0718,群馬,,H,Ｃスタ,,,ファジアーノ岡山,2021,okay
23,24,0809,山口,,H,Ｃスタ,,,ファジアーノ岡山,2021,okay
24,25,0814,町田,,A,Ｇスタ,,,ファジアーノ岡山,2021,okay
25,26,0821,大宮,,H,Ｃスタ,,,ファジアーノ岡山,2021,okay
26,27,0828,北九州,,A,ミクスタ,,,ファジアーノ岡山,2021,okay
27,28,0905,愛媛,,H,Ｃスタ,,,ファジアーノ岡山,2021,okay
28,29,0911,栃木,,H,Ｃスタ,,,ファジアーノ岡山,2021,okay
29,30,0918,磐田,,A,ヤマハ,,,ファジアーノ岡山,2021,okay
30,31,0926,秋田,,H,Ｃスタ,,,ファジアーノ岡山,2021,okay
31,32,1002,琉球,,A,タピスタ,,,ファジアーノ岡山,2021,okay
32,33,1009,東京Ｖ,,A,味スタ,,,ファジアーノ岡山,2021,okay
33,34,1017,松本,,H,Ｃスタ,,,ファジアーノ岡山,2021,okay
34,35,1024,水戸,,A,Ｋｓスタ,,,ファジアーノ岡山,2021,okay
35,36,1031,新潟,,H,Ｃスタ,,,ファジアーノ岡山,2021,okay
36,37,1103,甲府,,A,ＪＩＴス,,,ファジアーノ岡山,2021,okay
37,38,1107,山形,,H,Ｃスタ,,,ファジアーノ岡山,2021,okay
38,39,1114,相模原,,A,ギオンス,,,ファジアーノ岡山,2021,okay
39,40,1120,京都,,H,Ｃスタ,,,ファジアーノ岡山,2021,okay
40,41,1128,長崎,,A,トラスタ,,,ファジアーノ岡山,2021,okay
41,42,1205,千葉,,H,Ｃスタ,,,ファジアーノ岡山,2021,okay
0,1,0228,松本,0-0,H,みらスタ,晴時々曇,渡邉　晋,レノファ山口ＦＣ,2021,r-ya
1,2,0306,琉球,1-2,A,タピスタ,曇のち雨,渡邉　晋,レノファ山口ＦＣ,2021,r-ya
2,3,0313,新潟,1-2,H,みらスタ,曇時々晴,渡邉　晋,レノファ山口ＦＣ,2021,r-ya
3,4,0321,岡山,0-0,H,みらスタ,曇,渡邉　晋,レノファ山口ＦＣ,2021,r-ya
4,5,0327,磐田,2-1,A,エコパ,晴,渡邉　晋,レノファ山口ＦＣ,2021,r-ya
5,6,0404,栃木,0-1,H,みらスタ,曇,渡邉　晋,レノファ山口ＦＣ,2021,r-ya
6,7,0410,東京Ｖ,1-3,A,味スタ,晴,渡邉　晋,レノファ山口ＦＣ,2021,r-ya
7,8,0417,群馬,1-0,H,みらスタ,曇時々晴,渡邉　晋,レノファ山口ＦＣ,2021,r-ya
8,9,0421,北九州,0-0,A,ミクスタ,晴,渡邉　晋,レノファ山口ＦＣ,2021,r-ya
9,10,0425,京都,0-2,H,みらスタ,晴,渡邉　晋,レノファ山口ＦＣ,2021,r-ya
10,11,0502,町田,,A,Ｇスタ,,,レノファ山口ＦＣ,2021,r-ya
11,12,0505,千葉,,H,みらスタ,,,レノファ山口ＦＣ,2021,r-ya
12,13,0509,金沢,,A,石川西部,,,レノファ山口ＦＣ,2021,r-ya
13,14,0515,相模原,,H,みらスタ,,,レノファ山口ＦＣ,2021,r-ya
14,15,0519,秋田,,A,ソユスタ,,,レノファ山口ＦＣ,2021,r-ya
15,16,0529,長崎,,A,トラスタ,,,レノファ山口ＦＣ,2021,r-ya
16,17,0605,愛媛,,H,みらスタ,,,レノファ山口ＦＣ,2021,r-ya
17,18,0613,山形,,A,ＮＤスタ,,,レノファ山口ＦＣ,2021,r-ya
18,19,0619,甲府,,A,ＪＩＴス,,,レノファ山口ＦＣ,2021,r-ya
19,20,0627,大宮,,H,みらスタ,,,レノファ山口ＦＣ,2021,r-ya
20,21,0703,水戸,,A,Ｋｓスタ,,,レノファ山口ＦＣ,2021,r-ya
21,22,0711,磐田,,H,みらスタ,,,レノファ山口ＦＣ,2021,r-ya
22,23,0717,秋田,,H,みらスタ,,,レノファ山口ＦＣ,2021,r-ya
23,24,0809,岡山,,A,Ｃスタ,,,レノファ山口ＦＣ,2021,r-ya
24,25,0814,金沢,,H,みらスタ,,,レノファ山口ＦＣ,2021,r-ya
25,26,0822,群馬,,A,正田スタ,,,レノファ山口ＦＣ,2021,r-ya
26,27,0828,山形,,H,みらスタ,,,レノファ山口ＦＣ,2021,r-ya
27,28,0905,栃木,,A,栃木グ,,,レノファ山口ＦＣ,2021,r-ya
28,29,0911,町田,,H,みらスタ,,,レノファ山口ＦＣ,2021,r-ya
29,30,0919,相模原,,A,ギオンス,,,レノファ山口ＦＣ,2021,r-ya
30,31,0925,長崎,,H,みらスタ,,,レノファ山口ＦＣ,2021,r-ya
31,32,1003,東京Ｖ,,H,みらスタ,,,レノファ山口ＦＣ,2021,r-ya
32,33,1009,新潟,,A,デンカＳ,,,レノファ山口ＦＣ,2021,r-ya
33,34,1017,水戸,,H,ＳＶ下関,,,レノファ山口ＦＣ,2021,r-ya
34,35,1024,京都,,A,サンガＳ,,,レノファ山口ＦＣ,2021,r-ya
35,36,1030,千葉,,A,フクアリ,,,レノファ山口ＦＣ,2021,r-ya
36,37,1103,琉球,,H,みらスタ,,,レノファ山口ＦＣ,2021,r-ya
37,38,1107,大宮,,A,ＮＡＣＫ,,,レノファ山口ＦＣ,2021,r-ya
38,39,1113,北九州,,H,みらスタ,,,レノファ山口ＦＣ,2021,r-ya
39,40,1121,松本,,A,サンアル,,,レノファ山口ＦＣ,2021,r-ya
40,41,1128,甲府,,H,みらスタ,,,レノファ山口ＦＣ,2021,r-ya
41,42,1205,愛媛,,A,ニンスタ,,,レノファ山口ＦＣ,2021,r-ya
0,1,0228,東京Ｖ,0-3,A,味スタ,晴,和泉　茂徳,愛媛ＦＣ,2021,ehim
1,2,0307,千葉,1-1,H,ニンスタ,曇,和泉　茂徳,愛媛ＦＣ,2021,ehim
2,3,0313,長崎,1-1,A,トラスタ,曇,和泉　茂徳,愛媛ＦＣ,2021,ehim
3,4,0321,甲府,0-1,H,ニンスタ,曇,和泉　茂徳,愛媛ＦＣ,2021,ehim
4,5,0328,栃木,1-2,A,カンセキ,雨のち曇,和泉　茂徳,愛媛ＦＣ,2021,ehim
5,6,0404,群馬,1-2,H,ニンスタ,雨,和泉　茂徳,愛媛ＦＣ,2021,ehim
6,7,0411,岡山,2-2,H,ニンスタ,晴,實好　礼忠,愛媛ＦＣ,2021,ehim
7,8,0417,大宮,1-0,A,ＮＡＣＫ,曇,實好　礼忠,愛媛ＦＣ,2021,ehim
8,9,0421,松本,3-1,H,ニンスタ,晴,實好　礼忠,愛媛ＦＣ,2021,ehim
9,10,0424,新潟,0-2,H,ニンスタ,晴,實好　礼忠,愛媛ＦＣ,2021,ehim
10,11,0501,京都,,A,サンガＳ,,,愛媛ＦＣ,2021,ehim
11,12,0505,磐田,,H,ニンスタ,,,愛媛ＦＣ,2021,ehim
12,13,0508,琉球,,H,ニンスタ,,,愛媛ＦＣ,2021,ehim
13,14,0516,山形,,A,ＮＤスタ,,,愛媛ＦＣ,2021,ehim
14,15,0527,相模原,,A,ギオンス,,,愛媛ＦＣ,2021,ehim
15,16,0530,水戸,,H,ニンスタ,,,愛媛ＦＣ,2021,ehim
16,17,0605,山口,,A,みらスタ,,,愛媛ＦＣ,2021,ehim
17,18,0613,金沢,,H,ニンスタ,,,愛媛ＦＣ,2021,ehim
18,19,0620,北九州,,A,ミクスタ,,,愛媛ＦＣ,2021,ehim
19,20,0627,町田,,A,Ｇスタ,,,愛媛ＦＣ,2021,ehim
20,21,0704,秋田,,H,ニンスタ,,,愛媛ＦＣ,2021,ehim
21,22,0711,甲府,,A,ＪＩＴス,,,愛媛ＦＣ,2021,ehim
22,23,0718,東京Ｖ,,H,ニンスタ,,,愛媛ＦＣ,2021,ehim
23,24,0809,群馬,,A,正田スタ,,,愛媛ＦＣ,2021,ehim
24,25,0815,北九州,,H,ニンスタ,,,愛媛ＦＣ,2021,ehim
25,26,0822,松本,,A,サンアル,,,愛媛ＦＣ,2021,ehim
26,27,0829,栃木,,H,ニンスタ,,,愛媛ＦＣ,2021,ehim
27,28,0905,岡山,,A,Ｃスタ,,,愛媛ＦＣ,2021,ehim
28,29,0912,大宮,,H,ニンスタ,,,愛媛ＦＣ,2021,ehim
29,30,0918,千葉,,A,フクアリ,,,愛媛ＦＣ,2021,ehim
30,31,0925,山形,,H,ニンスタ,,,愛媛ＦＣ,2021,ehim
31,32,1002,秋田,,A,ソユスタ,,,愛媛ＦＣ,2021,ehim
32,33,1010,長崎,,H,ニンスタ,,,愛媛ＦＣ,2021,ehim
33,34,1016,琉球,,A,タピスタ,,,愛媛ＦＣ,2021,ehim
34,35,1023,磐田,,A,エコパ,,,愛媛ＦＣ,2021,ehim
35,36,1030,京都,,H,ニンスタ,,,愛媛ＦＣ,2021,ehim
36,37,1103,金沢,,A,石川西部,,,愛媛ＦＣ,2021,ehim
37,38,1107,町田,,H,ニンスタ,,,愛媛ＦＣ,2021,ehim
38,39,1113,新潟,,A,デンカＳ,,,愛媛ＦＣ,2021,ehim
39,40,1121,相模原,,H,ニンスタ,,,愛媛ＦＣ,2021,ehim
40,41,1128,水戸,,A,Ｋｓスタ,,,愛媛ＦＣ,2021,ehim
41,42,1205,山口,,H,ニンスタ,,,愛媛ＦＣ,2021,ehim
0,1,0227,新潟,1-4,H,ミクスタ,曇,小林　伸二,ギラヴァンツ北九州,2021,kiky
1,2,0306,水戸,1-2,H,ミクスタ,曇,小林　伸二,ギラヴァンツ北九州,2021,kiky
2,3,0314,金沢,1-1,A,石川西部,晴,小林　伸二,ギラヴァンツ北九州,2021,kiky
3,4,0321,秋田,1-1,H,ミクスタ,雨,小林　伸二,ギラヴァンツ北九州,2021,kiky
4,5,0328,群馬,2-0,A,正田スタ,曇,小林　伸二,ギラヴァンツ北九州,2021,kiky
5,6,0403,山形,0-0,H,ミクスタ,晴,小林　伸二,ギラヴァンツ北九州,2021,kiky
6,7,0410,甲府,1-1,A,ＪＩＴス,晴,小林　伸二,ギラヴァンツ北九州,2021,kiky
7,8,0417,京都,1-6,A,サンガＳ,雨,小林　伸二,ギラヴァンツ北九州,2021,kiky
8,9,0421,山口,0-0,H,ミクスタ,晴,小林　伸二,ギラヴァンツ北九州,2021,kiky
9,10,0425,岡山,0-1,A,Ｃスタ,晴,小林　伸二,ギラヴァンツ北九州,2021,kiky
10,11,0501,松本,,H,ミクスタ,,,ギラヴァンツ北九州,2021,kiky
11,12,0505,栃木,,A,カンセキ,,,ギラヴァンツ北九州,2021,kiky
12,13,0509,長崎,,H,ミクスタ,,,ギラヴァンツ北九州,2021,kiky
13,14,0516,東京Ｖ,,A,味スタ,,,ギラヴァンツ北九州,2021,kiky
14,15,0523,大宮,,H,ミクスタ,,,ギラヴァンツ北九州,2021,kiky
15,16,0530,町田,,A,Ｇスタ,,,ギラヴァンツ北九州,2021,kiky
16,17,0605,磐田,,H,ミクスタ,,,ギラヴァンツ北九州,2021,kiky
17,18,0613,琉球,,A,タピスタ,,,ギラヴァンツ北九州,2021,kiky
18,19,0620,愛媛,,H,ミクスタ,,,ギラヴァンツ北九州,2021,kiky
19,20,0626,千葉,,H,ミクスタ,,,ギラヴァンツ北九州,2021,kiky
20,21,0703,相模原,,A,ギオンス,,,ギラヴァンツ北九州,2021,kiky
21,22,0711,京都,,H,ミクスタ,,,ギラヴァンツ北九州,2021,kiky
22,23,0717,長崎,,A,トラスタ,,,ギラヴァンツ北九州,2021,kiky
23,24,0809,琉球,,H,ミクスタ,,,ギラヴァンツ北九州,2021,kiky
24,25,0815,愛媛,,A,ニンスタ,,,ギラヴァンツ北九州,2021,kiky
25,26,0822,町田,,H,ミクスタ,,,ギラヴァンツ北九州,2021,kiky
26,27,0828,岡山,,H,ミクスタ,,,ギラヴァンツ北九州,2021,kiky
27,28,0904,新潟,,A,デンカＳ,,,ギラヴァンツ北九州,2021,kiky
28,29,0911,金沢,,H,ミクスタ,,,ギラヴァンツ北九州,2021,kiky
29,30,0919,秋田,,A,ソユスタ,,,ギラヴァンツ北九州,2021,kiky
30,31,0926,松本,,A,サンアル,,,ギラヴァンツ北九州,2021,kiky
31,32,1003,群馬,,H,ミクスタ,,,ギラヴァンツ北九州,2021,kiky
32,33,1009,磐田,,A,ヤマハ,,,ギラヴァンツ北九州,2021,kiky
33,34,1016,東京Ｖ,,H,ミクスタ,,,ギラヴァンツ北九州,2021,kiky
34,35,1023,大宮,,A,ＮＡＣＫ,,,ギラヴァンツ北九州,2021,kiky
35,36,1030,相模原,,H,ミクスタ,,,ギラヴァンツ北九州,2021,kiky
36,37,1103,水戸,,A,Ｋｓスタ,,,ギラヴァンツ北九州,2021,kiky
37,38,1107,甲府,,H,ミクスタ,,,ギラヴァンツ北九州,2021,kiky
38,39,1113,山口,,A,みらスタ,,,ギラヴァンツ北九州,2021,kiky
39,40,1121,千葉,,A,フクアリ,,,ギラヴァンツ北九州,2021,kiky
40,41,1128,栃木,,H,ミクスタ,,,ギラヴァンツ北九州,2021,kiky
41,42,1205,山形,,A,ＮＤスタ,,,ギラヴァンツ北九州,2021,kiky
0,1,0227,金沢,2-1,H,トラスタ,曇,吉田　孝行,Ｖ・ファーレン長崎,2021,ngsk
1,2,0306,新潟,0-1,A,デンカＳ,曇,吉田　孝行,Ｖ・ファーレン長崎,2021,ngsk
2,3,0313,愛媛,1-1,H,トラスタ,曇,吉田　孝行,Ｖ・ファーレン長崎,2021,ngsk
3,4,0320,琉球,1-3,A,タピスタ,曇,吉田　孝行,Ｖ・ファーレン長崎,2021,ngsk
4,5,0327,大宮,0-4,A,ＮＡＣＫ,晴,吉田　孝行,Ｖ・ファーレン長崎,2021,ngsk
5,6,0403,甲府,2-1,H,トラスタ,曇,吉田　孝行,Ｖ・ファーレン長崎,2021,ngsk
6,7,0410,群馬,2-1,A,正田スタ,晴,吉田　孝行,Ｖ・ファーレン長崎,2021,ngsk
7,8,0417,町田,0-3,H,トラスタ,曇,吉田　孝行,Ｖ・ファーレン長崎,2021,ngsk
8,9,0421,山形,3-1,A,ＮＤスタ,晴,吉田　孝行,Ｖ・ファーレン長崎,2021,ngsk
9,10,0425,東京Ｖ,1-1,H,トラスタ,晴,吉田　孝行,Ｖ・ファーレン長崎,2021,ngsk
10,11,0502,水戸,,A,Ｋｓスタ,,,Ｖ・ファーレン長崎,2021,ngsk
11,12,0505,秋田,,H,トラスタ,,,Ｖ・ファーレン長崎,2021,ngsk
12,13,0509,北九州,,A,ミクスタ,,,Ｖ・ファーレン長崎,2021,ngsk
13,14,0515,千葉,,H,トラスタ,,,Ｖ・ファーレン長崎,2021,ngsk
14,15,0523,岡山,,A,Ｃスタ,,,Ｖ・ファーレン長崎,2021,ngsk
15,16,0529,山口,,H,トラスタ,,,Ｖ・ファーレン長崎,2021,ngsk
16,17,0605,相模原,,A,ギオンス,,,Ｖ・ファーレン長崎,2021,ngsk
17,18,0613,松本,,H,トラスタ,,,Ｖ・ファーレン長崎,2021,ngsk
18,19,0619,栃木,,A,カンセキ,,,Ｖ・ファーレン長崎,2021,ngsk
19,20,0626,磐田,,H,トラスタ,,,Ｖ・ファーレン長崎,2021,ngsk
20,21,0703,京都,,A,サンガＳ,,,Ｖ・ファーレン長崎,2021,ngsk
21,22,0711,大宮,,H,トラスタ,,,Ｖ・ファーレン長崎,2021,ngsk
22,23,0717,北九州,,H,トラスタ,,,Ｖ・ファーレン長崎,2021,ngsk
23,24,0809,金沢,,A,石川西部,,,Ｖ・ファーレン長崎,2021,ngsk
24,25,0814,山形,,H,トラスタ,,,Ｖ・ファーレン長崎,2021,ngsk
25,26,0822,秋田,,A,ソユスタ,,,Ｖ・ファーレン長崎,2021,ngsk
26,27,0828,千葉,,A,フクアリ,,,Ｖ・ファーレン長崎,2021,ngsk
27,28,0904,琉球,,H,トラスタ,,,Ｖ・ファーレン長崎,2021,ngsk
28,29,0911,相模原,,H,トラスタ,,,Ｖ・ファーレン長崎,2021,ngsk
29,30,0918,町田,,A,Ｇスタ,,,Ｖ・ファーレン長崎,2021,ngsk
30,31,0925,山口,,A,みらスタ,,,Ｖ・ファーレン長崎,2021,ngsk
31,32,1002,京都,,H,トラスタ,,,Ｖ・ファーレン長崎,2021,ngsk
32,33,1010,愛媛,,A,ニンスタ,,,Ｖ・ファーレン長崎,2021,ngsk
33,34,1016,新潟,,H,トラスタ,,,Ｖ・ファーレン長崎,2021,ngsk
34,35,1023,甲府,,A,ＪＩＴス,,,Ｖ・ファーレン長崎,2021,ngsk
35,36,1030,水戸,,H,トラスタ,,,Ｖ・ファーレン長崎,2021,ngsk
36,37,1103,群馬,,H,トラスタ,,,Ｖ・ファーレン長崎,2021,ngsk
37,38,1107,東京Ｖ,,A,味スタ,,,Ｖ・ファーレン長崎,2021,ngsk
38,39,1113,栃木,,H,トラスタ,,,Ｖ・ファーレン長崎,2021,ngsk
39,40,1120,磐田,,A,ヤマハ,,,Ｖ・ファーレン長崎,2021,ngsk
40,41,1128,岡山,,H,トラスタ,,,Ｖ・ファーレン長崎,2021,ngsk
41,42,1205,松本,,A,サンアル,,,Ｖ・ファーレン長崎,2021,ngsk
0,1,0228,磐田,1-0,H,タピスタ,曇時々雨,樋口　靖洋,ＦＣ琉球,2021,ryuk
1,2,0306,山口,2-1,H,タピスタ,曇のち雨,樋口　靖洋,ＦＣ琉球,2021,ryuk
2,3,0314,群馬,2-0,A,正田スタ,晴,樋口　靖洋,ＦＣ琉球,2021,ryuk
3,4,0320,長崎,3-1,H,タピスタ,曇,樋口　靖洋,ＦＣ琉球,2021,ryuk
4,5,0327,千葉,2-1,A,フクアリ,晴,樋口　靖洋,ＦＣ琉球,2021,ryuk
5,6,0403,大宮,0-0,H,タピスタ,曇,樋口　靖洋,ＦＣ琉球,2021,ryuk
6,7,0411,水戸,2-0,A,Ｋｓスタ,晴,樋口　靖洋,ＦＣ琉球,2021,ryuk
7,8,0417,東京Ｖ,2-0,H,タピスタ,晴,樋口　靖洋,ＦＣ琉球,2021,ryuk
8,9,0421,町田,0-3,A,Ｇスタ,晴,樋口　靖洋,ＦＣ琉球,2021,ryuk
9,10,0425,甲府,1-0,H,タピスタ,晴,樋口　靖洋,ＦＣ琉球,2021,ryuk
10,11,0501,相模原,,A,ギオンス,,,ＦＣ琉球,2021,ryuk
11,12,0505,京都,,H,タピスタ,,,ＦＣ琉球,2021,ryuk
12,13,0508,愛媛,,A,ニンスタ,,,ＦＣ琉球,2021,ryuk
13,14,0515,栃木,,H,タピスタ,,,ＦＣ琉球,2021,ryuk
14,15,0522,山形,,H,タピスタ,,,ＦＣ琉球,2021,ryuk
15,16,0530,新潟,,A,デンカＳ,,,ＦＣ琉球,2021,ryuk
16,17,0605,秋田,,A,ソユスタ,,,ＦＣ琉球,2021,ryuk
17,18,0613,北九州,,H,タピスタ,,,ＦＣ琉球,2021,ryuk
18,19,0619,岡山,,A,Ｃスタ,,,ＦＣ琉球,2021,ryuk
19,20,0626,松本,,H,タピスタ,,,ＦＣ琉球,2021,ryuk
20,21,0703,金沢,,A,石川西部,,,ＦＣ琉球,2021,ryuk
21,22,0711,相模原,,H,タピスタ,,,ＦＣ琉球,2021,ryuk
22,23,0718,大宮,,A,ＮＡＣＫ,,,ＦＣ琉球,2021,ryuk
23,24,0809,北九州,,A,ミクスタ,,,ＦＣ琉球,2021,ryuk
24,25,0814,水戸,,H,タピスタ,,,ＦＣ琉球,2021,ryuk
25,26,0822,山形,,A,ＮＤスタ,,,ＦＣ琉球,2021,ryuk
26,27,0828,秋田,,H,タピスタ,,,ＦＣ琉球,2021,ryuk
27,28,0904,長崎,,A,トラスタ,,,ＦＣ琉球,2021,ryuk
28,29,0911,京都,,A,サンガＳ,,,ＦＣ琉球,2021,ryuk
29,30,0918,群馬,,H,タピスタ,,,ＦＣ琉球,2021,ryuk
30,31,0925,磐田,,A,ヤマハ,,,ＦＣ琉球,2021,ryuk
31,32,1002,岡山,,H,タピスタ,,,ＦＣ琉球,2021,ryuk
32,33,1009,甲府,,A,ＪＩＴス,,,ＦＣ琉球,2021,ryuk
33,34,1016,愛媛,,H,タピスタ,,,ＦＣ琉球,2021,ryuk
34,35,1024,松本,,A,サンアル,,,ＦＣ琉球,2021,ryuk
35,36,1030,町田,,H,タピスタ,,,ＦＣ琉球,2021,ryuk
36,37,1103,山口,,A,みらスタ,,,ＦＣ琉球,2021,ryuk
37,38,1107,金沢,,H,タピスタ,,,ＦＣ琉球,2021,ryuk
38,39,1113,千葉,,H,タピスタ,,,ＦＣ琉球,2021,ryuk
39,40,1121,東京Ｖ,,A,味スタ,,,ＦＣ琉球,2021,ryuk
40,41,1128,新潟,,H,タピスタ,,,ＦＣ琉球,2021,ryuk
41,42,1205,栃木,,A,カンセキ,,,ＦＣ琉球,2021,ryuk
0,1,0314,岐阜,0-0,A,長良川,晴,葛野　昌宏,ヴァンラーレ八戸,2021,hach
1,2,0321,富山,1-2,A,富山,雨,葛野　昌宏,ヴァンラーレ八戸,2021,hach
2,3,0328,沼津,1-0,H,プラスタ,曇,葛野　昌宏,ヴァンラーレ八戸,2021,hach
3,4,0404,長野,1-1,A,長野Ｕ,雨,葛野　昌宏,ヴァンラーレ八戸,2021,hach
4,5,0411,岩手,0-3,H,プラスタ,晴,葛野　昌宏,ヴァンラーレ八戸,2021,hach
5,6,0425,熊本,2-2,A,えがおＳ,晴,葛野　昌宏,ヴァンラーレ八戸,2021,hach
6,7,0502,鳥取,,H,プラスタ,,,ヴァンラーレ八戸,2021,hach
7,8,0516,福島,,A,郡山西部,,,ヴァンラーレ八戸,2021,hach
8,9,0530,今治,,H,プラスタ,,,ヴァンラーレ八戸,2021,hach
9,10,0606,宮崎,,A,ユニスタ,,,ヴァンラーレ八戸,2021,hach
10,11,0613,YS横浜,,H,プラスタ,,,ヴァンラーレ八戸,2021,hach
11,12,0619,鹿児島,,A,白波スタ,,,ヴァンラーレ八戸,2021,hach
12,14,0704,藤枝,,H,プラスタ,,,ヴァンラーレ八戸,2021,hach
13,15,0710,讃岐,,H,プラスタ,,,ヴァンラーレ八戸,2021,hach
14,16,0828,岩手,,A,いわスタ,,,ヴァンラーレ八戸,2021,hach
15,17,0904,宮崎,,H,プラスタ,,,ヴァンラーレ八戸,2021,hach
16,18,0912,讃岐,,A,ピカスタ,,,ヴァンラーレ八戸,2021,hach
17,19,0918,富山,,H,プラスタ,,,ヴァンラーレ八戸,2021,hach
18,20,0925,長野,,H,プラスタ,,,ヴァンラーレ八戸,2021,hach
19,21,1003,沼津,,A,愛鷹,,,ヴァンラーレ八戸,2021,hach
20,22,1010,熊本,,H,プラスタ,,,ヴァンラーレ八戸,2021,hach
21,23,1017,福島,,H,プラスタ,,,ヴァンラーレ八戸,2021,hach
22,24,1024,YS横浜,,A,ニッパツ,,,ヴァンラーレ八戸,2021,hach
23,26,1107,鹿児島,,H,プラスタ,,,ヴァンラーレ八戸,2021,hach
24,27,1114,藤枝,,A,藤枝サ,,,ヴァンラーレ八戸,2021,hach
25,28,1121,岐阜,,H,プラスタ,,,ヴァンラーレ八戸,2021,hach
26,29,1128,今治,,A,夢スタ,,,ヴァンラーレ八戸,2021,hach
27,30,1205,鳥取,,A,Ａｘｉｓ,,,ヴァンラーレ八戸,2021,hach
0,1,0314,宮崎,1-0,A,ユニスタ,晴,秋田　豊,いわてグルージャ盛岡,2021,iwte
1,2,0321,鳥取,1-1,A,Ａｘｉｓ,雨,秋田　豊,いわてグルージャ盛岡,2021,iwte
2,3,0328,長野,0-0,H,いわスタ,曇のち雨,秋田　豊,いわてグルージャ盛岡,2021,iwte
3,4,0403,今治,3-2,H,いわスタ,曇,秋田　豊,いわてグルージャ盛岡,2021,iwte
4,5,0411,八戸,3-0,A,プラスタ,晴,秋田　豊,いわてグルージャ盛岡,2021,iwte
5,6,0425,福島,,A,とうスタ,,,いわてグルージャ盛岡,2021,iwte
6,7,0502,鹿児島,,H,いわスタ,,,いわてグルージャ盛岡,2021,iwte
7,8,0516,岐阜,,H,いわスタ,,,いわてグルージャ盛岡,2021,iwte
8,9,0530,讃岐,,A,ピカスタ,,,いわてグルージャ盛岡,2021,iwte
9,10,0606,藤枝,,H,いわスタ,,,いわてグルージャ盛岡,2021,iwte
10,12,0619,沼津,,H,いわスタ,,,いわてグルージャ盛岡,2021,iwte
11,13,0626,YS横浜,,H,いわスタ,,,いわてグルージャ盛岡,2021,iwte
12,14,0703,富山,,A,富山,,,いわてグルージャ盛岡,2021,iwte
13,15,0711,熊本,,A,えがおＳ,,,いわてグルージャ盛岡,2021,iwte
14,16,0828,八戸,,H,いわスタ,,,いわてグルージャ盛岡,2021,iwte
15,17,0905,長野,,A,長野Ｕ,,,いわてグルージャ盛岡,2021,iwte
16,18,0911,鹿児島,,A,白波スタ,,,いわてグルージャ盛岡,2021,iwte
17,19,0919,宮崎,,H,いわスタ,,,いわてグルージャ盛岡,2021,iwte
18,20,0926,今治,,A,夢スタ,,,いわてグルージャ盛岡,2021,iwte
19,22,1009,鳥取,,H,いわスタ,,,いわてグルージャ盛岡,2021,iwte
20,23,1017,岐阜,,A,長良川,,,いわてグルージャ盛岡,2021,iwte
21,24,1023,藤枝,,A,藤枝サ,,,いわてグルージャ盛岡,2021,iwte
22,25,1030,福島,,H,いわスタ,,,いわてグルージャ盛岡,2021,iwte
23,26,1107,熊本,,H,北上,,,いわてグルージャ盛岡,2021,iwte
24,27,1114,YS横浜,,A,三ツ沢陸,,,いわてグルージャ盛岡,2021,iwte
25,28,1121,讃岐,,H,北上,,,いわてグルージャ盛岡,2021,iwte
26,29,1128,富山,,H,いわスタ,,,いわてグルージャ盛岡,2021,iwte
27,30,1205,沼津,,A,愛鷹,,,いわてグルージャ盛岡,2021,iwte
0,1,0314,藤枝,0-0,H,とうスタ,曇,時崎　悠,福島ユナイテッドＦＣ,2021,fksm
1,2,0320,YS横浜,2-1,H,とうスタ,曇,時崎　悠,福島ユナイテッドＦＣ,2021,fksm
2,3,0328,鹿児島,0-2,A,白波スタ,曇のち雨のち曇,時崎　悠,福島ユナイテッドＦＣ,2021,fksm
3,4,0404,富山,2-2,A,富山,雨,時崎　悠,福島ユナイテッドＦＣ,2021,fksm
4,5,0411,熊本,1-2,H,とうスタ,晴,時崎　悠,福島ユナイテッドＦＣ,2021,fksm
5,6,0425,岩手,,H,とうスタ,,,福島ユナイテッドＦＣ,2021,fksm
6,7,0502,長野,,A,長野Ｕ,,,福島ユナイテッドＦＣ,2021,fksm
7,8,0516,八戸,,H,郡山西部,,,福島ユナイテッドＦＣ,2021,fksm
8,9,0530,沼津,,A,愛鷹,,,福島ユナイテッドＦＣ,2021,fksm
9,10,0606,岐阜,,H,とうスタ,,,福島ユナイテッドＦＣ,2021,fksm
10,11,0613,讃岐,,A,ピカスタ,,,福島ユナイテッドＦＣ,2021,fksm
11,13,0626,鳥取,,A,Ａｘｉｓ,,,福島ユナイテッドＦＣ,2021,fksm
12,14,0704,宮崎,,A,ユニスタ,,,福島ユナイテッドＦＣ,2021,fksm
13,15,0711,今治,,H,あいづ,,,福島ユナイテッドＦＣ,2021,fksm
14,16,0828,岐阜,,A,長良川,,,福島ユナイテッドＦＣ,2021,fksm
15,17,0905,鳥取,,H,とうスタ,,,福島ユナイテッドＦＣ,2021,fksm
16,18,0912,沼津,,H,とうスタ,,,福島ユナイテッドＦＣ,2021,fksm
17,19,0919,藤枝,,A,藤枝サ,,,福島ユナイテッドＦＣ,2021,fksm
18,20,0926,熊本,,A,えがおＳ,,,福島ユナイテッドＦＣ,2021,fksm
19,21,1003,富山,,H,とうスタ,,,福島ユナイテッドＦＣ,2021,fksm
20,22,1010,鹿児島,,H,とうスタ,,,福島ユナイテッドＦＣ,2021,fksm
21,23,1017,八戸,,A,プラスタ,,,福島ユナイテッドＦＣ,2021,fksm
22,24,1024,宮崎,,H,とうスタ,,,福島ユナイテッドＦＣ,2021,fksm
23,25,1030,岩手,,A,いわスタ,,,福島ユナイテッドＦＣ,2021,fksm
24,26,1107,今治,,A,夢スタ,,,福島ユナイテッドＦＣ,2021,fksm
25,27,1114,長野,,H,とうスタ,,,福島ユナイテッドＦＣ,2021,fksm
26,29,1128,YS横浜,,A,ニッパツ,,,福島ユナイテッドＦＣ,2021,fksm
27,30,1205,讃岐,,H,とうスタ,,,福島ユナイテッドＦＣ,2021,fksm
0,1,0314,富山,0-1,H,ニッパツ,晴,シュタルフ　悠紀リヒャルト,Ｙ．Ｓ．Ｃ．Ｃ．横浜,2021,yscc
1,2,0320,福島,1-2,A,とうスタ,曇,シュタルフ　悠紀リヒャルト,Ｙ．Ｓ．Ｃ．Ｃ．横浜,2021,yscc
2,3,0328,熊本,0-0,H,ニッパツ,曇,シュタルフ　悠紀リヒャルト,Ｙ．Ｓ．Ｃ．Ｃ．横浜,2021,yscc
3,4,0404,沼津,0-1,A,愛鷹,曇のち雨,シュタルフ　悠紀リヒャルト,Ｙ．Ｓ．Ｃ．Ｃ．横浜,2021,yscc
4,5,0411,鹿児島,0-0,H,ニッパツ,晴,シュタルフ　悠紀リヒャルト,Ｙ．Ｓ．Ｃ．Ｃ．横浜,2021,yscc
5,6,0425,今治,1-1,A,夢スタ,晴,シュタルフ　悠紀リヒャルト,Ｙ．Ｓ．Ｃ．Ｃ．横浜,2021,yscc
6,8,0516,宮崎,,H,ニッパツ,,,Ｙ．Ｓ．Ｃ．Ｃ．横浜,2021,yscc
7,9,0530,岐阜,,A,長良川,,,Ｙ．Ｓ．Ｃ．Ｃ．横浜,2021,yscc
8,10,0605,鳥取,,H,ニッパツ,,,Ｙ．Ｓ．Ｃ．Ｃ．横浜,2021,yscc
9,11,0613,八戸,,A,プラスタ,,,Ｙ．Ｓ．Ｃ．Ｃ．横浜,2021,yscc
10,12,0620,藤枝,,H,ニッパツ,,,Ｙ．Ｓ．Ｃ．Ｃ．横浜,2021,yscc
11,13,0626,岩手,,A,いわスタ,,,Ｙ．Ｓ．Ｃ．Ｃ．横浜,2021,yscc
12,14,0704,讃岐,,H,ニッパツ,,,Ｙ．Ｓ．Ｃ．Ｃ．横浜,2021,yscc
13,15,0711,長野,,A,長野Ｕ,,,Ｙ．Ｓ．Ｃ．Ｃ．横浜,2021,yscc
14,17,0904,岐阜,,H,ニッパツ,,,Ｙ．Ｓ．Ｃ．Ｃ．横浜,2021,yscc
15,18,0912,宮崎,,A,ユニスタ,,,Ｙ．Ｓ．Ｃ．Ｃ．横浜,2021,yscc
16,19,0918,今治,,H,ニッパツ,,,Ｙ．Ｓ．Ｃ．Ｃ．横浜,2021,yscc
17,20,0926,讃岐,,A,ピカスタ,,,Ｙ．Ｓ．Ｃ．Ｃ．横浜,2021,yscc
18,21,1002,鹿児島,,A,白波スタ,,,Ｙ．Ｓ．Ｃ．Ｃ．横浜,2021,yscc
19,22,1009,長野,,H,ニッパツ,,,Ｙ．Ｓ．Ｃ．Ｃ．横浜,2021,yscc
20,23,1017,鳥取,,A,Ａｘｉｓ,,,Ｙ．Ｓ．Ｃ．Ｃ．横浜,2021,yscc
21,24,1024,八戸,,H,ニッパツ,,,Ｙ．Ｓ．Ｃ．Ｃ．横浜,2021,yscc
22,25,1030,富山,,A,富山,,,Ｙ．Ｓ．Ｃ．Ｃ．横浜,2021,yscc
23,26,1107,沼津,,H,ニッパツ,,,Ｙ．Ｓ．Ｃ．Ｃ．横浜,2021,yscc
24,27,1114,岩手,,H,三ツ沢陸,,,Ｙ．Ｓ．Ｃ．Ｃ．横浜,2021,yscc
25,28,1121,熊本,,A,えがおＳ,,,Ｙ．Ｓ．Ｃ．Ｃ．横浜,2021,yscc
26,29,1128,福島,,H,ニッパツ,,,Ｙ．Ｓ．Ｃ．Ｃ．横浜,2021,yscc
27,30,1205,藤枝,,A,藤枝サ,,,Ｙ．Ｓ．Ｃ．Ｃ．横浜,2021,yscc
0,1,0314,讃岐,2-0,A,ピカスタ,晴,横山　雄次,ＡＣ長野パルセイロ,2021,naga
1,2,0321,宮崎,1-1,H,長野Ｕ,雨,横山　雄次,ＡＣ長野パルセイロ,2021,naga
2,3,0328,岩手,0-0,A,いわスタ,曇のち雨,横山　雄次,ＡＣ長野パルセイロ,2021,naga
3,4,0404,八戸,1-1,H,長野Ｕ,雨,横山　雄次,ＡＣ長野パルセイロ,2021,naga
4,5,0410,藤枝,1-1,A,藤枝サ,晴,横山　雄次,ＡＣ長野パルセイロ,2021,naga
5,7,0502,福島,,H,長野Ｕ,,,ＡＣ長野パルセイロ,2021,naga
6,8,0516,熊本,,A,えがおＳ,,,ＡＣ長野パルセイロ,2021,naga
7,9,0530,鹿児島,,H,長野Ｕ,,,ＡＣ長野パルセイロ,2021,naga
8,10,0605,今治,,A,夢スタ,,,ＡＣ長野パルセイロ,2021,naga
9,11,0613,鳥取,,A,チュスタ,,,ＡＣ長野パルセイロ,2021,naga
10,12,0620,富山,,H,長野Ｕ,,,ＡＣ長野パルセイロ,2021,naga
11,13,0627,沼津,,A,愛鷹,,,ＡＣ長野パルセイロ,2021,naga
12,14,0704,岐阜,,H,長野Ｕ,,,ＡＣ長野パルセイロ,2021,naga
13,15,0711,YS横浜,,H,長野Ｕ,,,ＡＣ長野パルセイロ,2021,naga
14,16,0829,宮崎,,A,ユニスタ,,,ＡＣ長野パルセイロ,2021,naga
15,17,0905,岩手,,H,長野Ｕ,,,ＡＣ長野パルセイロ,2021,naga
16,18,0911,富山,,A,富山,,,ＡＣ長野パルセイロ,2021,naga
17,19,0919,熊本,,H,長野Ｕ,,,ＡＣ長野パルセイロ,2021,naga
18,20,0925,八戸,,A,プラスタ,,,ＡＣ長野パルセイロ,2021,naga
19,21,1003,讃岐,,H,長野Ｕ,,,ＡＣ長野パルセイロ,2021,naga
20,22,1009,YS横浜,,A,ニッパツ,,,ＡＣ長野パルセイロ,2021,naga
21,23,1017,藤枝,,H,長野Ｕ,,,ＡＣ長野パルセイロ,2021,naga
22,24,1024,岐阜,,A,長良川,,,ＡＣ長野パルセイロ,2021,naga
23,25,1031,鳥取,,H,長野Ｕ,,,ＡＣ長野パルセイロ,2021,naga
24,27,1114,福島,,A,とうスタ,,,ＡＣ長野パルセイロ,2021,naga
25,28,1121,沼津,,H,長野Ｕ,,,ＡＣ長野パルセイロ,2021,naga
26,29,1128,鹿児島,,A,白波スタ,,,ＡＣ長野パルセイロ,2021,naga
27,30,1205,今治,,H,長野Ｕ,,,ＡＣ長野パルセイロ,2021,naga
0,1,0314,YS横浜,1-0,A,ニッパツ,晴,石崎　信弘,カターレ富山,2021,toya
1,2,0321,八戸,2-1,H,富山,雨,石崎　信弘,カターレ富山,2021,toya
2,3,0328,宮崎,1-2,A,ユニスタ,曇,石崎　信弘,カターレ富山,2021,toya
3,4,0404,福島,2-2,H,富山,雨,石崎　信弘,カターレ富山,2021,toya
4,5,0411,讃岐,3-2,A,ピカスタ,晴,石崎　信弘,カターレ富山,2021,toya
5,6,0425,岐阜,1-0,H,富山,晴,石崎　信弘,カターレ富山,2021,toya
6,7,0501,藤枝,,A,藤枝サ,,,カターレ富山,2021,toya
7,8,0516,沼津,,H,富山,,,カターレ富山,2021,toya
8,9,0530,鳥取,,A,Ａｘｉｓ,,,カターレ富山,2021,toya
9,11,0613,熊本,,H,富山,,,カターレ富山,2021,toya
10,12,0620,長野,,A,長野Ｕ,,,カターレ富山,2021,toya
11,13,0626,今治,,H,富山,,,カターレ富山,2021,toya
12,14,0703,岩手,,H,富山,,,カターレ富山,2021,toya
13,15,0710,鹿児島,,A,白波スタ,,,カターレ富山,2021,toya
14,16,0828,藤枝,,H,富山,,,カターレ富山,2021,toya
15,17,0905,沼津,,A,愛鷹,,,カターレ富山,2021,toya
16,18,0911,長野,,H,富山,,,カターレ富山,2021,toya
17,19,0918,八戸,,A,プラスタ,,,カターレ富山,2021,toya
18,20,0926,鳥取,,H,富山,,,カターレ富山,2021,toya
19,21,1003,福島,,A,とうスタ,,,カターレ富山,2021,toya
20,23,1017,讃岐,,H,富山,,,カターレ富山,2021,toya
21,25,1030,YS横浜,,H,富山,,,カターレ富山,2021,toya
22,26,1107,岐阜,,A,長良川,,,カターレ富山,2021,toya
23,27,1114,熊本,,A,えがおＳ,,,カターレ富山,2021,toya
24,28,1121,宮崎,,H,富山,,,カターレ富山,2021,toya
25,29,1128,岩手,,A,いわスタ,,,カターレ富山,2021,toya
26,30,1205,鹿児島,,H,富山,,,カターレ富山,2021,toya
0,1,0314,福島,0-0,A,とうスタ,曇,倉田　安治,藤枝ＭＹＦＣ,2021,fuji
1,2,0321,岐阜,1-3,H,藤枝サ,雨,倉田　安治,藤枝ＭＹＦＣ,2021,fuji
2,4,0404,讃岐,1-0,A,ピカスタ,雨,倉田　安治,藤枝ＭＹＦＣ,2021,fuji
3,5,0410,長野,1-1,H,藤枝サ,晴,倉田　安治,藤枝ＭＹＦＣ,2021,fuji
4,6,0425,沼津,1-1,A,愛鷹,曇,倉田　安治,藤枝ＭＹＦＣ,2021,fuji
5,7,0501,富山,,H,藤枝サ,,,藤枝ＭＹＦＣ,2021,fuji
6,8,0515,鹿児島,,A,白波スタ,,,藤枝ＭＹＦＣ,2021,fuji
7,9,0529,熊本,,H,藤枝サ,,,藤枝ＭＹＦＣ,2021,fuji
8,10,0606,岩手,,A,いわスタ,,,藤枝ＭＹＦＣ,2021,fuji
9,11,0613,今治,,H,藤枝サ,,,藤枝ＭＹＦＣ,2021,fuji
10,12,0620,YS横浜,,A,ニッパツ,,,藤枝ＭＹＦＣ,2021,fuji
11,13,0626,宮崎,,H,藤枝サ,,,藤枝ＭＹＦＣ,2021,fuji
12,14,0704,八戸,,A,プラスタ,,,藤枝ＭＹＦＣ,2021,fuji
13,15,0710,鳥取,,H,藤枝サ,,,藤枝ＭＹＦＣ,2021,fuji
14,16,0828,富山,,A,富山,,,藤枝ＭＹＦＣ,2021,fuji
15,17,0904,讃岐,,H,藤枝サ,,,藤枝ＭＹＦＣ,2021,fuji
16,18,0912,今治,,A,夢スタ,,,藤枝ＭＹＦＣ,2021,fuji
17,19,0919,福島,,H,藤枝サ,,,藤枝ＭＹＦＣ,2021,fuji
18,21,1003,熊本,,A,えがおＳ,,,藤枝ＭＹＦＣ,2021,fuji
19,22,1010,沼津,,H,藤枝サ,,,藤枝ＭＹＦＣ,2021,fuji
20,23,1017,長野,,A,長野Ｕ,,,藤枝ＭＹＦＣ,2021,fuji
21,24,1023,岩手,,H,藤枝サ,,,藤枝ＭＹＦＣ,2021,fuji
22,25,1031,宮崎,,A,ユニスタ,,,藤枝ＭＹＦＣ,2021,fuji
23,26,1107,鳥取,,A,Ａｘｉｓ,,,藤枝ＭＹＦＣ,2021,fuji
24,27,1114,八戸,,H,藤枝サ,,,藤枝ＭＹＦＣ,2021,fuji
25,28,1120,鹿児島,,H,藤枝サ,,,藤枝ＭＹＦＣ,2021,fuji
26,29,1128,岐阜,,A,長良川,,,藤枝ＭＹＦＣ,2021,fuji
27,30,1205,YS横浜,,H,藤枝サ,,,藤枝ＭＹＦＣ,2021,fuji
0,2,0320,今治,1-0,H,愛鷹,曇,今井　雅隆,アスルクラロ沼津,2021,numa
1,3,0328,八戸,0-1,A,プラスタ,曇,今井　雅隆,アスルクラロ沼津,2021,numa
2,4,0404,YS横浜,1-0,H,愛鷹,曇のち雨,今井　雅隆,アスルクラロ沼津,2021,numa
3,6,0425,藤枝,1-1,H,愛鷹,曇,今井　雅隆,アスルクラロ沼津,2021,numa
4,7,0501,讃岐,,A,ピカスタ,,,アスルクラロ沼津,2021,numa
5,5,0505,岐阜,,A,長良川,,,アスルクラロ沼津,2021,numa
6,8,0516,富山,,A,富山,,,アスルクラロ沼津,2021,numa
7,9,0530,福島,,H,愛鷹,,,アスルクラロ沼津,2021,numa
8,10,0606,熊本,,A,えがおＳ,,,アスルクラロ沼津,2021,numa
9,11,0613,鹿児島,,H,愛鷹,,,アスルクラロ沼津,2021,numa
10,12,0619,岩手,,A,いわスタ,,,アスルクラロ沼津,2021,numa
11,13,0627,長野,,H,愛鷹,,,アスルクラロ沼津,2021,numa
12,14,0703,鳥取,,A,Ａｘｉｓ,,,アスルクラロ沼津,2021,numa
13,15,0711,宮崎,,H,愛鷹,,,アスルクラロ沼津,2021,numa
14,16,0829,今治,,A,夢スタ,,,アスルクラロ沼津,2021,numa
15,17,0905,富山,,H,愛鷹,,,アスルクラロ沼津,2021,numa
16,18,0912,福島,,A,とうスタ,,,アスルクラロ沼津,2021,numa
17,19,0919,讃岐,,H,愛鷹,,,アスルクラロ沼津,2021,numa
18,20,0926,宮崎,,A,ユニスタ,,,アスルクラロ沼津,2021,numa
19,21,1003,八戸,,H,愛鷹,,,アスルクラロ沼津,2021,numa
20,22,1010,藤枝,,A,藤枝サ,,,アスルクラロ沼津,2021,numa
21,24,1023,鹿児島,,A,白波スタ,,,アスルクラロ沼津,2021,numa
22,25,1031,岐阜,,H,愛鷹,,,アスルクラロ沼津,2021,numa
23,26,1107,YS横浜,,A,ニッパツ,,,アスルクラロ沼津,2021,numa
24,27,1114,鳥取,,H,愛鷹,,,アスルクラロ沼津,2021,numa
25,28,1121,長野,,A,長野Ｕ,,,アスルクラロ沼津,2021,numa
26,30,1205,岩手,,H,愛鷹,,,アスルクラロ沼津,2021,numa
0,1,0314,八戸,0-0,H,長良川,晴,安間　貴義,ＦＣ岐阜,2021,gifu
1,2,0321,藤枝,3-1,A,藤枝サ,雨,安間　貴義,ＦＣ岐阜,2021,gifu
2,3,0328,讃岐,4-0,H,長良川,雨,安間　貴義,ＦＣ岐阜,2021,gifu
3,4,0421,鳥取,1-0,A,Ａｘｉｓ,晴,安間　貴義,ＦＣ岐阜,2021,gifu
4,6,0425,富山,0-1,A,富山,晴,安間　貴義,ＦＣ岐阜,2021,gifu
5,7,0502,熊本,,H,長良川,,,ＦＣ岐阜,2021,gifu
6,5,0505,沼津,,H,長良川,,,ＦＣ岐阜,2021,gifu
7,8,0516,岩手,,A,いわスタ,,,ＦＣ岐阜,2021,gifu
8,9,0530,YS横浜,,H,長良川,,,ＦＣ岐阜,2021,gifu
9,10,0606,福島,,A,とうスタ,,,ＦＣ岐阜,2021,gifu
10,11,0612,宮崎,,H,長良川,,,ＦＣ岐阜,2021,gifu
11,12,0620,今治,,A,夢スタ,,,ＦＣ岐阜,2021,gifu
12,13,0627,鹿児島,,H,長良川,,,ＦＣ岐阜,2021,gifu
13,14,0704,長野,,A,長野Ｕ,,,ＦＣ岐阜,2021,gifu
14,16,0828,福島,,H,長良川,,,ＦＣ岐阜,2021,gifu
15,17,0904,YS横浜,,A,ニッパツ,,,ＦＣ岐阜,2021,gifu
16,18,0911,鳥取,,H,長良川,,,ＦＣ岐阜,2021,gifu
17,20,0925,鹿児島,,A,白波スタ,,,ＦＣ岐阜,2021,gifu
18,21,1002,今治,,H,長良川,,,ＦＣ岐阜,2021,gifu
19,22,1010,讃岐,,A,ピカスタ,,,ＦＣ岐阜,2021,gifu
20,23,1017,岩手,,H,長良川,,,ＦＣ岐阜,2021,gifu
21,24,1024,長野,,H,長良川,,,ＦＣ岐阜,2021,gifu
22,25,1031,沼津,,A,愛鷹,,,ＦＣ岐阜,2021,gifu
23,26,1107,富山,,H,長良川,,,ＦＣ岐阜,2021,gifu
24,27,1114,宮崎,,A,ユニスタ,,,ＦＣ岐阜,2021,gifu
25,28,1121,八戸,,A,プラスタ,,,ＦＣ岐阜,2021,gifu
26,29,1128,藤枝,,H,長良川,,,ＦＣ岐阜,2021,gifu
27,30,1205,熊本,,A,えがおＳ,,,ＦＣ岐阜,2021,gifu
0,1,0314,鹿児島,3-2,A,白波スタ,晴,高木　理己,ガイナーレ鳥取,2021,totr
1,2,0321,岩手,1-1,H,Ａｘｉｓ,雨,高木　理己,ガイナーレ鳥取,2021,totr
2,3,0328,今治,0-2,A,夢スタ,雨,高木　理己,ガイナーレ鳥取,2021,totr
3,5,0411,宮崎,1-2,A,ユニスタ,晴,高木　理己,ガイナーレ鳥取,2021,totr
4,4,0421,岐阜,0-1,H,Ａｘｉｓ,晴,高木　理己,ガイナーレ鳥取,2021,totr
5,6,0425,讃岐,1-0,H,Ａｘｉｓ,曇,高木　理己,ガイナーレ鳥取,2021,totr
6,7,0502,八戸,,A,プラスタ,,,ガイナーレ鳥取,2021,totr
7,9,0530,富山,,H,Ａｘｉｓ,,,ガイナーレ鳥取,2021,totr
8,10,0605,YS横浜,,A,ニッパツ,,,ガイナーレ鳥取,2021,totr
9,11,0613,長野,,H,チュスタ,,,ガイナーレ鳥取,2021,totr
10,12,0620,熊本,,A,えがおＳ,,,ガイナーレ鳥取,2021,totr
11,13,0626,福島,,H,Ａｘｉｓ,,,ガイナーレ鳥取,2021,totr
12,14,0703,沼津,,H,Ａｘｉｓ,,,ガイナーレ鳥取,2021,totr
13,15,0710,藤枝,,A,藤枝サ,,,ガイナーレ鳥取,2021,totr
14,16,0828,熊本,,H,Ａｘｉｓ,,,ガイナーレ鳥取,2021,totr
15,17,0905,福島,,A,とうスタ,,,ガイナーレ鳥取,2021,totr
16,18,0911,岐阜,,A,長良川,,,ガイナーレ鳥取,2021,totr
17,19,0918,鹿児島,,H,Ａｘｉｓ,,,ガイナーレ鳥取,2021,totr
18,20,0926,富山,,A,富山,,,ガイナーレ鳥取,2021,totr
19,21,1003,宮崎,,H,チュスタ,,,ガイナーレ鳥取,2021,totr
20,22,1009,岩手,,A,いわスタ,,,ガイナーレ鳥取,2021,totr
21,23,1017,YS横浜,,H,Ａｘｉｓ,,,ガイナーレ鳥取,2021,totr
22,25,1031,長野,,A,長野Ｕ,,,ガイナーレ鳥取,2021,totr
23,26,1107,藤枝,,H,Ａｘｉｓ,,,ガイナーレ鳥取,2021,totr
24,27,1114,沼津,,A,愛鷹,,,ガイナーレ鳥取,2021,totr
25,28,1121,今治,,H,Ａｘｉｓ,,,ガイナーレ鳥取,2021,totr
26,30,1205,八戸,,H,Ａｘｉｓ,,,ガイナーレ鳥取,2021,totr
0,1,0314,長野,0-2,H,ピカスタ,晴,上野山　信行,カマタマーレ讃岐,2021,sanu
1,3,0328,岐阜,0-4,A,長良川,雨,上野山　信行,カマタマーレ讃岐,2021,sanu
2,4,0404,藤枝,0-1,H,ピカスタ,雨,西村　俊寛,カマタマーレ讃岐,2021,sanu
3,5,0411,富山,2-3,H,ピカスタ,晴,西村　俊寛,カマタマーレ讃岐,2021,sanu
4,6,0425,鳥取,0-1,A,Ａｘｉｓ,曇,ゼムノビッチ　ズドラブコ,カマタマーレ讃岐,2021,sanu
5,7,0501,沼津,,H,ピカスタ,,,カマタマーレ讃岐,2021,sanu
6,8,0516,今治,,A,夢スタ,,,カマタマーレ讃岐,2021,sanu
7,9,0530,岩手,,H,ピカスタ,,,カマタマーレ讃岐,2021,sanu
8,10,0606,鹿児島,,A,白波スタ,,,カマタマーレ讃岐,2021,sanu
9,11,0613,福島,,H,ピカスタ,,,カマタマーレ讃岐,2021,sanu
10,12,0620,宮崎,,A,ユニスタ,,,カマタマーレ讃岐,2021,sanu
11,13,0626,熊本,,H,ピカスタ,,,カマタマーレ讃岐,2021,sanu
12,14,0704,YS横浜,,A,ニッパツ,,,カマタマーレ讃岐,2021,sanu
13,15,0710,八戸,,A,プラスタ,,,カマタマーレ讃岐,2021,sanu
14,16,0828,鹿児島,,H,ピカスタ,,,カマタマーレ讃岐,2021,sanu
15,17,0904,藤枝,,A,藤枝サ,,,カマタマーレ讃岐,2021,sanu
16,18,0912,八戸,,H,ピカスタ,,,カマタマーレ讃岐,2021,sanu
17,19,0919,沼津,,A,愛鷹,,,カマタマーレ讃岐,2021,sanu
18,20,0926,YS横浜,,H,ピカスタ,,,カマタマーレ讃岐,2021,sanu
19,21,1003,長野,,A,長野Ｕ,,,カマタマーレ讃岐,2021,sanu
20,22,1010,岐阜,,H,ピカスタ,,,カマタマーレ讃岐,2021,sanu
21,23,1017,富山,,A,富山,,,カマタマーレ讃岐,2021,sanu
22,24,1024,熊本,,A,えがおＳ,,,カマタマーレ讃岐,2021,sanu
23,25,1031,今治,,H,ピカスタ,,,カマタマーレ讃岐,2021,sanu
24,28,1121,岩手,,A,北上,,,カマタマーレ讃岐,2021,sanu
25,30,1205,福島,,A,とうスタ,,,カマタマーレ讃岐,2021,sanu
0,1,0314,熊本,0-1,H,夢スタ,晴,リュイス　プラナグマ,ＦＣ今治,2021,imab
1,2,0320,沼津,0-1,A,愛鷹,曇,リュイス　プラナグマ,ＦＣ今治,2021,imab
2,3,0328,鳥取,2-0,H,夢スタ,雨,リュイス　プラナグマ,ＦＣ今治,2021,imab
3,4,0403,岩手,2-3,A,いわスタ,曇,リュイス　プラナグマ,ＦＣ今治,2021,imab
4,6,0425,YS横浜,1-1,H,夢スタ,晴,リュイス　プラナグマ,ＦＣ今治,2021,imab
5,7,0502,宮崎,,A,ユニスタ,,,ＦＣ今治,2021,imab
6,8,0516,讃岐,,H,夢スタ,,,ＦＣ今治,2021,imab
7,9,0530,八戸,,A,プラスタ,,,ＦＣ今治,2021,imab
8,10,0605,長野,,H,夢スタ,,,ＦＣ今治,2021,imab
9,11,0613,藤枝,,A,藤枝サ,,,ＦＣ今治,2021,imab
10,12,0620,岐阜,,H,夢スタ,,,ＦＣ今治,2021,imab
11,13,0626,富山,,A,富山,,,ＦＣ今治,2021,imab
12,14,0703,鹿児島,,H,夢スタ,,,ＦＣ今治,2021,imab
13,15,0711,福島,,A,あいづ,,,ＦＣ今治,2021,imab
14,16,0829,沼津,,H,夢スタ,,,ＦＣ今治,2021,imab
15,17,0905,熊本,,A,えがおＳ,,,ＦＣ今治,2021,imab
16,18,0912,藤枝,,H,夢スタ,,,ＦＣ今治,2021,imab
17,19,0918,YS横浜,,A,ニッパツ,,,ＦＣ今治,2021,imab
18,20,0926,岩手,,H,夢スタ,,,ＦＣ今治,2021,imab
19,21,1002,岐阜,,A,長良川,,,ＦＣ今治,2021,imab
20,22,1010,宮崎,,H,夢スタ,,,ＦＣ今治,2021,imab
21,25,1031,讃岐,,A,ピカスタ,,,ＦＣ今治,2021,imab
22,26,1107,福島,,H,夢スタ,,,ＦＣ今治,2021,imab
23,27,1114,鹿児島,,A,白波スタ,,,ＦＣ今治,2021,imab
24,28,1121,鳥取,,A,Ａｘｉｓ,,,ＦＣ今治,2021,imab
25,29,1128,八戸,,H,夢スタ,,,ＦＣ今治,2021,imab
26,30,1205,長野,,A,長野Ｕ,,,ＦＣ今治,2021,imab
0,1,0314,今治,1-0,A,夢スタ,晴,大木　武,ロアッソ熊本,2021,kuma
1,2,0320,鹿児島,2-2,H,えがおＳ,曇のち雨,大木　武,ロアッソ熊本,2021,kuma
2,3,0328,YS横浜,0-0,A,ニッパツ,曇,大木　武,ロアッソ熊本,2021,kuma
3,4,0404,宮崎,1-2,H,えがおＳ,曇一時雨,大木　武,ロアッソ熊本,2021,kuma
4,5,0411,福島,2-1,A,とうスタ,晴,大木　武,ロアッソ熊本,2021,kuma
5,6,0425,八戸,2-2,H,えがおＳ,晴,大木　武,ロアッソ熊本,2021,kuma
6,7,0502,岐阜,,A,長良川,,,ロアッソ熊本,2021,kuma
7,8,0516,長野,,H,えがおＳ,,,ロアッソ熊本,2021,kuma
8,9,0529,藤枝,,A,藤枝サ,,,ロアッソ熊本,2021,kuma
9,10,0606,沼津,,H,えがおＳ,,,ロアッソ熊本,2021,kuma
10,11,0613,富山,,A,富山,,,ロアッソ熊本,2021,kuma
11,12,0620,鳥取,,H,えがおＳ,,,ロアッソ熊本,2021,kuma
12,13,0626,讃岐,,A,ピカスタ,,,ロアッソ熊本,2021,kuma
13,15,0711,岩手,,H,えがおＳ,,,ロアッソ熊本,2021,kuma
14,16,0828,鳥取,,A,Ａｘｉｓ,,,ロアッソ熊本,2021,kuma
15,17,0905,今治,,H,えがおＳ,,,ロアッソ熊本,2021,kuma
16,19,0919,長野,,A,長野Ｕ,,,ロアッソ熊本,2021,kuma
17,20,0926,福島,,H,えがおＳ,,,ロアッソ熊本,2021,kuma
18,21,1003,藤枝,,H,えがおＳ,,,ロアッソ熊本,2021,kuma
19,22,1010,八戸,,A,プラスタ,,,ロアッソ熊本,2021,kuma
20,24,1024,讃岐,,H,えがおＳ,,,ロアッソ熊本,2021,kuma
21,25,1031,鹿児島,,A,白波スタ,,,ロアッソ熊本,2021,kuma
22,26,1107,岩手,,A,北上,,,ロアッソ熊本,2021,kuma
23,27,1114,富山,,H,えがおＳ,,,ロアッソ熊本,2021,kuma
24,28,1121,YS横浜,,H,えがおＳ,,,ロアッソ熊本,2021,kuma
25,29,1128,宮崎,,A,ユニスタ,,,ロアッソ熊本,2021,kuma
26,30,1205,岐阜,,H,えがおＳ,,,ロアッソ熊本,2021,kuma
0,1,0314,岩手,0-1,H,ユニスタ,晴,内藤　就行,テゲバジャーロ宮崎,2021,myzk
1,2,0321,長野,1-1,A,長野Ｕ,雨,内藤　就行,テゲバジャーロ宮崎,2021,myzk
2,3,0328,富山,2-1,H,ユニスタ,曇,内藤　就行,テゲバジャーロ宮崎,2021,myzk
3,4,0404,熊本,2-1,A,えがおＳ,曇一時雨,内藤　就行,テゲバジャーロ宮崎,2021,myzk
4,5,0411,鳥取,2-1,H,ユニスタ,晴,内藤　就行,テゲバジャーロ宮崎,2021,myzk
5,6,0425,鹿児島,0-1,A,白波スタ,晴,内藤　就行,テゲバジャーロ宮崎,2021,myzk
6,7,0502,今治,,H,ユニスタ,,,テゲバジャーロ宮崎,2021,myzk
7,8,0516,YS横浜,,A,ニッパツ,,,テゲバジャーロ宮崎,2021,myzk
8,10,0606,八戸,,H,ユニスタ,,,テゲバジャーロ宮崎,2021,myzk
9,11,0612,岐阜,,A,長良川,,,テゲバジャーロ宮崎,2021,myzk
10,12,0620,讃岐,,H,ユニスタ,,,テゲバジャーロ宮崎,2021,myzk
11,13,0626,藤枝,,A,藤枝サ,,,テゲバジャーロ宮崎,2021,myzk
12,14,0704,福島,,H,ユニスタ,,,テゲバジャーロ宮崎,2021,myzk
13,15,0711,沼津,,A,愛鷹,,,テゲバジャーロ宮崎,2021,myzk
14,16,0829,長野,,H,ユニスタ,,,テゲバジャーロ宮崎,2021,myzk
15,17,0904,八戸,,A,プラスタ,,,テゲバジャーロ宮崎,2021,myzk
16,18,0912,YS横浜,,H,ユニスタ,,,テゲバジャーロ宮崎,2021,myzk
17,19,0919,岩手,,A,いわスタ,,,テゲバジャーロ宮崎,2021,myzk
18,20,0926,沼津,,H,ユニスタ,,,テゲバジャーロ宮崎,2021,myzk
19,21,1003,鳥取,,A,チュスタ,,,テゲバジャーロ宮崎,2021,myzk
20,22,1010,今治,,A,夢スタ,,,テゲバジャーロ宮崎,2021,myzk
21,23,1017,鹿児島,,H,ユニスタ,,,テゲバジャーロ宮崎,2021,myzk
22,24,1024,福島,,A,とうスタ,,,テゲバジャーロ宮崎,2021,myzk
23,25,1031,藤枝,,H,ユニスタ,,,テゲバジャーロ宮崎,2021,myzk
24,27,1114,岐阜,,H,ユニスタ,,,テゲバジャーロ宮崎,2021,myzk
25,28,1121,富山,,A,富山,,,テゲバジャーロ宮崎,2021,myzk
26,29,1128,熊本,,H,ユニスタ,,,テゲバジャーロ宮崎,2021,myzk
0,1,0314,鳥取,2-3,H,白波スタ,晴,アーサー　パパス,鹿児島ユナイテッドＦＣ,2021,kufc
1,2,0320,熊本,2-2,A,えがおＳ,曇のち雨,アーサー　パパス,鹿児島ユナイテッドＦＣ,2021,kufc
2,3,0328,福島,2-0,H,白波スタ,曇のち雨のち曇,アーサー　パパス,鹿児島ユナイテッドＦＣ,2021,kufc
3,5,0411,YS横浜,0-0,A,ニッパツ,晴,アーサー　パパス,鹿児島ユナイテッドＦＣ,2021,kufc
4,6,0425,宮崎,1-0,H,白波スタ,晴,アーサー　パパス,鹿児島ユナイテッドＦＣ,2021,kufc
5,7,0502,岩手,,A,いわスタ,,,鹿児島ユナイテッドＦＣ,2021,kufc
6,8,0515,藤枝,,H,白波スタ,,,鹿児島ユナイテッドＦＣ,2021,kufc
7,9,0530,長野,,A,長野Ｕ,,,鹿児島ユナイテッドＦＣ,2021,kufc
8,10,0606,讃岐,,H,白波スタ,,,鹿児島ユナイテッドＦＣ,2021,kufc
9,11,0613,沼津,,A,愛鷹,,,鹿児島ユナイテッドＦＣ,2021,kufc
10,12,0619,八戸,,H,白波スタ,,,鹿児島ユナイテッドＦＣ,2021,kufc
11,13,0627,岐阜,,A,長良川,,,鹿児島ユナイテッドＦＣ,2021,kufc
12,14,0703,今治,,A,夢スタ,,,鹿児島ユナイテッドＦＣ,2021,kufc
13,15,0710,富山,,H,白波スタ,,,鹿児島ユナイテッドＦＣ,2021,kufc
14,16,0828,讃岐,,A,ピカスタ,,,鹿児島ユナイテッドＦＣ,2021,kufc
15,18,0911,岩手,,H,白波スタ,,,鹿児島ユナイテッドＦＣ,2021,kufc
16,19,0918,鳥取,,A,Ａｘｉｓ,,,鹿児島ユナイテッドＦＣ,2021,kufc
17,20,0925,岐阜,,H,白波スタ,,,鹿児島ユナイテッドＦＣ,2021,kufc
18,21,1002,YS横浜,,H,白波スタ,,,鹿児島ユナイテッドＦＣ,2021,kufc
19,22,1010,福島,,A,とうスタ,,,鹿児島ユナイテッドＦＣ,2021,kufc
20,23,1017,宮崎,,A,ユニスタ,,,鹿児島ユナイテッドＦＣ,2021,kufc
21,24,1023,沼津,,H,白波スタ,,,鹿児島ユナイテッドＦＣ,2021,kufc
22,25,1031,熊本,,H,白波スタ,,,鹿児島ユナイテッドＦＣ,2021,kufc
23,26,1107,八戸,,A,プラスタ,,,鹿児島ユナイテッドＦＣ,2021,kufc
24,27,1114,今治,,H,白波スタ,,,鹿児島ユナイテッドＦＣ,2021,kufc
25,28,1120,藤枝,,A,藤枝サ,,,鹿児島ユナイテッドＦＣ,2021,kufc
26,29,1128,長野,,H,白波スタ,,,鹿児島ユナイテッドＦＣ,2021,kufc
27,30,1205,富山,,A,富山,,,鹿児島ユナイテッドＦＣ,2021,kufc
0,1,0628,讃岐,3-2,A,ピカスタ,晴,森下　仁志,ガンバ大阪U-23,2021,g-23
1,2,0705,Ｃ大23,0-0,H,パナスタ,晴のち曇,森下　仁志,ガンバ大阪U-23,2021,g-23
2,3,0712,鳥取,1-3,H,パナスタ,曇,森下　仁志,ガンバ大阪U-23,2021,g-23
3,4,0715,熊本,0-1,A,えがおＳ,曇,森下　仁志,ガンバ大阪U-23,2021,g-23
4,5,0719,鹿児島,2-4,H,パナスタ,曇,森下　仁志,ガンバ大阪U-23,2021,g-23
5,6,0726,岐阜,0-3,A,長良川,雨,森下　仁志,ガンバ大阪U-23,2021,g-23
6,7,0729,今治,0-2,H,パナスタ,曇,森下　仁志,ガンバ大阪U-23,2021,g-23
7,8,0802,長野,0-1,A,長野Ｕ,曇,森下　仁志,ガンバ大阪U-23,2021,g-23
8,9,0809,沼津,2-1,H,パナスタ,晴,森下　仁志,ガンバ大阪U-23,2021,g-23
9,10,0816,YS横浜,5-5,A,ニッパツ,晴,森下　仁志,ガンバ大阪U-23,2021,g-23
10,11,0822,秋田,1-1,A,ソユスタ,晴,森下　仁志,ガンバ大阪U-23,2021,g-23
11,12,0830,相模原,3-0,H,パナスタ,雨のち曇,森下　仁志,ガンバ大阪U-23,2021,g-23
12,13,0902,福島,4-2,A,とうスタ,雨のち曇,森下　仁志,ガンバ大阪U-23,2021,g-23
13,14,0905,藤枝,1-3,H,パナスタ,曇,森下　仁志,ガンバ大阪U-23,2021,g-23
14,15,0912,富山,0-1,A,富山,晴,森下　仁志,ガンバ大阪U-23,2021,g-23
15,16,0919,八戸,2-3,H,パナスタ,晴,森下　仁志,ガンバ大阪U-23,2021,g-23
16,17,0922,岩手,0-1,A,いわスタ,晴,森下　仁志,ガンバ大阪U-23,2021,g-23
17,18,0927,熊本,2-0,H,パナスタ,曇のち晴,森下　仁志,ガンバ大阪U-23,2021,g-23
18,19,1004,YS横浜,2-0,H,パナスタ,曇一時晴,森下　仁志,ガンバ大阪U-23,2021,g-23
19,20,1007,相模原,0-1,A,ギオンス,雨,森下　仁志,ガンバ大阪U-23,2021,g-23
20,21,1011,富山,3-2,H,パナスタ,曇一時晴,森下　仁志,ガンバ大阪U-23,2021,g-23
21,22,1018,鳥取,1-1,A,チュスタ,晴,森下　仁志,ガンバ大阪U-23,2021,g-23
22,23,1025,Ｃ大23,1-1,A,ヤンマー,晴,森下　仁志,ガンバ大阪U-23,2021,g-23
23,24,1028,福島,0-0,H,パナスタ,曇,森下　仁志,ガンバ大阪U-23,2021,g-23
24,25,1103,今治,0-2,A,夢スタ,晴,森下　仁志,ガンバ大阪U-23,2021,g-23
25,26,1108,讃岐,1-1,H,パナスタ,曇,森下　仁志,ガンバ大阪U-23,2021,g-23
26,27,1115,八戸,1-1,A,プラスタ,晴,森下　仁志,ガンバ大阪U-23,2021,g-23
27,28,1118,秋田,0-2,H,パナスタ,晴,森下　仁志,ガンバ大阪U-23,2021,g-23
28,29,1122,岩手,0-1,H,パナスタ,曇,森下　仁志,ガンバ大阪U-23,2021,g-23
29,30,1128,藤枝,0-1,A,藤枝サ,晴,森下　仁志,ガンバ大阪U-23,2021,g-23
30,31,1206,沼津,2-1,A,愛鷹,晴,森下　仁志,ガンバ大阪U-23,2021,g-23
31,32,1209,長野,0-1,H,パナスタ,曇,森下　仁志,ガンバ大阪U-23,2021,g-23
32,33,1213,鹿児島,4-6,A,白波スタ,晴,森下　仁志,ガンバ大阪U-23,2021,g-23
33,34,1220,岐阜,2-1,H,パナスタ,曇,森下　仁志,ガンバ大阪U-23,2021,g-23
0,1,0310,北九州,0-2,A,ミクスタ,雨,長澤　徹,ＦＣ東京U-23,2021,fct
1,2,0316,岩手,0-1,H,味フィ西,曇,長澤　徹,ＦＣ東京U-23,2021,fct
2,3,0323,藤枝,0-1,H,味フィ西,曇,長澤　徹,ＦＣ東京U-23,2021,fct
3,4,0331,福島,1-2,A,とうスタ,曇のち晴,長澤　徹,ＦＣ東京U-23,2021,fct
4,5,0407,Ｇ大23,1-2,A,パナスタ,晴,長澤　徹,ＦＣ東京U-23,2021,fct
5,6,0413,八戸,1-0,H,味フィ西,晴,長澤　徹,ＦＣ東京U-23,2021,fct
6,7,0428,YS横浜,2-3,A,ニッパツ,晴,長澤　徹,ＦＣ東京U-23,2021,fct
7,8,0505,Ｃ大23,2-0,H,味フィ西,晴,長澤　徹,ＦＣ東京U-23,2021,fct
8,9,0519,秋田,0-0,A,ソユスタ,晴,長澤　徹,ＦＣ東京U-23,2021,fct
9,10,0601,群馬,1-4,A,正田スタ,晴,長澤　徹,ＦＣ東京U-23,2021,fct
10,11,0608,長野,1-1,H,味フィ西,晴一時曇,長澤　徹,ＦＣ東京U-23,2021,fct
11,12,0615,熊本,2-1,A,えがおＳ,晴,長澤　徹,ＦＣ東京U-23,2021,fct
12,13,0623,沼津,1-0,H,味フィ西,曇,長澤　徹,ＦＣ東京U-23,2021,fct
13,14,0629,鳥取,2-3,A,とりスタ,雨,長澤　徹,ＦＣ東京U-23,2021,fct
14,15,0706,富山,1-1,H,味フィ西,曇,長澤　徹,ＦＣ東京U-23,2021,fct
15,16,0713,相模原,3-3,A,ギオンス,雨,長澤　徹,ＦＣ東京U-23,2021,fct
16,17,0720,讃岐,1-1,H,味フィ西,曇,長澤　徹,ＦＣ東京U-23,2021,fct
17,18,0727,藤枝,0-3,A,藤枝サ,曇,長澤　徹,ＦＣ東京U-23,2021,fct
18,19,0804,鳥取,2-2,H,味フィ西,晴,長澤　徹,ＦＣ東京U-23,2021,fct
19,20,0811,長野,0-1,A,長野Ｕ,晴,長澤　徹,ＦＣ東京U-23,2021,fct
20,21,0831,岩手,1-1,A,いわスタ,晴,長澤　徹,ＦＣ東京U-23,2021,fct
21,22,0907,北九州,0-2,H,味フィ西,曇,長澤　徹,ＦＣ東京U-23,2021,fct
22,23,0914,群馬,2-4,H,味フィ西,晴,長澤　徹,ＦＣ東京U-23,2021,fct
23,24,0929,八戸,0-1,A,ダイスタ,晴,長澤　徹,ＦＣ東京U-23,2021,fct
24,25,1006,熊本,2-0,H,生目の杜,晴,長澤　徹,ＦＣ東京U-23,2021,fct
25,26,1013,沼津,2-2,A,愛鷹,晴,長澤　徹,ＦＣ東京U-23,2021,fct
26,27,1020,相模原,1-1,H,Ｊスタ,晴,長澤　徹,ＦＣ東京U-23,2021,fct
27,28,1027,福島,2-1,H,Ｊスタ,曇一時晴,長澤　徹,ＦＣ東京U-23,2021,fct
28,29,1103,讃岐,3-1,A,ピカスタ,曇,長澤　徹,ＦＣ東京U-23,2021,fct
29,30,1109,秋田,2-3,H,夢の島,晴,長澤　徹,ＦＣ東京U-23,2021,fct
30,31,1117,YS横浜,2-0,H,味フィ西,晴,長澤　徹,ＦＣ東京U-23,2021,fct
31,32,1124,Ｃ大23,0-2,A,ヤンマー,曇,長澤　徹,ＦＣ東京U-23,2021,fct
32,33,1130,富山,0-2,A,長野Ｕ,晴,長澤　徹,ＦＣ東京U-23,2021,fct
33,34,1208,Ｇ大23,5-1,H,駒沢,晴,長澤　徹,ＦＣ東京U-23,2021,fct
0,1,0627,鳥取,0-1,H,ヤンマー,曇時々晴,村田　一弘,セレッソ大阪U-23,2021,c-23
1,2,0705,Ｇ大23,0-0,A,パナスタ,晴のち曇,村田　一弘,セレッソ大阪U-23,2021,c-23
2,3,0711,熊本,3-5,A,えがおＳ,雨,村田　一弘,セレッソ大阪U-23,2021,c-23
3,4,0715,岐阜,2-0,H,ヤンマー,曇一時雨,村田　一弘,セレッソ大阪U-23,2021,c-23
4,5,0719,今治,0-1,A,夢スタ,晴時々曇,村田　一弘,セレッソ大阪U-23,2021,c-23
5,6,0725,鹿児島,0-5,H,ヤンマー,曇,村田　一弘,セレッソ大阪U-23,2021,c-23
6,7,0729,讃岐,1-1,H,ヤンマー,曇時々雨,丸山　良明,セレッソ大阪U-23,2021,c-23
7,8,0802,岩手,1-3,A,北上,晴,丸山　良明,セレッソ大阪U-23,2021,c-23
8,9,0808,YS横浜,0-0,H,ヤンマー,曇,丸山　良明,セレッソ大阪U-23,2021,c-23
9,10,0815,藤枝,2-3,A,藤枝サ,晴,丸山　良明,セレッソ大阪U-23,2021,c-23
10,11,0822,相模原,1-2,H,ヤンマー,雨のち曇,丸山　良明,セレッソ大阪U-23,2021,c-23
11,12,0829,福島,1-2,H,ヤンマー,晴,丸山　良明,セレッソ大阪U-23,2021,c-23
12,13,0902,八戸,0-2,A,プラスタ,晴,丸山　良明,セレッソ大阪U-23,2021,c-23
13,14,0906,秋田,0-0,A,ソユスタ,晴,丸山　良明,セレッソ大阪U-23,2021,c-23
14,15,0913,長野,0-2,A,長野Ｕ,曇,丸山　良明,セレッソ大阪U-23,2021,c-23
15,16,0918,富山,2-1,H,ヤンマー,曇時々雨,丸山　良明,セレッソ大阪U-23,2021,c-23
16,17,0922,沼津,0-5,A,愛鷹,曇,丸山　良明,セレッソ大阪U-23,2021,c-23
17,18,0927,YS横浜,6-1,A,ニッパツ,曇のち晴,丸山　良明,セレッソ大阪U-23,2021,c-23
18,19,1002,今治,0-0,H,ヤンマー,晴,丸山　良明,セレッソ大阪U-23,2021,c-23
19,20,1007,福島,0-3,A,とうスタ,晴,丸山　良明,セレッソ大阪U-23,2021,c-23
20,21,1011,秋田,2-3,H,ヤンマー,曇時々晴,丸山　良明,セレッソ大阪U-23,2021,c-23
21,22,1018,鹿児島,0-0,A,白波スタ,曇,丸山　良明,セレッソ大阪U-23,2021,c-23
22,23,1025,Ｇ大23,1-1,H,ヤンマー,晴,丸山　良明,セレッソ大阪U-23,2021,c-23
23,24,1031,鳥取,1-0,A,Ａｘｉｓ,晴,丸山　良明,セレッソ大阪U-23,2021,c-23
24,25,1104,長野,1-3,H,ヤンマー,晴,丸山　良明,セレッソ大阪U-23,2021,c-23
25,26,1108,沼津,0-2,H,ヤンマー,晴のち曇,丸山　良明,セレッソ大阪U-23,2021,c-23
26,27,1113,相模原,0-0,A,ギオンス,晴,丸山　良明,セレッソ大阪U-23,2021,c-23
27,28,1118,岐阜,0-3,A,長良川,曇,丸山　良明,セレッソ大阪U-23,2021,c-23
28,29,1122,熊本,1-1,H,ヤンマー,晴のち曇,丸山　良明,セレッソ大阪U-23,2021,c-23
29,30,1129,富山,1-2,A,富山,晴,丸山　良明,セレッソ大阪U-23,2021,c-23
30,31,1205,藤枝,1-0,H,ヤンマー,晴,丸山　良明,セレッソ大阪U-23,2021,c-23
31,32,1209,讃岐,0-0,A,ピカスタ,晴,丸山　良明,セレッソ大阪U-23,2021,c-23
32,33,1213,岩手,0-5,H,ヤンマー,曇,丸山　良明,セレッソ大阪U-23,2021,c-23
33,34,1220,八戸,1-4,H,ヤンマー,晴,丸山　良明,セレッソ大阪U-23,2021,c-23
0,1,0315,相模原,0-3,A,ギオンス,晴,,Ｊリーグ・アンダー２２選抜,2021,j-22
1,2,0321,山口,0-8,A,維新公園,晴,,Ｊリーグ・アンダー２２選抜,2021,j-22
2,3,0329,琉球,1-2,A,沖縄県陸,晴,,Ｊリーグ・アンダー２２選抜,2021,j-22
3,4,0405,鳥取,0-2,A,とりスタ,雨,,Ｊリーグ・アンダー２２選抜,2021,j-22
4,5,0412,盛岡,2-1,A,盛岡南,晴,,Ｊリーグ・アンダー２２選抜,2021,j-22
5,6,0419,藤枝,1-1,A,藤枝サ,曇,,Ｊリーグ・アンダー２２選抜,2021,j-22
6,7,0426,町田,0-6,A,町田,晴,,Ｊリーグ・アンダー２２選抜,2021,j-22
7,8,0429,YS横浜,0-0,A,ニッパツ,曇のち晴,,Ｊリーグ・アンダー２２選抜,2021,j-22
8,10,0506,長野,0-2,A,南長野,曇,,Ｊリーグ・アンダー２２選抜,2021,j-22
9,11,0510,富山,1-2,A,富山,晴,,Ｊリーグ・アンダー２２選抜,2021,j-22
10,12,0517,福島,4-1,A,とうスタ,晴,,Ｊリーグ・アンダー２２選抜,2021,j-22
11,13,0524,秋田,0-1,A,Ａ‐スタ,晴,,Ｊリーグ・アンダー２２選抜,2021,j-22
12,14,0531,山口,0-3,A,下関,曇のち晴,,Ｊリーグ・アンダー２２選抜,2021,j-22
13,15,0607,鳥取,1-1,A,とりスタ,曇,,Ｊリーグ・アンダー２２選抜,2021,j-22
14,16,0614,琉球,1-2,A,沖縄県陸,晴,,Ｊリーグ・アンダー２２選抜,2021,j-22
15,17,0621,富山,0-0,A,富山,雨のち曇,,Ｊリーグ・アンダー２２選抜,2021,j-22
16,18,0628,福島,1-1,A,とうスタ,雨,,Ｊリーグ・アンダー２２選抜,2021,j-22
17,19,0705,盛岡,0-5,A,盛岡南,晴,,Ｊリーグ・アンダー２２選抜,2021,j-22
18,20,0712,相模原,2-1,A,ギオンス,晴,,Ｊリーグ・アンダー２２選抜,2021,j-22
19,21,0719,町田,1-3,A,町田,曇,,Ｊリーグ・アンダー２２選抜,2021,j-22
20,22,0726,藤枝,0-2,A,藤枝サ,晴,,Ｊリーグ・アンダー２２選抜,2021,j-22
21,24,0802,秋田,0-0,A,Ａ‐スタ,曇,,Ｊリーグ・アンダー２２選抜,2021,j-22
22,25,0809,YS横浜,3-0,A,ニッパツ,晴,,Ｊリーグ・アンダー２２選抜,2021,j-22
23,26,0816,長野,1-0,A,南長野,晴,,Ｊリーグ・アンダー２２選抜,2021,j-22
24,27,0906,琉球,0-6,A,沖縄県陸,雨,,Ｊリーグ・アンダー２２選抜,2021,j-22
25,28,0913,YS横浜,0-4,A,ニッパツ,晴,,Ｊリーグ・アンダー２２選抜,2021,j-22
26,29,0920,相模原,2-3,A,ギオンス,晴,,Ｊリーグ・アンダー２２選抜,2021,j-22
27,30,0923,町田,0-1,A,町田,曇,,Ｊリーグ・アンダー２２選抜,2021,j-22
28,31,0927,秋田,0-1,A,Ａ‐スタ,曇,,Ｊリーグ・アンダー２２選抜,2021,j-22
29,32,1004,盛岡,0-1,A,盛岡南,晴,,Ｊリーグ・アンダー２２選抜,2021,j-22
30,33,1011,鳥取,1-0,A,とりスタ,曇,,Ｊリーグ・アンダー２２選抜,2021,j-22
31,34,1018,富山,1-2,A,富山,晴,,Ｊリーグ・アンダー２２選抜,2021,j-22
32,35,1025,藤枝,4-1,A,エコパ,晴,,Ｊリーグ・アンダー２２選抜,2021,j-22
33,36,1101,長野,1-2,A,南長野,晴,,Ｊリーグ・アンダー２２選抜,2021,j-22
34,37,1108,福島,0-3,A,とうスタ,雨,,Ｊリーグ・アンダー２２選抜,2021,j-22
35,38,1114,山口,0-0,A,維新公園,雨のち曇,,Ｊリーグ・アンダー２２選抜,2021,j-22
